id;text_pantun;kategori AI;Kategori Pakar
2;Ada anak gadis perawan\nPaling cantik di kampungnya\nHormatilah ibumu kawan\nAda surga di telapak kakinya;Pantun Agama;Pantun Agama
6;Ada arang merah membara\nArang dibuang tengah telaga\nAnugerah Allah tiada terkira\nMemberi kita hidup yang berharga;Pantun Agama;Pantun Agama
34;ada kambing dikejar kalong\nkambing berlari sampai kesasar\njanganlah engkau suka berbohong\nsebab bohong adalah dosa besar;Pantun Agama;Pantun Agama
41;ada masakan dari kentang\nberkumpul orang di tengah taman\nmembaca al quran setiap petang\nbersama keluarga dan temanteman;Pantun Agama;Pantun Agama
49;ada pak guru melihat waktu\nkeluar kelas bersama mamat\njangan lupakan sholat lima waktu\npahala berat di hari kiamat;Pantun Agama;Pantun Agama
84;adi dan rio ikut lomba panahan\nberjuang bersama dan jadi juara\ntaatilah selalu perintah tuhan\nagar hidupmu selamat sentosa;Pantun Agama;Pantun Agama
88;adik kecil belajar membaca\nlilin letakkan di atas meja\nhari sudah hampir senja\nsebentar lagi berbuka puasa;Pantun Agama;Pantun Agama
89;Adik kecil memetik biji\nBiji diolah menjadi kanji\nSejak kecil rajin mengaji\nSaat dewasa imannya teruji;Pantun Agama;Pantun Agama
92;adik kecil sukanya tengkurap\nsebelum bermain minumlah susu\nsebelum makanan habis dilahap\nmari kita sholat maghrib dahulu;Pantun Agama;Pantun Agama
109;air cuka bercampur pasta\nterkena mata jadi terluka\njangan suka berkata dusta\nkalau tak ingin masuk neraka;Pantun Agama;Pantun Agama
126;Air jernih di lubuk sepi\nIkan berkelip bermain cahaya\nJika iman menyuluh hati\nGelap nafsu sirna selamanya;Pantun Agama;Pantun Agama
136;air mata jatuh berderai\nkarena menonton film korea\nsebelum materi aku mulai\nmarilah serentak mengucap doa;Pantun Agama;Pantun Agama
143;air mengalir dari keran\nmengisi kolam tempak ikan\nmari kita menghafal al quran\npahala besar sudah disediakan;Pantun Agama;Pantun Agama
155;air pancuran jatuh berbusa\nbukit indah di atas kepala\norang pacaran mendapat dosa\norang menikah dapat pahala;Pantun Agama;Pantun Agama
165;Air segelas tolong ambilkan\nAir matang untuk sang Uwa\nAjaran puasa ayo kerjakan\nRaih pahala menggapai takwa;Pantun Agama;Pantun Agama
188;Air telaga jernih sekali\nTempat mandi anak desa\nJika hidup ingin berseri\nJauhkan diri dari dosa;Pantun Agama;Pantun Agama
196;akhir pekan pergi berkemah\nmasak nasi masihlah mentah\ndengarlah wahai para muslimah\nbelajarlah taat pada perintah;Pantun Agama;Pantun Agama
197;akhir tahun berganti musim\nangin kencang datang melanda\napa citacita seorang muslim\ntentu ingin memasuki surga;Pantun Agama;Pantun Agama
199;aku cinta kamu setulus hati\nkarena kamu sangat jujur\nuntuk yang menunaikan ibadah haji\nsemoga menjadi haji mabrur;Pantun Agama;Pantun Agama
202;aku mencari sebuah gergaji\nmalah aku temukan peniti\njikalau kita rajin mengaji\nsyurga indah akan menanti;Pantun Agama;Pantun Agama
212;ambil bambu buat sembilu\nterbang debu dari cerutu\nnamamu kusebut selalu\ndalam doa setiap waktu;Pantun Agama;Pantun Agama
222;ambil getah jadikan perekat\nuntuk mengelem layangan\njika kau ingin hidup selamat\ntaat selalu perintah tuhan;Pantun Agama;Pantun Agama
279;Anak ayam turun sepuluh\nMati satu tinggal sembilan\nBangun pagi sembahyang subuh\nAgar dapat ampunan tuhan;Pantun Agama;Pantun Agama
326;anak gembala bermain layang\nanak nelayan mencari ikan\ncinta yang ada takkan hilang\nsampai maut memisahkan;Pantun Agama;Pantun Agama
327;anak gembala bermain layang\nanak nelayan mencari ikan\njika ingin hidup tenang\njauhilah larangan tuhan;Pantun Agama;Pantun Agama
328;anak gembala bermain layangan\nlayangan putus masuk rawa\nkami sekeluarga mengucapkan\nselamat berbuka puasa pertama;Pantun Agama;Pantun Agama
336;Anak gembala meniup serunai\nBunyi merdu mengusir sepi\nJika hidup ingin pandai\nRajin bertanya dan mengaji;Pantun Agama;Pantun Agama
364;anak kecil berlari ke sawah\nuntuk bertemu ibu dan bibi\nbekerja itu yaitu ibadah\nberpahala di sisi ilahi;Pantun Agama;Pantun Agama
367;anak kecil bermain layanglayang\npulang ke rumah kerika sore hari\nkeluarga menjadi tempat berpulang\ndi hari raya yang fitri ini;Pantun Agama;Pantun Agama
372;anak kecil giginya ompong\ngigi ompong tumbuh perlahan\njanganlah engkau hidup sombong\nkarena itu dibenci tuhan;Pantun Agama;Pantun Agama
376;anak kecil mandi di kali\nsembari kembawa kain cucian\nkepada tuhan tempat kembali\njangan lupa mohon ampunan;Pantun Agama;Pantun Agama
388;Anak ketam bermain di bendang\nMenjuru seruling memujuk hati\nAnugerah tuhan sujana terbilang\nMengapa nikmat tidak disyukuri;Pantun Agama;Pantun Agama
402;Anak lebah mencari madu\nTerbang rendah di taman bunga\nJika hidup ingin padu\nSatukan usaha dan doa;Pantun Agama;Pantun Agama
423;anak nelayan menangkap ikan\nikan ditangkap di laut bersih\npulang kampung ketika lebaran\ntak sabar bertemu dengan kekasih;Pantun Agama;Pantun Kasih Sayang
435;Anak pelikan terbang rendah\nMenyusuri laut waktu senja\nJika hidup ingin berkah\nBanyakkan doa dan juga kerja;Pantun Agama;Pantun Agama
438;Anak perahu menarik sauh\nTali diikat sebelum belayar\nJika hidup ingin teguh\nPerbanyak doa dan sabar;Pantun Agama;Pantun Agama
467;anak rusa pergi ke hutan\nhari petang cahaya kelam\niman itu tidak kelihatan\napa tanda iman sudah mendalam;Pantun Agama;Pantun Agama
487;Anak udang di balik batu\nJangan ditangkap dengan jala\nDirikanlah sembahyang lima waktu\nItu dia rukun kedua;Pantun Agama;Pantun Agama
491;aneka rupa warna balon\npohon kelapa batangnya lurus\nsiapa yang menanam pohon\ndapat pahala terus menerus;Pantun Agama;Pantun Agama
496;angin bertiup daun melayang\nkepak sayap burung kutilang\nsholat bagai sebuah tiang\nagar rumah tetap menjulang;Pantun Agama;Pantun Agama
509;Angin malam membuat asma\nBintang-bintang sinarnya sama\nRukun Islam adanya lima\nSembahyang itu tiang agama;Pantun Agama;Pantun Agama
518;Angin selatan bertiup perlahan\nMenyentuh dedaun di tepi titi\nJika iman jadi pertahanan\nGodaan dunia tiada bererti;Pantun Agama;Pantun Agama
532;angsa menyelam amat lama\nburung purba sudah punah\nsholat adalah tiang agama\nditinggalkan jangan pernah;Pantun Agama;Pantun Agama
533;angsa putih pandai berenang\nwalau berenang tiada basah\ningatlah allah di waktu senang\nallah ingat kamu di waktu susah;Pantun Agama;Pantun Agama
536;antara kaya dan miskin\nsemua sama dihadapan ilahi\nmohon maaf lahir dan batin\nuntukmu kasih di ramadhan ini;Pantun Agama;Pantun Agama
553;apa tanda kembang merekah\nsangat harum di penciuman\napa tanda ilmunya berkah\nsemakin dekat dengan tuhan;Pantun Agama;Pantun Agama
555;Apa tanda orang mulia\nBerbaik sangka sesama manusia\nSiapa hidup berbaik sangka\nDunia akhirat hidup sentosa;Pantun Agama;Pantun Agama
569;asah parang untuk membabat\npetin pepaya untuk dimakan\nseimbangkan dunia dan akhirat\ndengan ilmu dan juga iman;Pantun Agama;Pantun Agama
571;Asam kandis asam gelugur\nKetiga asam si riang-riang\nMenangis mayat di pintu kubur\nTeringat badan tidak sembahyang;Pantun Agama;Pantun Agama
573;Asam kendis, asam gelugur\nCampur keduanya supaya lezat\nMenangis mayat di alam kubur\nTerkenang badan tak pernah sholat;Pantun Agama;Pantun Agama
576;Asap api embun berderai\nPatah galah haluan perahu\nNiat hati tak mahu bercerai\nKehendak Allah siapa yang tahu;Pantun Agama;Pantun Agama
582;awal pertama bulan puasa\nbertemu dengan kawan lama\nrela berkorban jiwa dan raga\nmoga ibu masuk ke surga;Pantun Agama;Pantun Agama
584;awan cerah berwarna biru\nsetelah hujan muncul pelangi\ndoa dan tangis mengiringi pergimu\nwahai ibu yang aku sayangi;Pantun Agama;Pantun Agama
594;awan mendung di hari senja\nwarnanya putih ketika kerah\nallah persembahan untuk kita\nhari fitri yang sangat indah;Pantun Agama;Pantun Agama
601;awan tebal berwarna putih\ndibaliknya ada langit biru\nselamat ulang tahun untukmu kasih\nsemoga allah memudahkan langkahmu;Pantun Agama;Pantun Agama
605;ayah dan adik kudakudaan\nkakak asyik main layangan\ndunia luas banyak godaan\njadikan al quran sebagai bimbingan;Pantun Agama;Pantun Agama
607;ayah pergi membeli tembaga\ndipakai untuk merekatkan parang\napabila ingin masuk surga\nsering mengaji dan sembahyang;Pantun Agama;Pantun Agama
624;ayam jantan turun berlaga\ntanduk indah milik si rusa\npandangan mata mesti terjaga\njangan terkena maksiat dosa;Pantun Agama;Pantun Agama
640;badai topan sedang melanda\nbanyak rumah karenanya\ndunia ini sungguh menggoda\nnamun akhirat kekal selamanya;Pantun Agama;Pantun Agama
649;bagai kapas terbang ke angkasa\nbegitulah balon tanpa ikatan\nbagai taman tak berbunga\nbegitulah jiwa tanpa iman;Pantun Agama;Pantun Agama
656;bagaimana menaiki tangga\npijak satu persatu pada anaknya\nbagaimana hendak ke surga\nsusah jalan tuk menempuhnya;Pantun Agama;Pantun Agama
672;baju baru dititipkan\njatuh sepeda ke selokan\nada berapa sholat diwajibkan\nsehari semalam mesti dikerjakan;Pantun Agama;Pantun Agama
702;bangau turun ke dalam rawa\nterbang menuju kebun salak\nibu bapak selalu berdoa\nmoga dirimu sukses kelak;Pantun Agama;Pantun Agama
704;Bangun kemah di depan pancoran\nMusik mengalun sambil kudapan\nBanyak hikmah dalam Alquran\nJadi penuntun buat kehidupan;Pantun Agama;Pantun Agama
705;bangun ketika di pagi buta\ncuci muka minum susu coklat\nmengejar sukses di dunia\nseimbangkan dengan sukses akhirat;Pantun Agama;Pantun Agama
706;bangun pagi di hari jumat\nambil mesin pergi membabat\nkalau kita jarang shalat\nmaka pahala takkan di dapat;Pantun Agama;Pantun Agama
714;bangun pagi di hari selasa\nsarapan dengan sepiring ketan\nsebelum tidur baca doa\nsemoga dalam lindungan tuhan;Pantun Agama;Pantun Agama
725;bangun rumah berbahan bata\nrumahnya satu jadi dua\ntabahlah hati gapai citacita\nkepada allah kita berdoa;Pantun Agama;Pantun Agama
726;bangun rumah dari bata\nrumah satu jadi dua\ntabah hati gapai citacita\nkepada allah kita berdoa;Pantun Agama;Pantun Agama
730;bangun subuh di pagi buta\nuntuk bersiap pergi sekolah\nramadhan kembali mengunjungi kita\nuntuk sahabat semoga berkah;Pantun Agama;Pantun Agama
737;banyak berterbangan kunangkunang\ncahayanya menerangi sisi hutan\nidul fitri sudah menjelang\nkhilaf dan salah mohon dimaafkan;Pantun Agama;Pantun Agama
738;banyak bulan perkara bulan\ntidak semulia bulan puasa\nbanyak tuhan perkara tuhan\ntidak semulia tuhan yang esa;Pantun Agama;Pantun Agama
739;banyak cabang banyak dahan\nhanya ambil di pucuk saja\nbanyak insan menyembah tuhan\nsembah hanya tuhan yang esa;Pantun Agama;Pantun Agama
742;banyak hutan kayunya terbakar\nmusim kemarau tak bersahabat\njangan niat mencari pacar\ncarilah jodoh dunia akhirat;Pantun Agama;Pantun Agama
747;banyak kain banyak benang\nmenjahit kain dengan alat\njika hati tak pernah tenang\ntanda orang tak pernah shalat;Pantun Agama;Pantun Agama
753;banyak orang mandi berenang\ntidak peduli kapalnya karam\nbanyak orang mencari senang\ntidak peduli halal dan haram;Pantun Agama;Pantun Agama
754;banyak orang mengejar harta\nnasib buruk pula yang diterima\ncinta sejati membawa kita\nmenuju surga bersamasama;Pantun Agama;Pantun Agama
755;banyak orang menggali perigi\nambil buluh kemudian diikat\nilmu dicari tak akan rugi\nuntuk bekal dunia akhirat;Pantun Agama;Pantun Agama
756;banyak orang menjerat rusa\nsudah terlupa meniup api\nbanyak orang berbuat dosa\nsudah lupa hidup dan mati;Pantun Agama;Pantun Agama
757;banyak orang menumpuk harta\nnasib buruk pula yang diterima\ncinta sejati mengarahkan kita\nmenuju surga bersamasama;Pantun Agama;Pantun Agama
766;banyaklah masa diantara masa\ntidak seelok masa bersua\nmeninggalkan sholat jadi biasa\ntanpa takut api neraka;Pantun Agama;Pantun Agama
778;batang kelapa jadikan papan\nuntuk lewat ke desa sukasari\nsebentar lagi bulan ramadhan\nmari sambut dengan hati yang suci;Pantun Agama;Pantun Agama
783;baterai habis silakan di cas\nresupkan ia punya kontras\nallah suka pekerja keras\npekerjaan halal dengan ikhlas;Pantun Agama;Pantun Agama
784;batik solo banyak coraknya\namat sulit memilihnya\ncantik di dunia sementara\ncantik di surga selamanya;Pantun Agama;Pantun Agama
801;Batu halus kini terbelah\nTertancap oleh sebutir panah\nNabi diutus membawa risalah\nJalan hidupnya disebut sunnah;Pantun Agama;Pantun Agama
807;Batu karang berdiri teguh\nDihantam ombak siang dan malam\nJika iman tidak rapuh\nCobaan berat terasa dalam;Pantun Agama;Pantun Agama
810;Batu karang di tengah laut\nDiterpa ombak siang malam\nJika iman jangan hanyut\nIngat Tuhan dalam-dalam;Pantun Agama;Pantun Agama
811;Batu karang keras berdiri\nDiterpa ombak takkan goyah\nJika iman teguh di hati\nTak mudah runtuh oleh amarah;Pantun Agama;Pantun Agama
827;bawa koran dari mekaki\ndari malam berlarilari\nbaca quran setiap hari\ngundah hilang tentramnya hati;Pantun Agama;Pantun Agama
837;Bayang hitam berkelebat\nHilang jauh melompat-lompat\nAyo semua segera bertaubat\nSebelum maut datang merapat;Pantun Agama;Pantun Agama
847;belah kelapa minum airnya\nkhasiatnya amatlah jitu\njika ingin masuk surga\ningat ibadah nomor satu;Pantun Agama;Pantun Agama
858;beli alat di minahasa\nalat Panjang seperti tongkat\nrakit salat, rajin puasa\njangan lupa membayar zakat;Pantun Agama;Pantun Agama
860;beli ayam dapatnya paha\ndaging ayam banyak gizinya\nmari ke surga kita berusaha\ndengan taqwa dan akhlak mulia;Pantun Agama;Pantun Agama
866;beli baju warnanya ungu\ndi pasar dekat bandara\nku akan selalu mencintaimu\nsampai maut memisahkan kita;Pantun Agama;Pantun Agama
876;beli bola berjumlah lima\nberaneka rupa warna warnanya\nilmu agama sangat utama\nbekal akhirat juga dunia;Pantun Agama;Pantun Agama
877;beli bola jumlahnya lima\naneka rupa warnawarnanya\nilmu agama adalah utamanya\nbekal akhirat dan juga dunia;Pantun Agama;Pantun Agama
886;beli jeruk sepuluh biji\nbuah jeruk milik pak burhan\nsaat kesabaran sedang diuji\nberdoalah selalu kepada tuhan;Pantun Agama;Pantun Agama
907;beli sayur di pasar suka\nbeli daging di pasar duka\njanganlah jadi anak durhaka\nkalau tidak mau masuk neraka;Pantun Agama;Pantun Agama
912;beli tiket ke kota lahat\nlewat sungai lewat darat\nistri yang terbaik selalu taat\nmengharap pahala di akhirat;Pantun Agama;Pantun Agama
921;benih padi disemaikan\npadi di sawah sebagai tanaman\nlima waktu ditunaikan\ntanda hatinya penuh iman;Pantun Agama;Pantun Agama
924;benteng batu tak kan goyah\nwalau diserang berbagai arah\nsediakan waktu untuk ibadah\ndunia kan datang tanpa berpayah;Pantun Agama;Pantun Agama
929;Berangkat ke kota jalannya rata\nMaling ditangkap jadi terdakwa\nKemuliaan bukan karena harta\nTapi karena iman dan takwa;Pantun Agama;Pantun Agama
933;berangkat sekolah hujan reda\ntapi cuaca menjadi dingin\nmari tingkatkan iman dan taqwa\nmanfaatkan ramadhan sebaik mungkin;Pantun Agama;Pantun Agama
957;berdoa dengan ikhlas agar terkabul\nhati tentram dan bermanfaat\ncintailah nabi dan rasul\nagar di akhirat mendapat syafaat;Pantun Agama;Pantun Agama
960;berenang ke sungai naik bambu\nbergerak sampai tak jemu\njangan pernah bohongi bapak ibu\nagar allah sayang kepadamu;Pantun Agama;Pantun Agama
962;berguna hidup karena beradat\nadat lembaga jadi pakaian\nsempurna hidup karena syahadat\nsyahadat dijaga mengokohkan iman;Pantun Agama;Pantun Agama
965;Berhenti sejenak di Karawang\nAda anak duduk bersebelahan\nBulatkan tekad untuk berjuang\nLalu tawakal kepada Tuhan;Pantun Agama;Pantun Agama
972;beringin tumbuh daunnya lebat\nadik lahir di bulan rajab\nhindar maksiat segera taubat\nsupaya terhindar dari azab;Pantun Agama;Pantun Agama
978;berjalan sendiri di malam hari\nbersama angin tetap ceria\namalkan sunnah dari para nabi\nhidup berkah penuh bahagia;Pantun Agama;Pantun Agama
987;berkilau cahaya dari permata\nsebagai hiasan untuk kepala\nsiapa yang bakti pada pencipta\ntentunya akan dapat pahala;Pantun Agama;Pantun Agama
988;berkilau cahaya dari permata\nsebagai penghias di kepala\nsiapa berbakti kepada pencipta\ntentu mendapat banyak pahala;Pantun Agama;Pantun Agama
995;berlarilari menggapai angan\npanas terik menjadi gerah\nridho allah diutamakan\nhidup bahagia penuh berkah;Pantun Agama;Pantun Agama
999;berlayar ke pulau jawa\npergi bersama komandan\nberlalulah kau korona\ndatanglah bulan ramadan;Pantun Agama;Pantun Agama
1018;bersama teman pergi sekolah\nuntuk menuntut ilmu pelajaran\nsemangat bekerja mencari nafkah\nsemoga selalu dilindungi tuhan;Pantun Agama;Pantun Agama
1072;bila tersengat oleh serangga\nbadan gatal warnanya merah\nbila ingin masuk surga\npandaipandai menahan amarah;Pantun Agama;Pantun Agama
1073;bila todak melanda singapura\nhabis dikerat dicincang lumat\nbila khianat pada manusia\ndunia akhirat takkan selamat;Pantun Agama;Pantun Agama
1074;Bintang berkelip di langit malam\nMenyinari bumi yang kelam\nJika hidup dilanda suram\nIngat Tuhan siang dan malam;Pantun Agama;Pantun Agama
1102;biru laut menghampar luas\nbergulung ombak dan gelombang\ncinta bertaut beralas ikhlas\nkarena allah kasih bertandang;Pantun Agama;Pantun Agama
1105;boleh di perah ambil patihnya\ndalam kancah tarulah bantal\nboleh berserah kehendak hatinya\nkepada tuhan tempat tawagal;Pantun Agama;Pantun Agama
1106;boleh dibawa bila berjalan\nkitab shafie berjudul risalah\nserta kasih yang berkekalan\nkuat hubungan dengan allah;Pantun Agama;Pantun Agama
1121;Buah apel merah warnanya\nRasanya manis menyegarkan\nJika hidup penuh doa\nSegala urusan dimudahkan;Pantun Agama;Pantun Agama
1167;buah kemumu sudah terbelah\nmakan satu banyak serat\ningin ilmu yang barokah\nbermanfaat dunia akhirat;Pantun Agama;Pantun Agama
1208;buah nangka buah sukun\nbanyak baca penangkal pikun\nsholat jamaah haruslah tekun\ndengan tetangga mestilah rukun;Pantun Agama;Pantun Agama
1209;Buah nangka buah tomat\nBanyak tumbuh di tempat keramat\nSemoga kita mendapat rahmat\nAgar hidup terasa nikmat;Pantun Agama;Pantun Agama
1212;buah pala sungguh keras\nletakkan ia di atas meja\nkeringat yang menetes deras\nakan allah ganti dengan pahala;Pantun Agama;Pantun Agama
1217;buah pepaya buah naga\nkacang buncis satu jengkal\nberusaha sekuat tenaga\nkepada allah hati tawakal;Pantun Agama;Pantun Agama
1218;buah pepaya dibelah dua\ndimakan satu tinggal satu\njangan pernah berbuat dosa\nmasuk neraka siapa yang membantu;Pantun Agama;Pantun Agama
1237;buah yang mabuk jangan dimakan\nbatang berduri jangan dipanjat\nbertuah hidup dikandung iman\ntertuah mati dalam ibadat;Pantun Agama;Pantun Agama
1240;buat apa berbaju batik\nkalau tidak pake selendang\nbuat apa berwajah cantik\nkalau tidak mau sembahyang;Pantun Agama;Pantun Agama
1242;buat apa makan mentimun\nlebih baik makan kenari\nbuat apa duduk melamun\nlebih baik kita mengaji;Pantun Agama;Pantun Agama
1249;bubur beras bubur nangka\nmakan semangkuk di bawah cemara\njujur itu menuju surga\nsurga itu nikmat tiada tara;Pantun Agama;Pantun Agama
1256;buka kandang lepaskan domba\nbiarkan ia mencari makan\nmari berlomba mencari pahala\nbersama istri di bulan ramadhan;Pantun Agama;Pantun Agama
1262;bukan lebah sebarang lebah\nlebah bersarang di tanah merah\ntangan diangkat merafak sembah\npada yang esa kami berserah;Pantun Agama;Pantun Agama
1276;bulan bulat saat purnama\nsungguh indah dipandang mata\nperintah allah yang utama\nagar kita beroleh surga;Pantun Agama;Pantun Agama
1281;bulan puasa telah tiba\nmari kita membuat ketupat\ningin bahagia hidup di dunia\ntuntut ilmu dunia akhirat;Pantun Agama;Pantun Agama
1283;bulan purnama air pasang\nlangit cerah tampak bintang\ntanpa hujan tanah gersang\ntanpa iman jiwa kering kerontang;Pantun Agama;Pantun Agama
1289;bulu kucing sangatlah halus\nkucing berlari mengejar bawal\njika murid sudah lulus\ncarilah kerja yang pasti halal;Pantun Agama;Pantun Agama
1302;Bunga bakung harum baunya\nMekar sunyi di tepi kolam\nJika iman kuat dasarnya\nHidup tenteram siang dan malam;Pantun Agama;Pantun Agama
1303;Bunga bakung mekar malam\nHarumnya lembut menyentuh rasa\nJika iman tertanam dalam\nHidup tenteram sepanjang masa;Pantun Agama;Pantun Agama
1310;bunga bersemi banyak merekah\ntempat bermain si hewan lebah\nsiapa orang suka sedekah\npasti hidupnya semakin berkah;Pantun Agama;Pantun Agama
1311;bunga besar bunga raflesia\nbunga kecil bunga melati\ncepatlah taubat wahai manusia\njangan menunggu sampai kau mati;Pantun Agama;Pantun Agama
1312;bunga bukan hanya bunga seroja\nmawar melati pun juga bunga\nilmu tak hanya ilmu dunia\nilmu akhirat pun juga ada;Pantun Agama;Pantun Agama
1329;Bunga flamboyan merah menyala\nTumbuh rindang di tepi jalan\nJika hidup penuh pahala\nRingan tangan suka amalkan;Pantun Agama;Pantun Agama
1345;Bunga kenanga jatuh ke tanah\nHarumnya masih tercium lama\nJika hidup jauh dari salah\nJaga iman setiap masa;Pantun Agama;Pantun Agama
1361;Bunga mawar banyak yang mekar\nDaunnya direndam di bawah lontar\nDosa berat bagi yang ingkar\nTiada tenteram, badan gemetar;Pantun Agama;Pantun Agama
1363;bunga mawar baunya harum\ndipetik di pagi hari\nbunga berseri merah ranum\nbak bidadari surga andini;Pantun Agama;Pantun Agama
1368;bunga mawar bunga melati\nkala dicium harum baunya\nbanyak cara sembuhkan hati\nbaca quran paham maknanya;Pantun Agama;Pantun Agama
1369;Bunga mawar bunga melati\nTumbuh banyak dipetik bibi\nIlmu ditimba sepenuh hati\nDari al Quran dan Sunnah Nabi;Pantun Agama;Pantun Agama
1375;Bunga mawar indah merekah\nBanyak mekar di tepi telaga\nKepada Allah mohonkan berkah\nSemoga kelak menempati surga;Pantun Agama;Pantun Agama
1381;Bunga mawar penuh berduri\nPanjang daunnya sejengkal jari\nJalankan salat Ashar di sore hari\nHati damai, hidup berseri;Pantun Agama;Pantun Agama
1389;Bunga mekar di pucuk dahan\nTumbuh subur di tanah lembah\nSelain Allah, tiada Tuhan\nKepada-Nya saja kita menyembah;Pantun Agama;Pantun Agama
1415;Bunga melati, bunga asoka\nBentuknya indah penuh estetika\nBila menjadi anak durhaka\nKelak matinya masuk neraka;Pantun Agama;Pantun Agama
1420;Bunga melur putih berseri\nHarumnya lembut di waktu pagi\nJika hidup ingin diberkati\nBanyakkan doa setiap hari;Pantun Agama;Pantun Agama
1428;Bunga raya merah menyala\nMekar segar di waktu pagi\nJika hidup banyak pahala\nRingan tangan suka berbagi;Pantun Agama;Pantun Agama
1451;Bunga teratai kembang di kolam\nDaunnya lebar terapung damai\nJika iman tertanam dalam\nHidup tenteram takkan cerai;Pantun Agama;Pantun Agama
1471;burung bangau burung gelatik\nhinggap di atas pohon merambat\nbarang siapa berbuat baik\nmaka hidupnya akan penuh rahmat;Pantun Agama;Pantun Agama
1497;Burung camar terbang ke laut\nOmbak putih datang menyambut\nJika hati terasa kalut\nIngat Tuhan tempat berpaut;Pantun Agama;Pantun Agama
1499;Burung camar terbang ke laut\nOmbak putih pecah menyebar\nJika hidup terasa semrawut\nIngat Tuhan tempat bersandar;Pantun Agama;Pantun Agama
1521;burung dara terbang ke rawa\nmata memandang kawanan rusa\nzakat fitrah penyuci jiwa\nsetelah selesai berpuasa;Pantun Agama;Pantun Agama
1538;Burung elang terbang melayang\nMenembus langit yang cerah\nJika ingin hidup tenang\nDekatkan diri kepada Allah;Pantun Agama;Pantun Agama
1540;Burung elang terbang melayang\nSayap kuat menembus awan\nJangan mudah berbuat curang\nKarena dosa membawa penyesalan;Pantun Agama;Pantun Agama
1545;burung elang terbang tinggi\nmemandang bumi dari angkasa\nilmu mengangkat derajat diri\njika disertai iman dan rasa;Pantun Agama;Pantun Agama
1556;Burung gereja terbang rendah\nMencari makan di halaman\nJika hidup ingin penuh berkah\nJaga iman dan perbuatan;Pantun Agama;Pantun Agama
1583;Burung kecil terbang berdua\nHinggap manis di atas dahan\nJika ingin hidup mulia\nBersyukur atas pemberian Tuhan;Pantun Agama;Pantun Agama
1629;Burung merpati terbang berdua\nHinggap di dahan penuh bunga\nCinta kita kan abadi selamanya\nSeperti doa yang tak pernah sirna;Pantun Agama;Pantun Agama
1654;burung nuri burung kenari\nhingga di pohon sejenak saja\nterus ibadah setiap hari\nrajin shalat jangan lupa;Pantun Agama;Pantun Agama
1655;burung nuri burung kenari\nhinggap di pohon sebentar saja\nteruslah ibadah setiap hari\nrajin shalat lima waktu jangan lupa;Pantun Agama;Pantun Agama
1678;Burung nuri terbang rendah\nHinggap sebentar di tanah\nJauhi dosa dan fitnah\nAgar hidup jadi indah;Pantun Agama;Pantun Agama
1683;Burung nuri, burung merpati\nTerbang tinggi jauh melayang\nJika ingin terhibur hati\nIngatlah Tuhan Maha Penyayang;Pantun Agama;Pantun Agama
1684;burung pelatuk di atas dahan\nterbang pergi ke lain pohon\nhidup mati di tangan tuhan\nkepada allah kita bermohon;Pantun Agama;Pantun Agama
1696;Burung pipit hinggap di dahan\nAngin sepoi berhembus pelan\nJika ingin masa depan\nDekatkan diri pada Tuhan;Pantun Agama;Pantun Agama
1706;Burung pipit terbang ke rawa\nMencari makan di antara padi\nJika hidup penuh doa\nHati tenang setiap hari;Pantun Agama;Pantun Agama
1721;burung punai lepas di tangan\npetani pergi menabur benih\njika sholat selalu ditunaikan\nbagai mandi di sungai jernih;Pantun Agama;Pantun Agama
1723;burung puyuh main di rawa\nmasuk tanah yang berongga\nridha allah pada orang tua\norang tua ridha pahalanya surga;Pantun Agama;Pantun Agama
1727;Burung ruak-ruak terbang berdua\nMenyusur sungai mencari ikan\nJika bersua hulurkan doa\nSilaturahim erat berpanjangan;Pantun Agama;Pantun Agama
1749;Burung terbang di angkasa\nLaksanana pesawat lepas landas\nJanganlah engkau berbuat dosa\nKarena kelak akan kandas;Pantun Agama;Pantun Agama
1752;burung terbang jauh melayang\npergi pagi datang siang\nagama islam memiliki tiang\ntiang kuat namanya sembahyang;Pantun Agama;Pantun Agama
1768;cahaya lilin mulai meredup\nnamun listrik masih mati\nallah tahu kamu sanggup\njangan siasiakan bakat diri;Pantun Agama;Pantun Agama
1772;cahaya surya amat terik\nterkena badan amat panasnya\nawas jangan berbuat syirik\nbisabisa kekal di neraka;Pantun Agama;Pantun Agama
1778;cantik dan manis anak bu indah\nternyata namanya dian rosa\nkenapa kau selalu tak beribadah\napa sudah lupa dengan dosa;Pantun Agama;Pantun Agama
1787;cari lebah bersarang besar\njangan tersengat racun berbisa\njanji allah adalah benar\njangan tertipu kehidupan dunia;Pantun Agama;Pantun Agama
1817;Coba berlayar ke selat Malaka\nTidaklah kecil deru ombaknya\nSyariat Islam jalannya kita\nHadits Nabi sebagai petunjuknya;Pantun Agama;Pantun Agama
1834;daging sapi dan daging domba\ndibagibagikan ke fakir miskin\njika aku punya salah dan dosa\naku mohon maaf lahir dan batin;Pantun Agama;Pantun Agama
1837;dalam hutan ada beruang\ndari tengah menuju pinggiran\nnabi tidak mewariskan uang\nyang diwariskan adalah quran;Pantun Agama;Pantun Agama
1844;Danau Asahan dekat gua\nAda kolam tempatnya ikan\nKepada Tuhan kita berdoa\nSegala beban kita serahkan;Pantun Agama;Pantun Agama
1880;dari mana rumput izkir\ndari jauh antah berantah\nbanyak pikir kurang dzikir\nmembuat hati semakin resah;Pantun Agama;Pantun Agama
1883;dari papan terbuat pintu\njendela depan ada tiga\nbarang siapa menuntut ilmu\ndekat kakinya menuju surga;Pantun Agama;Pantun Agama
1891;dari trengganu menuju kedah\nkuala lumpur terlewat sudah\nsiapa rajin beribadah\nmendapat surga yang amat indah;Pantun Agama;Pantun Agama
1892;dari trengganu menuju kedah\nkuala lumpur terlewatlah sudah\nsiapa yang rajin beribadah\nmaka surga tempatnya indah;Pantun Agama;Pantun Agama
1904;daun jambu campur ketupat\nburung gelatik ditimbang berat\nmenebar ilmu yang bermanfaat\npahala baik sampai akhirat;Pantun Agama;Pantun Agama
1919;Daun mengkudu jatuh ke laman\nDisapu bersih waktu senja\nBahasa santun cermin iman\nIndah tutur menyejuk jiwa;Pantun Agama;Pantun Agama
1922;daun pandan daun suji\nada juga daun selasih\nbersihkan badan pergi mengaji\nsupaya hati menjadi bersih;Pantun Agama;Pantun Agama
1929;Daun sedap di atas dulangan\nMalam-malam menangkap ikan\nDalam kitab terdapat larangan\nPerbuatan haram usah dilakukan;Pantun Agama;Pantun Agama
1956;dengarkan olehmu semua saran\nitulah tanda orang bijaksana\ningin diriku membaca al quran\nsayang sayang tak bisa membaca;Pantun Agama;Pantun Agama
1958;Depan rumah pohon mangga\nSebelahnya ada pohon suji\nJika ingin masuk surga\nJangan lupa untuk mengaji;Pantun Agama;Pantun Agama
1968;di bulan ramadhan orang puasa\nmenahan selera mengekang nafsu\norang beriman hidup sentosa\nkepada allah tempat bertumpu;Pantun Agama;Pantun Agama
1974;Di dataran tinggi mendapat lahan\nLahan basah dekat telaga\nHidup mati di tangan Tuhan\nTiada siapa dapat menduga;Pantun Agama;Pantun Agama
1977;di gudang tercium bau tikus mati\nbangkainya dibuang ke tempat sampah\nsetiap hari mengais rejeki\njadilah kaya dengan sedekah;Pantun Agama;Pantun Agama
1978;di halaman ada pohon jambu\ndi taman depan ada melati\nselamat lebaran buat kamu\norang yang selalu di dalam hati;Pantun Agama;Pantun Agama
1994;di laut ada uburubur\ndi ladang menanam umbi kencur\nmenyesal mayat di dalam kubur\ndipalu dicambuk badannya hancur;Pantun Agama;Pantun Agama
2000;di pagi hari makan mi kuah\nsore harinya menyantap ubi\ndi pagi hari kita sekolah\nsore harinya kita mengaji;Pantun Agama;Pantun Agama
2019;di sawah ada seekor sapi\nsedang sibuk membajak sawah\nsemangat kerja seiap hari\nkerja itu bagian ibadah;Pantun Agama;Pantun Agama
2031;Di tepi kali saya menyinggah\nMenghilang penat menahan jerat\nOrang tua jangan disanggah\nAgar selamat dunia akhirat;Pantun Agama;Pantun Agama
2040;dia masih di ruang tamu\ntolong bicaranya pelanpelan\nselalu memiliki cintamu\nialah anugerah dari tuhan;Pantun Agama;Pantun Agama
2066;Dua kayu bersekat-sekatan\nDipakai pagar depan asrama\nShalat lima waktu ayo tegakkan\nTiang agama yang Utama;Pantun Agama;Pantun Agama
2071;Dua tiga bunga merekah\nEmpat lima orang menikah\nSedari kecil gemar sedekah\nKelak besar hidupnya berkah;Pantun Agama;Pantun Agama
2079;duduk bersandar dekat sopir\nbis kota belok kiri belok kanan\ndunia ini surga bagi kafir\npenjara bagi orang beriman;Pantun Agama;Pantun Agama
2090;duduk sekawan gadis jelita\nbuat santapan untuk pahlawan\ntampil lah tuhan kami meminta\nmadah ucapan kata aluan;Pantun Agama;Pantun Agama
2091;duduk sekawan si burung unta\ntepi keramat di waktu malam\npada mu tuhan kami meminta\nkata azimat pembuka kalam;Pantun Agama;Pantun Agama
2101;durian runtuh jatuh ke dahan\nbertiup angin dari tanjung pinang\ntunduk patuh pada tuhan\nhati teduh jiwa pun tenang;Pantun Agama;Pantun Agama
2109;elok kaki dapat melangkah\nelok tangan dapat memegang\nelok hati mengingat allah\nelok iman tiada bergoyang;Pantun Agama;Pantun Agama
2129;Embun pagi berkilau jernih\nMenyentuh pucuk padi di huma\nJika iman sentiasa bersih\nDamailah hidup sepanjang masa;Pantun Agama;Pantun Agama
2149;encik dollah pergi ka jambi\npergi pagi kembali petang\nkalau tuhan hendak membagi\npintu berkancing rezeki datang;Pantun Agama;Pantun Agama
2157;film horror seram kisahnya\nsudah ditonton sampai tamat\nhidup perlu perjuangan dan doa\nagar selamat dunia akhirat;Pantun Agama;Pantun Agama
2159;gadis aceh penari seudati\nmata memandang tiada henti\ntawadhu merendahkan hati\ntanda iman di dalam hati;Pantun Agama;Pantun Agama
2162;gadis cilik itu bernama salsa\nseperti nama tarian dari barat\npasrahkan diri pada sang kuasa\nselalu berdoa dan bertaubat;Pantun Agama;Pantun Agama
2177;Gelas pecah berisi jamu\nJamu kuat, bibi yang meramu\nHormatilah ayah dan ibumu\nNiscaya di surga menjadi tamu;Pantun Agama;Pantun Agama
2187;gigi ompong gigi tanggal\nkaki tersandung jadi luka\nbelajar mengaji jangan ditinggal\nitulah bekal menuju surga;Pantun Agama;Pantun Agama
2191;gugur daun pohon kenanga\ndaun hijau jadi sekarat\ntidak beriman akan sengsara\ndi dunia dan juga di akhirat;Pantun Agama;Pantun Agama
2200;guntur berbunyi terlihat kilat\nangin berhembus dari barat\nsiapa yang mendirikan sholat\nitulah tanda pribadi yang taat;Pantun Agama;Pantun Agama
2211;gunung sinai dari batu\nputri bilqis menjadi ratu\nsehari semalam lima waktu\ndikerjakan muslim sudahlah tentu;Pantun Agama;Pantun Agama
2217;guru mengajar banyak jasa\nkebaikan mereka jangan dilupa\nmari belajar berpuasa\ndi bulan ramadhan banyak pahala;Pantun Agama;Pantun Agama
2218;guru menulis dengan kapur\nberi pelajaran sambil duduk\nluka lama segera kubur\nsemangat hidup terus dipupuk;Pantun Agama;Pantun Agama
2222;Habis tidur belajar berenang\nRenang bersama di tengah perairan\nBiar hidup menjadi tenang\nJangan lupa membaca Alquran;Pantun Agama;Pantun Agama
2226;hanya setapak jalan ke hutan\npetik bunga untuk di taman\nbila jauh dari quran\nsengsara hidup sepanjang zaman;Pantun Agama;Pantun Agama
2229;harban dewa anaknya zanggi\nmanis rupanya elok bercahaya\njika perempuan taatkan laki\nberoleh surga jannatul manhwa;Pantun Agama;Pantun Agama
2248;Hari Jumat, hari Selasa\nPergi ke kota membawa obat\nInsan di dunia banyak dosa\nMari bersihkan dengan bertobat;Pantun Agama;Pantun Agama
2264;hari minggu memancing ikan\nikan dibakar lalu dimakan\npuasa ramadhan harus dijalankan\ndoa setahun terhapuskan;Pantun Agama;Pantun Agama
2283;Hari rabu memetik salak\nBuahnya segar hilang dahaga\nHormati Ibu juga Bapak\nAgar kelak masuk surga;Pantun Agama;Pantun Agama
2290;Hari raya memasak ubi\nNasi masak di daun jati\nBerakhlak mulia contohlah Nabi\nItulah kemuliaan yang sejati;Pantun Agama;Pantun Agama
2296;hari senin upacara bendera\nhujan tiba datang mengguyur\natas rahmat dan hidayahnya\nmarilah kita ucapkan syukur;Pantun Agama;Pantun Agama
2302;harimau belang turun sekawan\nmati ditikam si janda balu\nilmu akhirat tuntut lah tuan\nbarulah sempurna segala fardu;Pantun Agama;Pantun Agama
2316;Hati Qorun suka berdusta\nSebab bangga dengan harta\nKitab Al Quran laksana pelita\nCahaya terang di malam gulita;Pantun Agama;Pantun Agama
2326;Hebat perkasa si panglima\nBermain senjata perkara biasa\nAndai diriku tak dapat menerima\nMohon dimaafkan segala dosa;Pantun Agama;Pantun Agama
2349;hidup ini sangatlah indah\njika insan pandai merasa\nbekerja itu adalah ibadah\nberpahala di sisi tuhan yang esa;Pantun Agama;Pantun Agama
2350;hidup sederhana selalu hemat\nitulah perintah syariat\nayo muslimin dan muslimat\nmari kita keluarkan zakat;Pantun Agama;Pantun Agama
2368;hitung jari sampai empat\nlalu sisanya kena amplas\nsayang istri dunia akhirat\nnafkahi ianya dengan iklas;Pantun Agama;Pantun Agama
2370;hormatilah seorang guru\nagar ilmu menjadi bermanfaat\nikhlaslah dalam mencari ilmu\ninsya allah kau kan bermartabat;Pantun Agama;Pantun Agama
2375;hujan dan kemarau adalah musim\njuga ada salju dan musim gugur\npertanda kita umat muslim\nmarilah bersama mengucap syukur;Pantun Agama;Pantun Agama
2379;hujan deras ketika senja\ndibarengi petir dan kilat\nhidup di dunia hanya sementara\nkumpulkan bekal untuk akhirat;Pantun Agama;Pantun Agama
2408;hujan turun jadi basah\nkarena hujan jatuh merata\njanganlah selalu gelisah\nselama tuhan di sisi kita;Pantun Agama;Pantun Agama
2415;hujan turun rintikrintik\njalan licin kaki terjerembab\ndi sisi allah dipandang cantik\njika engkau kenakan hijab;Pantun Agama;Pantun Agama
2417;hujan turun sawah berlumpur\npadi ditanam tanahnya subur\nkepada allah banyak bersyukur\natas nikmatnya jangan kufur;Pantun Agama;Pantun Agama
2425;ibu berjualan buah duku\ntapi tak tahu berapa harga\nsungguh indah kau bagiku\nbagai bunga di taman surga;Pantun Agama;Pantun Agama
2436;ibu pergi ke pasar senayan\nbeli sayur dan juga ikan\nsebentar lagi lebaran\nmoga dosa termaafkan;Pantun Agama;Pantun Agama
2443;Ikan bandeng banyak duri\nMakan enak membawa panci\nJangan sampai kamu mencuri\nSebab itu dosa yang dibenci;Pantun Agama;Pantun Agama
2453;ikan kerapu di dalam perahu\ntangkap di laut sembari makan\nizinkan aku mendampingimu\nhingga maut kan memisahkan;Pantun Agama;Pantun Agama
2474;ikatlah kayu dari rotan\nuntuk membuat sebuah kursi\nkami sekeluarga mengucapkan\nselamat hari raya idul fitri;Pantun Agama;Pantun Agama
2479;impian lama kini menjelma\ndigapai dengan tekun bekerja\nridha allah tujuan utama\nbukan mencari ridha manusia;Pantun Agama;Pantun Agama
2480;indah bintang bagai hiasan\nsepoi angin penuh hembusan\nal quran adalah warisan\ndari nabi utusan tuhan;Pantun Agama;Pantun Agama
2485;Indah nian bulan mengambang\nKeliling pula bintang bercahaya\nWajah tuan bila kupandang\nBagai melihat pintunya syurga;Pantun Agama;Pantun Agama
2489;indah sekali pintu dipahat\nbergambar daun dan dahan\nkalau ingin hidup selamat\ntaat selalu perintah tuhan;Pantun Agama;Pantun Agama
2504;Ingin rasanya ke kota Mekah\nPergi ke sana untuk menikah\nBila harta untuk sedekah\nPertanda hidup penuh berkah;Pantun Agama;Pantun Agama
2506;ini ajaran muhammad rasulullah\ndinul islam yang sangat mulia\npertama yakin adanya allah\nhanya satu yang maha kuasa;Pantun Agama;Pantun Agama
2508;ini musim masih penghujan\nkata simbok jangan nakal\nbagi yang muslim ayo jumatan\nbawa gembok amankan sandal;Pantun Agama;Pantun Agama
2509;ini musim masih penghujan\nkata simbok jangan nakal\nkalau muslim silahkan jumatan\nbawa gembok amankan sandal;Pantun Agama;Pantun Agama
2513;istirahat di dalam goa\nsambil makan timun dan cabai\nperbanyak dzikir dan berdoa\nhidup jadi tenang juga damai;Pantun Agama;Pantun Agama
2516;istirahat sejenak di pelabuhan\nmembuka tas ternyata kosong\nanak terpuji disayang tuhan\nberkata jujur tak pernah bohong;Pantun Agama;Pantun Agama
2521;itulah makna kalimat hikmah\nwahyu allah pada rasulnya\nmuhammad menerima lalu di dakwah\nkepada seluruh umat manusia;Pantun Agama;Pantun Agama
2555;jalan ke kota dilebarkan\nindah desa jangan dilewatkan\ndengan zakat kita diajarkan\nuntuk jadi pribadi dermawan;Pantun Agama;Pantun Agama
2558;jalan ke padang sangat rata\nkalau ke bukit banyak kelokannya\nkepada allah kita meminta\njangan kepada yang selainnya;Pantun Agama;Pantun Agama
2561;Jalan kecil untuk melintas\nPohon berbunga teramat indah\nUsia di dunia sangat terbatas\nGunakan masa untuk ibadah;Pantun Agama;Pantun Agama
2585;jalanjalan ke bukittinggi\nmemakai baju berwarna merah\nallah itu maha pemberi\njangan putus asa dan menyerah;Pantun Agama;Pantun Agama
2599;jalanjalan ke kota kedah\nmemang indah negeri malaysia\nkepada allah saja beribadah\njangan sampai kita mendua;Pantun Agama;Pantun Agama
2612;jalanjalan ke kota tegal\njangan lupa beli sepeda\nsaat engkau merasa gagal\ntetap sabar dan terus berdoa;Pantun Agama;Pantun Agama
2631;jalanjalan ke surabaya\npulangnya hari sudah senja\nikhlaskan niat dalam puasa\nmoga terhapus segala dosa;Pantun Agama;Pantun Agama
2634;jalanjalan ke tanah bali\nhendak mencari sekarung mainan\nkepada tuhan tempat kembali\njangan lupa mohon ampunan;Pantun Agama;Pantun Agama
2636;jalanjalan ke tanjung baru\nbeli baju untuk bertiga\nbarang siapa mencari ilmu\nakan dimudahkan menuju surga;Pantun Agama;Pantun Agama
2647;jalanjalan naik kereta\npakai topi di kepala\nkalau hendak mencari harta\nniatkan untuk mencari pahala;Pantun Agama;Pantun Agama
2649;jalanjalan naik pesawat\nnaik pesawat keliling jawa tengah\ntuhan itu maha melihat\nusaha kita mencari nafkah;Pantun Agama;Pantun Agama
2668;Jangan dikeji pada si buta\nHatinya tajam umpama tinta\nApalah guna panjang usia\nJika pahala ditandingi dosa;Pantun Agama;Pantun Agama
2686;jangan main layanglayang\njika mendung banyak kilat\nallah suka orang yang berjuang\nmengejar dunia dengan akhirat;Pantun Agama;Pantun Agama
2691;jangan menulis di atas kaca\nmari menulis di atas meja\nuntuk apa menangis karena cinta\nlebih baik menangis karena dosa;Pantun Agama;Pantun Agama
2692;jangan menulis diatas kaca\nmenulislah diatas meja\njangan menangis karena cinta\nmenangislah karena dosa;Pantun Agama;Pantun Agama
2708;jangan salah menentukan sepeda\nsepeda wak ya rodanya tiga\nsayangilah istrimu tercinta\njagalah dia dari api neraka;Pantun Agama;Pantun Agama
2709;jangan senang memfitnah orang\norang benci tuhan pun murka\njangan senang melalaikan sembahyang\njika mati masuk neraka;Pantun Agama;Pantun Agama
2736;jati tumbuh berjajar lima\nsudah tinggi setinggi kelapa\nsholat adalah tiang agama\nmenegakkannya menegakan agama;Pantun Agama;Pantun Agama
2753;jika badan terasa meriang\njangan lupa meminum obat\njika hati tak pernah tenang\njangan lupa dirikan sholat;Pantun Agama;Pantun Agama
2763;jika hoby berolahraga\nhari panas akan terasa gerah\nsiapa yang ingin masuk ke surga\njangan syirik pada saat ibadah;Pantun Agama;Pantun Agama
2767;jika kamu datang ke medan\njangan lupa beli markisa\nrajinlah ibadah pada tuhan\njika ingkar masuk neraka;Pantun Agama;Pantun Agama
2785;jika pemuda sedang kasmaran\npikirannya berkabut bertemaram\njika hidup jauh dari quran\nhati gelisah tak pernah tentram;Pantun Agama;Pantun Agama
2793;jika sakit tertusuk duri\ncepat keluarkan dan ambil obat\nkalau tak sekarang berbenah diri\njangan harap senang akhirat;Pantun Agama;Pantun Agama
2800;jika tuan ke jakarta\nsinggahlah sejenak di kota tua\nhanya maaf yang aku pinta\nmemohon ampunan dan secuil doa;Pantun Agama;Pantun Agama
2804;jika tubuh mendapat luka\nterasa perih jiwa raga\njika aurat engkau buka\nbagaimana mendapat surga;Pantun Agama;Pantun Agama
2811;jikalau ingin buah dipetik\npanjatlah dulu pepohonannya\nsebelum nanti maut mencekik\nberbuat baiklah ke sesama;Pantun Agama;Pantun Agama
2826;Jiwa pilu karena nestapa\nMinum jamu dari kelapa\nSalat dzuhur jangan dilupa\nWalaupun kamu sesibuk apa;Pantun Agama;Pantun Agama
2832;jumpa monyet di pinggir hutan\nuntung lah membawa parang\nmari kita berdoa pada tuhan\nagar virus korona segera hilang;Pantun Agama;Pantun Agama
2839;kacang tanah rasanya gurih\ntapi pedas si buah pala\nbantu teman jangan berpamrih\nkepada allah mengharap pahala;Pantun Agama;Pantun Agama
2847;kain batik mirip melati\nlukisan cantik di atas bahan\nberbuat baik ikhlaskan hati\nmoga kita disayang tuhan;Pantun Agama;Pantun Agama
2855;Kain kasa diberi renda\nRenda dibawa bersama obat\nSelagi usia masih muda\nAyo segera lakukan tobat;Pantun Agama;Pantun Agama
2864;kain putih ujungnya berenda\nkan dijahit dibuat celana\nsholat jangan ditundatunda\nkarena amal yang sangat utama;Pantun Agama;Pantun Agama
2886;Kakek tua jalannya pincang\nBajunya usang agak berantakan\nManusia hanya boleh merancang\nNamun Allah yang menentukan;Pantun Agama;Pantun Agama
2887;Kakek tua kulitnya kusta\nCoba digosok dengan busa\nJangan suka berkata dusta\nKarena itu memperbanyak dosa;Pantun Agama;Pantun Agama
2888;kaki dan tangannya patah\ntertimpa pohon yang roboh\nberdoa dan ikhtiar sudah\nnamun belum juga ketemu jodoh;Pantun Agama;Pantun Agama
2918;kalau dingin minumlah pala\npala hangat banyak yang suka\nbelajar alquran banyak pahala\nuntuk bekal menuju surga;Pantun Agama;Pantun Agama
2926;kalau ibu pergi mengaji\njangan lupa pakai kerudung\nselamat hari raya idul fitri\nuntuk semua sahabat di kampung;Pantun Agama;Pantun Agama
2930;kalau ingin membeli kopiah\ncarilah jubah sepanjang kaki\nkalau ingin diberkahi allah\nayah dan bunda dijunjung tinggi;Pantun Agama;Pantun Agama
2961;Kalau merenda supaya indah\nTekat tenun beri berjambul\nKalau meminta kepada Allah\nLambat laun pasti terkabul;Pantun Agama;Pantun Agama
2966;kalau patah tinggal dilas\nkalau salah minta saran\nbalajarlah dengan tulus ikhlas\nmaka tuhan akan beri kepintaran;Pantun Agama;Pantun Agama
2967;Kalau peranan jadi tuntutan\nKenapa pimpinan dilupakan\nKalau Al Quran jadi pedoman\nKenapa gosip suka dilakukan;Pantun Agama;Pantun Agama
2968;kalau pergi tanjung keramat\nanak manis jangan diangkat\nbersama kita memohon rahmat\nmoga majelis mendapat berkat;Pantun Agama;Pantun Agama
2969;kalau rindu berikirim surat\ndari laut hendak ke darat\njika ingin bahagia di akhirat\nilmu pula yang menjadi syarat;Pantun Agama;Pantun Agama
2972;kalau sahabat membeli bunga\njangan lupa membawa bekal\njika sahabat mengejar dunia\njangan sampai akhirat tertinggal;Pantun Agama;Pantun Agama
2978;kalau sudah menanam talas\njangan buang di tanah darat\nyang jahat pasti terbalas\nsengsara di dunia dan akhirat;Pantun Agama;Pantun Agama
2993;Kalau tuan jalan ke hulu\nCarikan saya bunga kemboja\nKalau tuan mati dahulu\nNantikan saya di pintu syurga;Pantun Agama;Pantun Agama
3009;kalau tuan pergi ke palangkaraya\njangan lupa membeli durian\nkusematkan cinta dan sepucuk doa\nuntukmu wanita yang aku impikan;Pantun Agama;Pantun Agama
3013;kalau tuan pergi ke tuban\njangan lupa mampir ke daka\nsholat itu perintah tuhan\njika ingkar masuk neraka;Pantun Agama;Pantun Agama
3048;Kapal selam tanpa nakhoda\nMenuju utara tiada arah\nBila iman di dalam dada\nHidup terasa penuh anugerah;Pantun Agama;Pantun Agama
3051;karang tempat bermain ikan\nsayang karang banyak dihancurkan\nbantu membantu dalam kebaikan\ndalam kitabullah diperintahkan;Pantun Agama;Pantun Agama
3055;karena hama ulat dan belalang\npanen para petani jadi gagal\ncintaku ini takkan pernah hilang\nmeski nanti terpisahkan oleh ajal;Pantun Agama;Pantun Agama
3059;karena terlalu lama berdiri\npara tamu pada ngeliatin\nselamat hari raya idul fitri\nmohon maaf lahir dan batin;Pantun Agama;Pantun Agama
3060;karena tuan pintar mengali\njadilah sumur dalam sekali\nbersihkan hati sucikan diri\nsambut ramadhan sebentar lagi;Pantun Agama;Pantun Agama
3069;katak di sawah suka mengumpat\npak tani datang bawakan jerat\nsungguh hina sifat pengumpat\ndunia akhirat akan terlaknat;Pantun Agama;Pantun Agama
3084;kayu dibakar menjadi abu\nlantas dibuang ke selokan\njangan berani melawan ibu\njika tak ingin dibenci tuhan;Pantun Agama;Pantun Agama
3098;Kayu merah telah dipahat\nTempat kita beristirahat\nKepada Allah memohon sehat\nItulah tanda hidup manfaat;Pantun Agama;Pantun Agama
3106;kayu patah digergaji\nkayu keras namanya meranti\njangan lupa untuk mengaji\nsebagai bekal di akhirat nanti;Pantun Agama;Pantun Agama
3134;Ke desa lama menyeberang jembatan\nAir tenang mengalir pelan\nHidup tenteram penuh keberkahan\nJika iman jadi pegangan;Pantun Agama;Pantun Agama
3136;Ke desa membawa hadiah\nDisambut ramah penuh ceria\nJika hidup ingin berkah\nPerbanyak sabar dan doa;Pantun Agama;Pantun Agama
3137;Ke desa membawa hadiah\nDisambut ramah penuh senyum\nPerbanyak sabar dan ibadah\nAgar hati terasa maksum;Pantun Agama;Pantun Agama
3180;ke kebun lewati jembatan\nada sungai kecil dibawahnya\nkita semua ciptaan tuhan\nkembali hanya padanya jua;Pantun Agama;Pantun Agama
3186;Ke kebun memetik bunga\nBunga mawar harum baunya\nJika hidup penuh doa\nTuhan jaga langkah kita;Pantun Agama;Pantun Agama
3188;Ke kebun memetik delima\nDelima merah manis rasanya\nPerbanyak doa setiap masa\nAgar hati tenang selamanya;Pantun Agama;Pantun Agama
3218;Ke ladang membawa sabit\nRumput liar tumbuh merata\nJika hidup terasa sempit\nSabar dan kuatkan doa;Pantun Agama;Pantun Agama
3234;Ke pantai melihat karang\nOmbak datang berulang kali\nJangan lalai dalam sembahyang\nKarena itu bekal abadi;Pantun Agama;Pantun Agama
3237;Ke pantai melihat ombak\nOmbak besar bergulung deras\nJika hati sedang sesak\nPerbanyak doa dan ikhlas;Pantun Agama;Pantun Agama
3261;Ke pasar membeli bayam\nBayam hijau dibawa pulang\nJika hati sering kelam\nPerbanyak zikir malam dan siang;Pantun Agama;Pantun Agama
3262;Ke pasar membeli bayam\nBayam hijau segar rasanya\nJika hati sering kelam\nPerbanyak zikir dan doa;Pantun Agama;Pantun Agama
3267;Ke pasar membeli ikan\nIkan segar banyak pilihan\nGunakan harta di jalan kebaikan\nAgar jadi pahala berkelanjutan;Pantun Agama;Pantun Agama
3290;Ke Pasar Minggu tiada sempat\nKarena langkah terasa berat\nHina sungguh sifat mengumpat\nDilaknat Allah dunia akhirat;Pantun Agama;Pantun Agama
3291;Ke pasar pagi beli ketan\nKetan manis jadi sajian\nJaga iman dalam pergaulan\nAgar selamat sepanjang zaman;Pantun Agama;Pantun Agama
3310;Ke restoran membeli makan\nBerangkat bersama dengan majikan\nPerintah Tuhan ayo kerjakan\nLarangan Tuhan mohon elakkan;Pantun Agama;Pantun Agama
3335;ke sekolah naik sepeda\nsampai sekolah sepeda dikunci\nselamat datang hari yang mulia\nselamat hari raya idul fitri;Pantun Agama;Pantun Agama
3346;Ke sungai membawa jala\nAir jernih mengalir nyata\nBersyukur atas segala\nNikmat Allah Yang Maha Kuasa;Pantun Agama;Pantun Agama
3357;Ke taman bunga melihat kenanga\nAngin lembut meniup perlahan\nJika ingin hidup penuh bahagia\nSyukuri nikmat yang Tuhan berikan;Pantun Agama;Pantun Agama
3367;Ke taman kota duduk bersantai\nAngin sejuk menenangkan rasa\nJika hidup ingin terasa damai\nKurangi keluh perbanyak doa;Pantun Agama;Pantun Agama
3369;Ke taman kota duduk berteduh\nAngin sepoi menenangkan hati\nJika hidup ingin tetap utuh\nJaga iman dan budi pekerti;Pantun Agama;Pantun Agama
3375;Ke taman kota melihat rusa\nRumput hijau luas terbentang\nJika hidup banyak dosa\nSegera tobat sebelum petang;Pantun Agama;Pantun Agama
3386;Ke taman memetik melati\nHarum wangi terasa murni\nPerbanyak amal setiap hari\nAgar pahala terus mengalir nanti;Pantun Agama;Pantun Agama
3431;kelapa tua dibelah belah\nsudah dibelah lalu dicukur\nsungguh banyak nikmat allah\nsifat mulia pandai bersyukur;Pantun Agama;Pantun Agama
3434;kelat sekali buah peria\nkelatnya kurang buah dibelah\ntaatkan kitab beroleh surga\ntaat mutlak semata kepada allah;Pantun Agama;Pantun Agama
3448;kemumu di dalam semak\njatuh sehelai selarasnya\nmeski ilmu setinggi tegak\ntak sembahyang apa gunanya;Pantun Agama;Pantun Agama
3451;kemumu tumbuh di tanah darat\nbukan di tanah banyak airnya\nilmu dicari karena akhirat\nbukan karena mencari dunia;Pantun Agama;Pantun Agama
3452;kemuning di dalam semak\njatuh melayang ke dalam pada\nmeski ilmu setinggi tegak\ntidak sembahyang apa gunanya;Pantun Agama;Pantun Agama
3465;kera banyak tengah berhimpun\nsandarkan galah pada pohon\nsegeralah kita meminta ampun\nkepada allah tempat bermohon;Pantun Agama;Pantun Agama
3467;kera di hutan cekat melompat\nsi pemburu memasang jerat\nhina sangat sifat mengumpat\ndilaknat allah dunia akhirat;Pantun Agama;Pantun Agama
3468;kera di hutan terlompatlompat\nsi pemburu memasang jerat\nhina sungguh sifat mengumpat\ndilaknat allah dunia akhirat;Pantun Agama;Pantun Agama
3482;kerja setelah libur lebaran\nwaktu terasa sangat panjang\ndengar kamu baca alquran\nsumpah aku jadi makin sayang;Pantun Agama;Pantun Agama
3486;kertas kado kertas koran\npisang hijau beli setandan\nsore hari belajar al quran\nsebagai bekal hari kemudian;Pantun Agama;Pantun Agama
3487;Kertas koran di dalam peti\nPeti terbuat dari meranti\nMari semaikan budi pekerti\nSemoga berguna di akhirat nanti;Pantun Agama;Pantun Agama
3506;kijang lari cepat melesat\nkalau dikejar tentulah penat\nhidup di dunia banyak maksiat\nsampai akhirat mendapat laknat;Pantun Agama;Pantun Agama
3518;Kolam kecil banyak ikan\nIkan besar untuk jualan\nSunnah Nabi diutamakan\nItulah sebaik-baik jalan;Pantun Agama;Pantun Agama
3528;kota garut penghasil domba\ndomba lucu putih warnanya\nallah cinta pada seorang hamba\nyang tawadhu di dunia;Pantun Agama;Pantun Agama
3530;kota padang ada di barat\njalannya jauh awas tersesat\ndunia adalah ladang akhirat\nhidup di dunia hanya sesaat;Pantun Agama;Pantun Agama
3545;kucing jatuh merasa pasrah\nternyata kucing milik pak burhan\nhati risau karena gelisah\nsegeralah berdoa kepada tuhan;Pantun Agama;Pantun Agama
3552;kucing tidur pejamkan mata\nusai makan hasil berburu\ndoa ibu kau taklukkan dunia\nberbekal amal serta ilmu;Pantun Agama;Pantun Agama
3553;kuda berlari kaki berderap\nsuara terdengar semakin dekat\nkepada allah jua kita berharap\nsemoga cinta membawa rahmat;Pantun Agama;Pantun Agama
3557;Kue cucur ditambah tomat\nRasa enak pasti didapat\nKalau hidup hendak selamat\nPerintah Tuhan haruslah taat;Pantun Agama;Pantun Agama
3579;kursi dari pohon akasia\nkursi untuk duduk tamu\njanganlah sedih para manusia\nsebab allah selalu disampingmu;Pantun Agama;Pantun Agama
3587;ladang sawah selalu digarap\npak tani dapatkan untung\ncinta allah selalu diharap\ndari murkanya kita berlindung;Pantun Agama;Pantun Agama
3588;ladang sawah selalu digarap\npak tani pula mendapat untung\ncinta allah yang kita harap\ndari murkanya kita berlindung;Pantun Agama;Pantun Agama
3600;lama bekerja kepala penat\nlebih baik beristirahat\nmencari ilmu salah niat\nniscaya rugi di akhirat;Pantun Agama;Pantun Agama
3602;lama tak jumpa jarang berkabar\nrindu bertumpuk tak tertahan\njadilah insan yang selalu sabar\norang sabar disayang tuhan;Pantun Agama;Pantun Agama
3605;lambat jalan kurakura\njalan terjal tidak rata\ndi dunia hanya sementara\npersiapkan bekal akhirat kita;Pantun Agama;Pantun Agama
3626;langit cerah berwarna biru\njadi merah ketika senja\nsurga dibawah telapak kaki ibu\nuntuk itu hormatilah dia;Pantun Agama;Pantun Agama
3630;langit cerah warnanya biru\nmenulis puisi berkirim surat\nmari belajar mengamalkan ilmu\nagar bermanfaat dunia akhirat;Pantun Agama;Pantun Agama
3631;Langit cerah, awannya rendah\nUdara dihirup terasa di lidah\nKepada Allah kita ibadah\nAgar hidup menjadi indah;Pantun Agama;Pantun Agama
3654;langit senja berwarna merah\nmenandakan malam akan tiba\nhari ini hari jumat yang indah\nayo perbanyak mencari pahala;Pantun Agama;Pantun Agama
3691;Lebah-lebah menghisap nektar\nNektar manis jika dirasa\nJika janji janganlah ingkar\nKarena jika ingkar itu dosa;Pantun Agama;Pantun Agama
3704;lembah hijau tempat menggembala\njalan berduri kakipun luka\njaga lisan jangan mencela\nagar tidak masuk neraka;Pantun Agama;Pantun Agama
3705;lembayung di antara semak\njatuh melayang ke dalam paya\nwalau ilmu setinggi tegak\ntidak sembahyang apa gunanya;Pantun Agama;Pantun Agama
3710;letak bunga di atas dulang\nsisipkan daun hiasan tepinya\nbanyak berdoa selepas sembahyang\nmohon diampuni dosa di dunia;Pantun Agama;Pantun Agama
3721;lihat bibi jualan jamu\nterserat rasa ingin membeli\nketika kecil carilah ilmu\njangan lupa pula untuk mengaji;Pantun Agama;Pantun Agama
3744;luar pelabuhan namanya dermaga\nmau berenang mesti atiati\nkalau perempuan mau masuk surga\nharus turuti apa kata suami;Pantun Agama;Pantun Agama
3756;macan tutul binatang buas\nhidup di rimba tak sendiri\nilmu allah sangatlah luas\ntak akan habis dipelajari;Pantun Agama;Pantun Agama
3758;mahal harga batu permata\nperhiasan putri amat mewah\nkepada allah kita meminta\npetunjuk serta jalan hidayah;Pantun Agama;Pantun Agama
3762;main bola sama anak pak camat\ntibatiba datang si rahmat\nkejarlah ilmu hingga kau dapat\nagar selamat dunia akhirat;Pantun Agama;Pantun Agama
3776;makan anggur bersama fikar\njangan lupa bagi tetangga\njadilah kamu anak yang pintar\nuntuk modal masuk ke surga;Pantun Agama;Pantun Agama
3786;makan bubur kacang padi\nketika sarapan di pagi hari\njika ada dendam di hati\njangan disimpan di hari fitri ini;Pantun Agama;Pantun Agama
3793;makan enak lauk pepesan\nduduk di tepi sungai asahan\nnabi telah memberi pesan\nkita berlindung dari kegelisahan;Pantun Agama;Pantun Agama
3798;makan jeruk manis rasanya\njangan lupa kupas kulitnya\njangan jadi anak durhaka\ndunia akhirat pasti sengsara;Pantun Agama;Pantun Agama
3822;makan roti ditambah selai\nroti tawar tak ada isinya\njerih payah guru tak ternilai\nmoga mendapat pahala di sisinya;Pantun Agama;Pantun Agama
3839;makan tersedak akhirnya jadi muntah\nsungkan dilihat nampak berserakan\nrajin dan tekun dalam beribadah\nmemperoleh pahala itu ganjaran;Pantun Agama;Pantun Agama
3840;makanan terenak bernama rendang\nasalnya dari indonesia\nuntuk kamu yang aku sayang\njangan lupa shalat jumat ya;Pantun Agama;Pantun Agama
3846;malam hari banyak kunangkunang\nkunangkunang hinggap di dahan\njika ingin hidup tenang\nmintalah semua pada tuhan;Pantun Agama;Pantun Agama
3854;malam hari minum susu\nminum susu membuat pandai\npuasa menahan hawa nafsu\nsabar jiwa akan tergapai;Pantun Agama;Pantun Agama
3861;Malam Jumat enak kerokan\nBadan hangat, kaki kesemutan\nAmalan sholat jangan dilupakan\nAgar selamat, dijauhi setan;Pantun Agama;Pantun Agama
3862;malam minggu pergi ngaji\npenuh manfaat juga berkah\nkalau dapat banyak rejeki\njangan lupa untuk sedekah;Pantun Agama;Pantun Agama
3867;Malam-malam berolahraga\nPergi berlari ke hotel Juanda\nJika berharap mendapat surga\nAmalan baik jangan ditunda;Pantun Agama;Pantun Agama
3880;mandi di kali rambut basah\nlama berendam lemaslah badan\nharum ramadhan tercium sudah\nkalau ada salah mohon dimaafkan;Pantun Agama;Pantun Agama
3898;Manis rasanya buah nangka\nDipetik orang yang matanya buta\nKarena lisan masuk neraka\nItulah orang yang sering dusta;Pantun Agama;Pantun Agama
3910;mari petik buah tomat\nbuah tomat mengandung serat\nlebih baik hidup terhormat\nterhormat nanti di akhirat;Pantun Agama;Pantun Agama
3927;masakan sedikit akan dihantar\nuntuk saudara dan tetangga\ndi dunia waktunya sebentar\ngunakan untuk mengejar surga;Pantun Agama;Pantun Agama
3929;masih kecil masih belia\nbermain anak ke rumah tetangga\nakhlak yang paling mulia\nakan dekat dengan nabi di surga;Pantun Agama;Pantun Agama
3945;matang nangka masih di dahan\ndipetik satu oleh teman\nlingkungan adalah anugerah tuhan\njagalah agar hidup nyaman;Pantun Agama;Pantun Agama
3962;mekar sejambak bunga gubahan\njatuh sekuntum di atas peti\nmembaca itu suruhan tuhan\nalalaq di turun menjadi bukti;Pantun Agama;Pantun Agama
3963;mekar sudah bunga dahlia\nsudah tercium wangi aromanya\ncitacita jangan hanya dunia\nyang tertinggi ke akhirat jua;Pantun Agama;Pantun Agama
3967;melati melur tumbuh rendah\ndisirami dipupuk sudah\ndidik hati untuk ibadah\nagar hidup semakin mudah;Pantun Agama;Pantun Agama
3975;melihat hujan teringat mantan\npertanda jiwa kurang dewasa\ndemi menjaga persatuan\nmintalah restu tuhan yang esa;Pantun Agama;Pantun Agama
3992;memang lezat buah durian\nwarnanya kuning tak berbelang\ndunia ini hanyalah ujian\nke akhirat pula tempat berpulang;Pantun Agama;Pantun Agama
3995;memangkas rumput agar kan rapih\nberbuat baik pada tetangga\nmaukah engkau jadi kekasih\nhidup berdua dunia bak surga;Pantun Agama;Pantun Agama
4013;membawa umpan dengan wadah\nmenjerat ikan dengan jala\nluruskan niat dalam ibadah\nagar berkah dan berpahala;Pantun Agama;Pantun Agama
4020;membentang luas langit biru\nlangit senja bagai perunggu\nsholat subuh harus diburu\npahala besar selalu menunggu;Pantun Agama;Pantun Agama
4029;memetik padi bersisa masih\nsisa dipatuk si burung nuri\nsyukur itu berterimakasih\nkepada tuhan maha pemberi;Pantun Agama;Pantun Agama
4037;menanam kelapa di pulau bukum\ntinggi sedepa sudah berbuah\nadat bermula dengan hukum\nhukum bersandar di kitab allah;Pantun Agama;Pantun Agama
4047;menatap langit hingga heran\nbuah manis mudah ditelan\nsiapa yang berpaling dari quran\nakan tersesat di tengah jalan;Pantun Agama;Pantun Agama
4049;mencari belibis di tepi rawa\npancing ia dengan suara\nsemua sudah berkumpul di meja\nsaatnya kita berbuka puasa;Pantun Agama;Pantun Agama
4051;mencari emas dan batuan di kali\nbadan basah kuyup menjadi menggigil\nhanyalah tuhan tempat kita kembali\nmintalah ampun sebelum dipanggil;Pantun Agama;Pantun Agama
4059;mencuci kain di atas papan\ndiiringi dengan kicauan balam\nmurka orangtua murka tuhan\ndoakan mereka siang dan malam;Pantun Agama;Pantun Agama
4083;mengiring sapi si anak gembala\nsetelah itu bermain layang\nbulan ramadhan telah tiba\nsemoga kuat puasanya sayang;Pantun Agama;Pantun Agama
4085;mengucek mata karena pedih\nmata pedih terkena galah\njikalau sedang merasa sedih\nperbanyaklah sebut asma allah;Pantun Agama;Pantun Agama
4088;menjadi sasaran bidik\njambunya di ambil kakakmu\njikalau itu yang terbaik\naku cuma bisa berdoa untukmu;Pantun Agama;Pantun Agama
4092;menjamu tamu memakai nampan\ntamu dijamu kue putu\napa guna berparas tampan\nkalau lupa sholat lima waktu;Pantun Agama;Pantun Agama
4155;mentari siang pancarkan terik\nanak gembala bermain layang\nkalau sholat jumat jangan berisik\natau pahala akan terbuang;Pantun Agama;Pantun Agama
4160;Mentari sore mulai condong\nLangit redup berwarna jingga\nJika hidup kadang terasa kosong\nIsi jiwa dengan doa;Pantun Agama;Pantun Agama
4165;Mentari sore mulai tenggelam\nLangit jingga tampak indah\nJika hidup kadang terasa kelam\nIngat Tuhan penenang resah;Pantun Agama;Pantun Agama
4201;minggu pagi menyapu taman\ndibantu kawan namanya lala\nsaling memberi kepada teman\nagar timbangan penuh pahala;Pantun Agama;Pantun Agama
4217;minum jamu sehatkan raga\nminum sirup obati dahaga\nmenikahlah selagi muda\nagar terhindar dosa zina;Pantun Agama;Pantun Agama
4222;minum kopi sambil baca koran\nsetelah itu mencuci pakaian\nsholat jumat adalah kewajiban\nmeninggalkannya tanda kemunafikan;Pantun Agama;Pantun Agama
4223;minum kopi sambil baca koran\nsetelah itu pergi sarapan\nsambil menunggu datangnya ramadhan\npesan maaf kami sampaikan;Pantun Agama;Pantun Agama
4262;naik bukit turun lembah\nbanyak hewan aneka rupa\nhanya allah tuhan yang disembah\ntiada banding tiada dua;Pantun Agama;Pantun Agama
4291;Nasi dicampur dengan bihun\nMasak sedikit enak rasanya\nWalaupun hidup seribu tahun\nKalau tak sembahyang apa gunanya;Pantun Agama;Pantun Agama
4312;nonton bola di atas pohon\nsambil minum es kelapa muda\nbila kamu mau memohon\nniscaya tuhan mengabulkannya;Pantun Agama;Pantun Agama
4318;obat mujarab sedang diramu\nmengambil obat dengan tangga\nsaat insan mencari ilmu\nsemakin dekat jalan ke surga;Pantun Agama;Pantun Agama
4361;orang kaya rumahnya mewah\npakai baju tak ada yang murah\nwalaupun kerjanya susah\nyang penting berusaha dan berserah;Pantun Agama;Pantun Agama
4424;Pagi cerah membeli selimut\nSelimut hangat untuk malam\nJika ingin iman tak surut\nPerbanyak dzikir dan salam;Pantun Agama;Pantun Agama
4433;Pagi cerah memetik mangga\nMangga matang jatuh perlahan\nJika ingin hidup penuh bahagia\nSyukuri hal kecil yang Tuhan berikan;Pantun Agama;Pantun Agama
4445;pagi cerah memetik rambutan\nmanis rasanya menggoda hati\nilmu menjadi bekal kehidupan\nuntuk dunia dan akhirat nanti;Pantun Agama;Pantun Agama
4463;pagi hari berangkat kuliah\nbertemu guru dan kerabat\nselaku tingkatkan amal ibadah\nagar bahagia dunia akhirat;Pantun Agama;Pantun Agama
4467;Pagi hari berolahraga\nLewat jalan yang cukup indah\nJika ingin masuk ke surga\nJangan lupa untuk ibadah;Pantun Agama;Pantun Agama
4476;pagi hari kita sarapan\nsecangkir kopi sebagai teman\nsenyuman pagi dibiasakan\nagar kita diberkahi tuhan;Pantun Agama;Pantun Agama
4482;Pagi hari melihat awan\nLangit biru penuh keindahan\nBersyukur atas pemberian Tuhan\nAgar hidup penuh keberkahan;Pantun Agama;Pantun Agama
4497;Pagi hari membeli susu\nSusu hangat dicampur madu\nPerbanyak istighfar selalu\nAgar dosa diampuni selalu;Pantun Agama;Pantun Agama
4555;Pagi hari menuju sawah\nEmbun jatuh di daun padi\nJika hidup ingin berkah\nRajin ibadah setiap hari;Pantun Agama;Pantun Agama
4560;pagi hari menyiram bunga\nada mawar melati dan cempaka\nallah swt tuhan alam semesta\njangan coba untuk mengingkarinya;Pantun Agama;Pantun Agama
4589;Pagi pagi ke kantor camat\nSurat diurus buat pindahan\nJika ingin hidup selamat\nTaat selalu perintah Tuhan;Pantun Agama;Pantun Agama
4591;pagi pagi memasak ubi\nbaca buku pendekar sakti\ncintailah orang yang cinta nabi\nsupaya dia banyak berbakti;Pantun Agama;Pantun Agama
4592;pagi pagi membaca koran\nburung bersayap di kota lampung\nsebentar lagi hari lebaran\nsiapsiap pulang kampung;Pantun Agama;Pantun Agama
4605;pagipagi main pingpong\nbadan sehat hati gembira\njangan jadi anak pembohong\nnanti bisa masuk neraka;Pantun Agama;Pantun Agama
4624;pak kulup anak juragan\nmati diracun memuntahkan darah\nhidup di dunia banyak dugaan\nkepada allah kita berserah;Pantun Agama;Pantun Agama
4633;pak tani sedang merawat sapi\nbanyak sapinya hanya ada empat\nmari bershalawat kepada nabi\nsemoga kita diberi syafaat;Pantun Agama;Pantun Agama
4654;panca indra salah satunya lidah\nlidah pendek kepala bundar\nmasih mudah tekun ibadah\nuntuk menuju jalan yang benar;Pantun Agama;Pantun Agama
4657;pandai terbang si hewan lalat\ntertangkap satu pegang yang erat\njangan pernah tinggalkan sholat\njika engkau ingin selamat;Pantun Agama;Pantun Agama
4665;papan kayu menancap paku\nberbahaya segera dipindah\njalan hidup sungguh berliku\nluruskan niat untuk ibadah;Pantun Agama;Pantun Agama
4681;paras cantik amat rupawan\ntambah manis dengan senyuman\ndidik hati untuk dermawan\nuntuk mendapat kasih tuhan;Pantun Agama;Pantun Agama
4690;Pasir hitam butir-butiran\nSangat lembut seperti jelaga\nSiapa berpedoman dengan al Quran\nTerbimbing jiwa menuju surga;Pantun Agama;Pantun Agama
4694;pasti datangnya hari kiamat\ntak ada yang tahu waktu yang tepat\nayo menjalankan shalat jumat\nraihlah berkatmu di akhirat;Pantun Agama;Pantun Agama
4695;patah dahan disambungkan\nhendak hati disatukan\nkepada tuhan kita mohonkan\nagar cepat dipertemukan;Pantun Agama;Pantun Agama
4698;patah rotan tali bersilang\nbatang meranti rimbun berjejal\nlangkah pahlawan di tengah gelanggang\nberpantang maut sebelum ajal;Pantun Agama;Pantun Agama
4717;pemilik mobil lamborghini\nsedang asyik membaca buku\nmoga berkah bulan ramadhan ini\naku dipertemukan dengan jodohku;Pantun Agama;Pantun Agama
4722;Pendekar tua bawa pelana\nNaik kuda, tiada talinya\nTunaikan sholat dengan sempurna\nDi akhirat kelak akan ditanya;Pantun Agama;Pantun Agama
4726;pengembara berjalan ke kedah\nhingga tahun bertahun terlewat sudah\nkalau rajin bangun ibadah\nkelak akan dapat surga yang indah;Pantun Agama;Pantun Agama
4739;perahu besar dari malaka\nair memercik jatuh ke muka\njangan tenggelam dalam durhaka\nkelak jatuh ke jurang neraka;Pantun Agama;Pantun Agama
4767;pergi berburu ke hutan rimba\nbertemu kancil dan juga rusa\nperihal agama jangan menunda\nitu perintah dari allah taala;Pantun Agama;Pantun Agama
4768;pergi berburu ke hutan rimba\nbertemu rusa belang kaki\nbersihkan hati dan jiwa\ndi hari fitri yang suci ini;Pantun Agama;Pantun Agama
4772;pergi berburu ke tengah hutan\nmala mentari sedang menyengat\nbekerja memenuhi kebutuhan\nhidup bahagia dunia akhirat;Pantun Agama;Pantun Agama
4785;Pergi berkemah di tepi danau\nApi unggun menyala terang\nJika hidup terasa kacau\nIngat Tuhan hati pun tenang;Pantun Agama;Pantun Agama
4786;Pergi berkemah ke tepi hutan\nApi unggun menyala terang\nJika ingin kuatkan iman\nPerbanyak syukur dan doa panjang;Pantun Agama;Pantun Agama
4807;Pergi berlibur ke Kota Cianjur\nPulang malam badan meriang\nMenangis diri di pintu kubur\nTeringat hati tidak pernah sembahyang;Pantun Agama;Pantun Agama
4812;pergi haji ke kota mekah\njangan lupa bawa kedondong\norang yang rajin sedekah\ninsya aallah masuk surga dong;Pantun Agama;Pantun Agama
4833;pergi ke desa melihat wayang\nlalu pulang menonton akrobat\nistri patuh suami penyayang\nmenjadi berkah hingga akhirat;Pantun Agama;Pantun Agama
4834;pergi ke desa melihat wayang\nlalu pulang menonton akrobat\nistri patuh suami pun sayang\nrumah tangga berkah hingga akhirat;Pantun Agama;Pantun Agama
4865;Pergi ke desa menjelang senja\nLangit jingga hiasan alam\nJika hidup terasa hampa\nIsi dengan doa siang dan malam;Pantun Agama;Pantun Agama
4878;pergi ke halaman mencari selasih\nmasuk ke rumah membawa daun suji\nbersiaplah dan mandi hingga bersih\nkemudian berangkatlah mengaji;Pantun Agama;Pantun Agama
4905;Pergi ke hutan mencari rotan\nRotan panjang diikat tali\nJika ingin kuat iman\nPerbanyak zikir setiap hari;Pantun Agama;Pantun Agama
4913;Pergi ke kali untuk menangkap ikan\nDitangkapnya memakai jala\nMari membantu orang yang membutuhkan\nSupaya kita mendapat pahala;Pantun Agama;Pantun Agama
4916;pergi ke kebun membawa bekal\nnasi seperiuk dibagi empat\nperintah tuhan sungguhlah kekal\nayo kerjakan sholat jumat;Pantun Agama;Pantun Agama
4976;pergi ke kebun tanam lengkuas\ntidak lupa menanam kucai\nilmu allah sangat luas\nbelajar itu tak pernah usai;Pantun Agama;Pantun Agama
4982;pergi ke kondangan hari sabtu\npakailah busana yang bersih\nhari kamis kembali menjamu\nkupanjatkan doa untukmu kasih;Pantun Agama;Pantun Agama
5029;Pergi ke kota naik sepeda\nSepeda baru warnanya merah\nJangan suka berbuat dosa\nKarena hidup tak selalu mudah;Pantun Agama;Pantun Agama
5033;Pergi ke ladang memandang bukit\nBukit hijau memanjakan mata\nJika hidup terasa sempit\nLuaskan sabar dan doa kita;Pantun Agama;Pantun Agama
5035;Pergi ke ladang memandang bukit\nBukit hijau sejauh mata\nJika hidup terasa sempit\nLuaskan doa dan cita;Pantun Agama;Pantun Agama
5036;Pergi ke ladang memandang langit\nLangit luas penuh rahasia\nJika hidup terasa sempit\nPerluas doa dan usaha;Pantun Agama;Pantun Agama
5044;Pergi ke ladang membawa benih\nBenih ditanam di tanah subur\nJika hidup ingin terus bersih\nPelihara iman dan tutur;Pantun Agama;Pantun Agama
5049;Pergi ke ladang membawa cangkul\nTanah digembur penuh harapan\nJika iman terus dipupuk betul\nHidup tenang penuh keberkahan;Pantun Agama;Pantun Agama
5051;Pergi ke ladang membawa pupuk\nPupuk ditabur secukup rasa\nJika hidup ingin tak terpuruk\nKerja tekun dan doa berasa;Pantun Agama;Pantun Agama
5076;pergi ke ladang tanam ubi\nberceceran biji dan benih\nmengikut diri ke jalan nabi\nridha allah kita raih;Pantun Agama;Pantun Agama
5081;pergi ke masjid bawa mukena\nrutin ke masjid janganlah malas\ntetap sabar walau dihina\nsemua tuhan yang membalas;Pantun Agama;Pantun Agama
5100;Pergi ke pantai melihat ombak\nOmbak kecil menyentuh pasir\nJika hidup terasa berat dan sesak\nIngat Tuhan dan jangan khawatir;Pantun Agama;Pantun Agama
5112;Pergi ke pantai memandang malam\nBintang bertabur di angkasa\nJika hidup terasa dalam\nIngat tujuan dan doa semata;Pantun Agama;Pantun Agama
5131;pergi ke pasar bersama dita\npulangnya malah ketemu sasa\ntak usah menangis karena cinta\ntapi menangislah karena dosa;Pantun Agama;Pantun Agama
5173;Pergi ke pasar membeli ketupat\nKetupat hangat dimakan pagi\nJika hidup ingin selamat\nJaga iman dan tingkah laku diri;Pantun Agama;Pantun Agama
5180;pergi ke pasar membeli mangga\ndibuat sambal segar rasanya\nbeberapa hari lagi akan tiba\npuasa ramadhan rukun ketiga;Pantun Agama;Pantun Agama
5184;Pergi ke pasar membeli pala\nPala kering disimpan peti\nJika ingin hidup penuh pahala\nNiatkan baik setiap hati;Pantun Agama;Pantun Agama
5204;pergi ke pasar menjual sukun\nsukun mentah dari jawa\nselalu belajar dengan tekun\njangan lupa untuk berdoa;Pantun Agama;Pantun Agama
5205;pergi ke pasar naik delman\ndi pasar bertemu saudagar\norang sabar disayang tuhan\ndibenci tuhan jika tak sabar;Pantun Agama;Pantun Agama
5263;pergi ke sekolah naik sepeda\ncapek mengayuh pelan jalannya\nberusaha sambil berdoa\nitulah perjuangan yang sesungguhnya;Pantun Agama;Pantun Agama
5276;Pergi ke sungai melihat awan\nAwan putih bergerak perlahan\nJika hidup penuh ujian\nHadapi dengan doa dan keteguhan;Pantun Agama;Pantun Agama
5280;Pergi ke sungai melihat pelangi\nPelangi muncul usai hujan\nJika hidup terasa sepi\nIngat doa dan harapan;Pantun Agama;Pantun Agama
5289;Pergi ke sungai membawa jala\nIkan kecil dilepas kembali\nJika ingin hidup penuh pahala\nTolong sesama dengan tulus hati;Pantun Agama;Pantun Agama
5298;Pergi ke sungai membawa perahu\nPerahu kecil melawan arus\nJika hidup ingin kuat selalu\nSabar dan doa jadi pengusung lurus;Pantun Agama;Pantun Agama
5300;Pergi ke sungai menangkap ikan\nIkan dibawa jadi hiasan\nMari bantu yang membutuhkan\nSemoga Allah beri balasan;Pantun Agama;Pantun Agama
5328;Pergi ke taman melihat bangau\nBangau berdiri di tepi rawa\nJika hidup ingin selalu hijau\nPelihara iman dan jiwa;Pantun Agama;Pantun Agama
5339;Pergi ke taman melihat mentari\nMentari pagi menyapa ceria\nJika hidup ingin selalu berseri\nAwali hari dengan doa;Pantun Agama;Pantun Agama
5378;pergi keluar mencari makan\npulangnya membawa sebungkus rujak\njalankanlah puasa di ramadhan\nuntuk bekal di akhirat kelak;Pantun Agama;Pantun Agama
5381;pergi kepasar membeli itik\npulang nya sambil beli gergaji\nbuat apa punya pacar cantik\nkalau tidak pernah sering mengaji;Pantun Agama;Pantun Agama
5385;pergi kerja membawa sarapan\nberangkat langsung menuju pelabuhan\nkepada tuhan kita mohonkan\nagar cepat dipertemukan;Pantun Agama;Pantun Agama
5393;pergi melihat orang menbatik\nbatik dilukis berbagai rupa\nbarakallah fii umrik kawan baik\nsemoga ibadah selalu terjaga;Pantun Agama;Pantun Agama
5407;Pergi mendaki melihat awan\nLangit biru luas terbentang\nJika hati dipenuhi iman\nLangkah hidup terasa terang;Pantun Agama;Pantun Agama
5430;Pergi sendiri tiada kawan\nKawan berangkat tidak ditahan\nDidik hati untuk dermawan\nUntuk mendapat kasih Tuhan;Pantun Agama;Pantun Agama
5453;Perut lapar meminta makan\nHanya tersisa seekor ikan\nBila sholat selalu ditegakkan\nNasib baik takkan terelakkan;Pantun Agama;Pantun Agama
5460;petang datang seorang tamu\nsudah lama tidak bertemu\nsukses dunia dengan ilmu\nsukses akhirat dengan ilmu;Pantun Agama;Pantun Agama
5479;pipi nenek semakin berkerut\nkarena usianya sudah tua\nrezeki halal mesti dijemput\ndengan ikhtiar serta takwa;Pantun Agama;Pantun Agama
5480;Pipit bersiul di pucuk dahan\nIbu membuat masakan acar\nMembaca Al Quran suruhan Tuhan\nDi sana ada hikmah terpancar;Pantun Agama;Pantun Agama
5487;pisang muda beli dipasar\ndapat dibuat makanan lezat\nmasa muda rajinlah belajar\nagar selamat dunia akhirat;Pantun Agama;Pantun Agama
5499;pisau tak akan tajam selalu\nkarena itu harus diasah\ntuhan tak akan meninggalkanmu\ndi saat engkau kena masalah;Pantun Agama;Pantun Agama
5501;Pohon ara di tepi laman\nAkar menjalar kuat sekali\nJika hidup mahu aman\nTeguhkan iman dalam diri;Pantun Agama;Pantun Agama
5515;Pohon beringin di tepi laman\nAkar menjalar ke dalam bumi\nJika hidup ingin nyaman\nJaga iman dalam diri;Pantun Agama;Pantun Agama
5518;Pohon beringin tumbuh di desa\nDaunnya rindang tempat berteduh\nIlmu dan iman berjalan bersama\nHidup pun terasa penuh dan utuh;Pantun Agama;Pantun Agama
5528;pohon dikebun habis berbuah\ndisambut masak buah rumbiga\nmohonkan ampun dosa yang sudah\nhendak masuk dalam surga;Pantun Agama;Pantun Agama
5530;Pohon durian tinggi menjulang\nBuahnya gugur jatuh ke tanah\nJika hidup jangan bimbang\nRezeki Tuhan tak pernah salah;Pantun Agama;Pantun Agama
5562;pohon kelapa ditanam berdekatan\nsupaya akarnya nanti bersua\nibu bapak diamanati tuhan\nsebagai wakilnya dalam dunia;Pantun Agama;Pantun Agama
5564;Pohon kelapa melambai angin\nBuahnya muda segar rasanya\nJika hidup penuh yakin\nRezeki datang bersama doa;Pantun Agama;Pantun Agama
5584;Pohon kurma dikembangbiakan\nCoba tanam di ujung telaga\nJika agama tak diamalkan\nJangan berharap menuju surga;Pantun Agama;Pantun Agama
5607;Pohon nangka bercelah-celah\nTumbuh subur di depan kolam\nMaafkan mereka yang bersalah\nItulah tanda iman yang dalam;Pantun Agama;Pantun Agama
5628;pohon roboh rumah tertimpa\npisau belati tajam ujungnya\nkepada allah jua meminta\nbersimpuh hati untuk berdoa;Pantun Agama;Pantun Agama
5643;pohon tinggi jatuh membayang\njalan setapak dari ketapang\nsiapa yang rajin sembahyang\nsejuk di hati dada pun lapang;Pantun Agama;Pantun Agama
5645;pohon tumbang rumah tertimpa\nbangun rumah membuat bata\nsholat yang jangan dilupa\nsebagai bekal akhirat kita;Pantun Agama;Pantun Agama
5655;potong baju memakai gunting\njangan gunting dalam lipatan\nkebersihan sekolah itu penting\nkarena sebagian dari iman;Pantun Agama;Pantun Agama
5661;prajurit berlatih panah\ndekat lembah tanah yang rendah\npegang teguh quran dan sunnah\nsupaya hidup menjadi indah;Pantun Agama;Pantun Agama
5663;puasamu tahun lalu bolong\nramadhan tahun ini jangan\njika hati dan cintamu lagi kosong\nseringseringlah membaca alquran;Pantun Agama;Pantun Agama
5665;Pucuk delima di hujung taman\nMekar sekuntum disapa mentari\nJika amanah dijunjung iman\nSejahtera hidup meniti hari;Pantun Agama;Pantun Agama
5666;Pucuk menghijau di hujung dahan\nMenambah redup menyejuk taman\nAnak anugerah kurniaan Tuhan\nPenyeri hidup menjadi teman;Pantun Agama;Pantun Agama
5701;punya rumah di pinggir kali\nsungguh indah walau tak mewah\nbukan jumlah rizki dicari\nyang penting halal dan penuh berkah;Pantun Agama;Pantun Agama
5707;Purnama luhur di dada langit\nCahaya bening menyimbah laman\nJika amanah tidak disabit\nLuntur maruah hilanglah iman;Pantun Agama;Pantun Agama
5717;puteri suka bunga petunia\ntanamnya di taman luas lega\njangan mengharap pahala dunia\njujur kita untuk ke surga;Pantun Agama;Pantun Agama
5718;putih kertas tiada nodanya\nmengambil air dengan timba\ncintai allah di atas segalanya\nitulah tanda baiknya hamba;Pantun Agama;Pantun Agama
5721;putih warna kapur barus\nmerahmerah buah tomat\ntitilah jalan yang lurus\nyang penuh nikmat serta rahmat;Pantun Agama;Pantun Agama
5730;putihputih bunga melati\nharus semerbak menghiasi taman\nmari bergembira di dalam hati\nmenyambut bulan penuh ampunan;Pantun Agama;Pantun Agama
5745;raja punya banyak tentara\ndari barat banyak bekalnya\nhidup di dunia sementara\nhidup akhirat untuk selamanya;Pantun Agama;Pantun Agama
5747;rajin belajar naik kelas\ntekun belajar dapat juara\nibadah itu haruslah ikhlas\nsupaya dibalas dengan pahala;Pantun Agama;Pantun Agama
5758;ramadhan hari ke tujuh\njagalah hati biar tak percuma\nkalau kamu puasa sebulan penuh\ncintamu pasti langsung aku terima;Pantun Agama;Pantun Agama
5764;ramai orang menggali perigi\nambil buluh diikat kuat\nilmu dicari tidaklah merugi\njadi bekal di dunia dan akhirat;Pantun Agama;Pantun Agama
5765;ramai orang menggali perigi\nambil buluh lalu diikat\nilmu dicari tak akan rugi\nbuat bekalan dunia akhirat;Pantun Agama;Pantun Agama
5768;Rambut biru dibungkus kasa\nSeniman datang bawa sketsa\nBersujud selalu pada Sang Kuasa\nMohon ampunan segala dosa;Pantun Agama;Pantun Agama
5771;rambut panjang baik digelung\npakai kain kepala ikatnya\nwalau pahala sebanyak gunung\nkalau riya tiada pahala;Pantun Agama;Pantun Agama
5780;Ranting sena dililit resam\nDaun berayun disentuh bayu\nJika iman tersimpan dalam\nTakkan goyah hati nan satu;Pantun Agama;Pantun Agama
5786;redup bulan nampak akan hujan\npasang pelita sampai berjelaga\nhidup mati di tangan tuhan\ntiada siapa dapat menduga;Pantun Agama;Pantun Agama
5788;rencana besok ada tamu\ntolong kamu sediain donat\naku bukan membenci kamu\naku hanya pengen kamu rajin sholat;Pantun Agama;Pantun Agama
5809;roti lembut minyak samin\nselalu disuka sepanjang zaman\ncintai insan karena rabbul alamin\nsupaya terasa lezatnya iman;Pantun Agama;Pantun Agama
5815;rumah gedung dari bata\nbukan istana untuk raja\nzakat mal penyuci harta\nharta buruk dibuang saja;Pantun Agama;Pantun Agama
5826;rumput jepang dimakan kelinci\ntiada sisa tiada serpih\nkuatkan hati dekatkan diri\npada tuhan yang maha pengasih;Pantun Agama;Pantun Agama
5829;rumputrumput di pinggir semak\njatuh sehelai selarasnya\nmeski ilmu setinggi tegak\ntidak sembahyang apa gunanya;Pantun Agama;Pantun Agama
5830;rusa banyak dalam rimba\nkera pun banyak tengah berhimpun\ndosa banyak dalam dunia\nsegeralah kita meminta ampun;Pantun Agama;Pantun Agama
5844;saat menyuruh ajudan\ndia sedang mencari ragi\nselamat tinggal ramadhan\nmoga tahun depan berjumpa lagi;Pantun Agama;Pantun Agama
5848;safar jauh membawa bekal\npergi ke arab ke kota mekah\nsiapa yang rezekinya halal\npasti hidupnya mendapat berkah;Pantun Agama;Pantun Agama
5850;Sakit gigi selalu kambuh\nDengar irama terasa gaduh\nKe mana hati harus berlabuh\nKepada Tuhan tempat berteduh;Pantun Agama;Pantun Agama
5871;Sangat lapar menjelang siang\nSurya bersinar tiada bayang\nAgama tegak karena tiang\nTiangnya adalah sembahyang;Pantun Agama;Pantun Agama
5875;Sangkuriang Dayang Sumbi\nCerita klasik patut dihayati\nBila jauh dari sunnah Nabi\nTersesat pikir, tersesat hati;Pantun Agama;Pantun Agama
5884;sarang lebah jangan diburu\nkarena gigitannya sangat menyengat\nbarang siapa yang tinggi ilmu\ninsya allah derajat akan diangkat;Pantun Agama;Pantun Agama
5890;sarapan pagi dengan kepal\nbeli di warung istri pak mamat\nilmu dunia jangan ditinggal\nilmu akhirat harus didapat;Pantun Agama;Pantun Agama
5905;sarapan pagi dengan roti\nsebelum berangkat pergi bekerja\nselamat hari raya idul fitri\nbuat orangtua dan saudara;Pantun Agama;Pantun Agama
5922;sawah padi tanahnya subur\nlangit senja warna jingga\njauhkan diri dari takabur\njika ingin masuk ke surga;Pantun Agama;Pantun Agama
5929;sayang sayang buah kepayang\nbuah kepayang hendak dimakan\nmanusia hanya boleh merancang\nkuasa allah menentukan;Pantun Agama;Pantun Agama
5931;sayangsayang buah kepayang\nbuah kepayang hendak dimakan\nkita hanya bisa terus merancang\nkuasa tuhan yang menentukan;Pantun Agama;Pantun Agama
5933;sayur kuah isinya sawi\npaling cocok waktu istirahat\npandaipandai lah menjaga diri\nkarena allah maha melihat;Pantun Agama;Pantun Agama
5939;sebatang lilin habis perlahan\napinya mati suasana kelam\npuasa ramadhan itu rukun iman\nperintah wajib untuk umat islam;Pantun Agama;Pantun Agama
5941;sebelum hujan sediakan payung\nke kondangan memakai gamis\nrindu akan kembali menggunung\nkarena momen lebaran telah habis;Pantun Agama;Pantun Agama
5949;sebelum pergi jangan lupa makan\nagar hari tidak penuh gundah\nterima kasih telah diingatkan\ntak akan lupa waktu ibadah;Pantun Agama;Pantun Agama
5977;sejuk dingin kota cimahi\nkeliling kota dengan sepedah\nsujud syukur pada ilahi\ngunakan hidup untuk ibadah;Pantun Agama;Pantun Agama
5978;Sejuk dinginnya kota Cimahi\nDua baju di dalam wadah\nSujud syukur pada Ilahi\nGunakan hidup untuk ibadah;Pantun Agama;Pantun Agama
5982;sekarang hari selasa\nramadhan ke tiga puluh\nrindu itu seperti puasa\nwalau berat namun tetap aku tempuh;Pantun Agama;Pantun Agama
5990;Selagi langit masih senja\nAyo kita segera berangkat\nSelagi usia masih muda\nAyo kita segera tobat;Pantun Agama;Pantun Agama
5994;selamat berbuka puasa\nbuat para jomblo akhir zaman\nkalau mencintaimu itu dosa\nudah pasti takkan aku hiraukan;Pantun Agama;Pantun Agama
6012;seminggu lagi ramadhan\nsambutlah dengan gembira\njangan lupa membaca alquran\nmoga selamat dari siksa neraka;Pantun Agama;Pantun Agama
6013;semoga arang menjadi api\nmenyala dalam tungkunya api\nsemoga kita berjumpa lagi\ndi surga milik yang maha tinggi;Pantun Agama;Pantun Agama
6014;semua bumbu hendak diramu\nagar sedap rasa masakan\ntinggi derajat karena ilmu\nilmu membawa pada iman;Pantun Agama;Pantun Agama
6016;semua lauk habis sudah\nhanya tersisa sepiring gulagula\nsejak dini rajin ibadah\nsering mengaji tambah pahala;Pantun Agama;Pantun Agama
6018;semua rempah hendak diramu\nagar menjadi lezat rasa masakan\ntinggi derajat lantaran berilmu\nilmu yang baik membawa pada iman;Pantun Agama;Pantun Agama
6026;senja datang langit merona\nawan merah di atas kepala\npacaran itu mendekati zina\nbanyak dosa tak berpahala;Pantun Agama;Pantun Agama
6031;senja terbenam di langit barat\nbulan tak bersinar di malam sendu\nhidup di dunia ingatlah akhirat\nsebagai bekal gapailah ilmu;Pantun Agama;Pantun Agama
6050;sepohon kayu daunnya rimbun\nlebat daunnya banyak buahnya\nwalau hidup seribu tahun\ntak sembahyang apa gunanya;Pantun Agama;Pantun Agama
6057;seringlah membaca buku\nbiar tak di bilang lagi bodoh\nalangkah bahagianya aku\nbila lebaran nanti ketemu jodoh;Pantun Agama;Pantun Agama
6064;Setelah makan lalu berkumur\nSupaya kuman tiada masuk\nApa tanda orang bersyukur\nMenunaikan sholat penuh khusyuk;Pantun Agama;Pantun Agama
6065;setelah mandi sarapan roti\nsebelum berangkat ke sawah\nsetelah bekerja sepanjang hari\npasrahkan semua kepada allah;Pantun Agama;Pantun Agama
6069;setelah selesai mgahriban\nrencana terbang ke kota mekah\nmoga tuhan memberiku jalan\nagar aku bisa segera menikah;Pantun Agama;Pantun Agama
6091;siang hari bermain layang\nlayangan putus ke langit biru\nselamat jalan ibuku sayang\nsemoga surga ada padamu;Pantun Agama;Pantun Agama
6095;siang hari makan semangka\ncampur dengan es dan gula\nhati ibu sungguh mulia\nkasihnya membawa ke surga;Pantun Agama;Pantun Agama
6109;siangsiang makan semangka\ncampur dengan sedikit gula\nhari jumat telah tiba\nuntuk umat islam sedunia;Pantun Agama;Pantun Agama
6111;siangsiang pergi berenang\nberenang dekat pelabuhan\njika ingin hidup tenang\njauhilah larangan tuhan;Pantun Agama;Pantun Agama
6114;siapa kokoh memegang iman\nhidup matinya tidak akan sesat\nsiapa senonoh menyembah tuhan\ndunia akhirat badan selamat;Pantun Agama;Pantun Agama
6115;siapa melangkah di jalan tuhan\nke mana pergi badan selamat\nsiapa amanah dalam kebenaran\ntuah terdiri iman melekat;Pantun Agama;Pantun Agama
6121;siapa suka kue mayang\nsaya suka kue lemang\nsiapa yang suka sembahyang\nhidup nyaman hatinya tenang;Pantun Agama;Pantun Agama
6126;Siapa yang tidak memegang panah\nPasti dia tidak punya ancaman\nSiapa yang tidak memegang amanah\nPasti dia tidak membawa iman;Pantun Agama;Pantun Agama
6137;simpan uang dalam celana\nlupa karena sudah lama\nhari lebaran telah tiba\nmohon maaf untuk yang tercinta;Pantun Agama;Pantun Agama
6138;sinar matahari amatlah terik\nterkena kulit sangat panasnya\nawas jangan kamu berbuat syirik\nsebab itu mengekalkan di neraka;Pantun Agama;Pantun Agama
6171;sore hari pulang sekolah\nsampai rumah langsung mandi\nberkumpul bersama dalam rumah\nmenikmati malam idul fitri;Pantun Agama;Pantun Agama
6178;sorong papan tarik papan\nbuah keranji dalam perahu\nsuruh makan awak makan\nsuruh mengaji awak tak mahu;Pantun Agama;Pantun Agama
6182;suara keras digaungkan\ndalam gua gelap gulita\nsunnah nabi kita agungkan\nitulah tanda rasa cinta;Pantun Agama;Pantun Agama
6193;subuh tiba bersiaplah nelayan\nuntuk pergi mencari ikan\nseimbangkanlah ilmu dan iman\nagar selalu diberkahi tuhan;Pantun Agama;Pantun Agama
6198;sudah matang buah mangga\nambil dia dengan galah\nbekerja dengan sepenuh jiwa\ningatlah allah janjikan berkah;Pantun Agama;Pantun Agama
6199;sudah menguning padi di sawah\ndipanen ketika seusai hujan\nsemakin rajin kamu kuliah\nsemakin dekatkan diri pada tuhan;Pantun Agama;Pantun Agama
6200;sudah merah buah pepaya\nbagi dua untuk tetangga\nal quran laksana cahaya\nmenerangi jalan menuju surga;Pantun Agama;Pantun Agama
6202;sudah robek kertas koran\nindah mata satu kedipan\nsiapa belajar al quran\nmendapat cahaya dalam kehidupan;Pantun Agama;Pantun Agama
6204;sudilah tuan jalan berlapan\njalan balapan di malam kelam\nsudilah tuhan beri ucapan\nkata aluan pemanis kalam;Pantun Agama;Pantun Agama
6208;sumut beribukota medan\ntermasuk kota metropolitan\nlingkungan adalah anugerah tuhan\njagalah agar hidup nyaman;Pantun Agama;Pantun Agama
6215;sungai pasang kini surut\nairnya jernih segar rasanya\nperintah allah mesti diturut\njika ingin hidup bahagia;Pantun Agama;Pantun Agama
6223;Sungguh besar si pohon randu\nRumput banyak di tanah perdu\nKepada Allah kita merindu\nHidup indah, merdu dah syahdu;Pantun Agama;Pantun Agama
6234;sungguh indah bunga di taman\nbermain disana anak kelinci\nfitri membawa seberkah harapan\nmenambah cinta kepada ilahi;Pantun Agama;Pantun Kasih Sayang
6241;sungguh indah kota mekah\njangan lupa kota madinah\nsiapa yang memberi sedekah\noleh allah diberi nafkah;Pantun Agama;Pantun Agama
6246;Sungguh indah pesona alam\nPenuh bunga yang bermekaran\nBersedekah tuntunan Islam\nDalam Al Quran sudah dituliskan;Pantun Agama;Pantun Agama
6247;Sungguh indah pesona Mekah\nSenang hati berkunjung ke sana\nMalam hari ketiban berkah\nSujud pada-Nya panjatkan doa;Pantun Agama;Pantun Agama
6248;sungguh indah pintu dipahat\nburung puyuh di atas dahan\nkalau hidup hendak selamat\ntaat selalu perintah tuhan;Pantun Agama;Pantun Agama
6253;sungguh jernih sungai asahan\ntempat anak bermain jala\nbantu orang yang kesusahan\ndengan ikhlas mengharap pahala;Pantun Agama;Pantun Agama
6259;Sungguh mahal batu permata\nDicari orang dahulu kala\nMoga di hati tumbuh cinta\nTerhadap Nabi yang mulia;Pantun Agama;Pantun Agama
6267;sungguh manis isi batang tebu\nditanam petani berderet rapi\nsungguh mulia hati dan doa ibu\ndipanjatkan selalu tiada henti;Pantun Agama;Pantun Agama
6268;sungguh manis rasa rambutan\nmadu asli amatlah kental\nsebelum ajal memisahkan\nberi ku waktu untuk mengenal;Pantun Agama;Pantun Agama
6269;sungguh manis rasanya durian\ntimun suri rasanya hambar\nselamat buka puasa kawan\nsemoga puasanya selalu lancar;Pantun Agama;Pantun Agama
6274;sungguh merah warna cincin\nwarnanya merah indah merekah\nbiarlah sering disebut miskin\nyang penting senantiasa sedekah;Pantun Agama;Pantun Agama
6281;sungguh rimbun daun pepohonan\ntumbuh subur di taman kota\nsungguh indah ciptaan tuhan\nsudah sepatutnya kita jaga;Pantun Agama;Pantun Agama
6282;sungguh sedap makan pepesan\npepesan jamur pepesan ikan\ndosa besar bagi insan\nbanyak berkata tidak mengamalkan;Pantun Agama;Pantun Agama
6286;sungguh terang cahaya bulan\nbulan pernama di akhir pekan\nkepada kawan dan handai taulan\nmarhaban di bulan ramadhan;Pantun Agama;Pantun Agama
6292;supaya tangan tidak terluka\njangan dikepit hulunya kapak\nsupaya tuhan tidak murka\njangan sakiti ibu dan bapak;Pantun Agama;Pantun Agama
6297;surya tenggelam di ufuk barat\ndengan bulan tak pernah bertemu\nsiapa hendak mencari akhirat\ndia harus dengan ilmu;Pantun Agama;Pantun Agama
6298;surya tenggelam ke barat\nsenja hati merah cahayanya\njika ingin dapat dunia akhirat\nilmu dan amal adalah kuncinya;Pantun Agama;Pantun Agama
6326;tanah air adalah indonesia\nselalu membangun bangsa tanpa lelah\njika kau ingin hidup bahagia\nrajinlah sedekah karena allah;Pantun Agama;Pantun Agama
6342;tanam mawar di ujung taman\nhampir mati dan tak berdahan\nharus seimbang ilmu dan iman\nagar kelak diberkahi tuhan;Pantun Agama;Pantun Agama
6347;tanam padi tumbuh ilalang\nkalau lapar makan lemang\nkepada allah jua engkau pulang\njangan dosa bergelimang;Pantun Agama;Pantun Agama
6363;tangan menadah kupanjatkan doa\nteruntuk engkau yang tersayang\nsemoga tuhan satukan kita\nmeski sekarang jarak terbentang;Pantun Agama;Pantun Agama
6376;tante mayang istrinya jaksa\nmembeli bubur dikasih laksa\ntidak sembahyang tidak puasa\ndi dalam kubur pasti disiksa;Pantun Agama;Pantun Agama
6377;tari piring tari saman\ntari lilin apinya berpijar\nal quran adalah pedoman\nrajinrajinlah engkau belajar;Pantun Agama;Pantun Agama
6383;Tata tertib harus dilaksanakan\nAgar warga tidak berantakan\nSalat Maghrib rajin ditunaikan\nJiwa hampa bisa disembuhkan;Pantun Agama;Pantun Agama
6384;tatap langit terlihat awan\npohon beringin besar di dahan\nsiapa memberi makan hewan\nniscaya mendapat kasih tuhan;Pantun Agama;Pantun Agama
6389;tegak rumah karena tiang\nrumah panggung punya kolong\nsewaktu hidup tidak sembahyang\nmasuk neraka tiada penolong;Pantun Agama;Pantun Agama
6426;terampil tangan mengukir mihrab\nsangat indah tak terhingga\nwahai wanita kenakan hijab\nsupaya bisa masuk ke surga;Pantun Agama;Pantun Agama
6431;terasa pegal sampai kaki\nkaki pegal karena letih\nsemangat dalam mencari rejeki\nniscaya allah memberi lebih;Pantun Agama;Pantun Agama
6447;terdengar suara bergema\nitulah suara di dalam gua\nmari belajar bersamasama\nagar bersama masuk ke surga;Pantun Agama;Pantun Agama
6450;teriak keras sampai ke urat\ntak seorang pun akan tahan\njika kau ingin hidup selamat\ntaat selalu perintah tuhan;Pantun Agama;Pantun Agama
6456;terkena ombak perahu karam\nikan kecil berlompatlompatan\nmencuri adalah perbuatan haram\nharam pula yang didapatkan;Pantun Agama;Pantun Agama
6460;terlambat masuk ke sekolah\nkarena bangunnya kesiangan\nramadhan memang penuh berkah\nmari tingkatkan amal kebajikan;Pantun Agama;Pantun Agama
6461;terlihat cahaya pada dahi\nsenyum manis menghiasi\nsyirik hendaknya dijauhi\nitulah tanda iman di hati;Pantun Agama;Pantun Agama
6470;Tetak buluh panjang suluh\nMari jolok sarang penyengat\nAngkat doa jari sepuluh\nDoa minta biar selamat;Pantun Agama;Pantun Agama
6477;tiap daerah punya adat\nmenjadi beda seluruh jagat\ndalam al quran sudah tercatat\nyang punya ilmu tinggi derajat;Pantun Agama;Pantun Agama
6481;tiap nafas tiadalah kekal\nsiapkan bekal menjelang wafat\nturutlah nabi siapkan bekal\ndengan sebar ilmu manfaat;Pantun Agama;Pantun Agama
6490;tidur nyenyak di atas bantal\nbunga putih tumbuh di dahan\ncarilah harta dengan halal\nwalau sedikit ada keberkahan;Pantun Agama;Pantun Agama
6503;tinggi bayam berjengkaljengkal\nbayang dijinjing karena ringan\nkepada allah bertawakal\ntempat diri mohon pertolongan;Pantun Agama;Pantun Agama
6526;tubuh dijilat paduka tuan\ntidak cacat tidak selia\ndidalam surga ada penantian\nhanya untuk yang beramal mulia;Pantun Agama;Pantun Agama
6527;tubuh lemah tiada daya\nmendaki bukit jalan tak rata\nhiasi diri dengan akhlak mulia\nagar allah meridhai kita;Pantun Agama;Pantun Agama
6554;tupai melompat mencuri kentang\nkentang habis tinggalah ikan\nsholat magrib waktu petang\njangan pernah kau tinggalkan;Pantun Agama;Pantun Agama
6557;turun ke kali untuk mandi\nkain perca di dalam peti\njadilah anak yang berbudi\nkepada tuhan selalu berbakti;Pantun Agama;Pantun Agama
6559;tutup lubang dengan tanah\nakan tumbuh biji pepaya\nsholat wajib berjamaah\npergi ke masjid bagi pria;Pantun Agama;Pantun Agama
6562;uang seribu membeli ikan\nrasa lezat satu kerat\nmoga ibu disayang tuhan\nbahagia di dunia akhirat;Pantun Agama;Pantun Agama
6563;Ubah besi menjadi baja\nBaja dipasang di dalam goa\nSepanjang hari capek kerja\nTenangkan jiwa dengan berdoa;Pantun Agama;Pantun Agama
6566;udara pagi sungguh segar\nisi dengan minum kopi\nsemoga cinta semakin besar\nselepas lebaran di hari ini;Pantun Agama;Pantun Agama
6569;Ular kobra katanya berbisa\nBisa menembus kulit raksasa\nIkhlaskan niat dalam puasa\nMoga terhapus segala dosa;Pantun Agama;Pantun Agama
6577;untuk apa duduk di taman\nkalau mata tidak terjaga\nuntuk apa hidup berteman\nkalau tidak sampai ke surga;Pantun Agama;Pantun Agama
6590;wahai ananda kuntum pilihan\nsyarak dan sunnah jangan abaikan\nberbuat baik janganlah segan\nsupaya engkau dirahmati tuhan;Pantun Agama;Pantun Agama
6614;Walaupun malam semakin redup\nTapi semangat tetap menyala\nTerbiasa berbagi di kala hidup\nHidup kan nikmat kaya pahala;Pantun Agama;Pantun Agama
6616;wanita cantik berhijab merah\nberteduh karena hujan lebat\nwahai kawan mari berhijrah\ndari maksiat menuju taubat;Pantun Agama;Pantun Agama
6625;Warna ungu si buah jambu\nWarna hitam buah mengkudu\nKalau harimu sedang kelabu\nKepada Tuhan kamu mengadu;Pantun Agama;Pantun Agama
6635;yang menyobek majalahku\ndia yang sedang memilih buku\nmoga tuhan mengabulkan doaku\nkamu menjadi jodoh terbaikku;Pantun Agama;Pantun Agama
3;ada anak kecil bermain batu\nbatu dilempar masuk ke sumur\nbelajar itu tak kenal waktu\njuga tidak memandang umur;Pantun Nasihat;Pantun Nasihat
5;Ada angin menghempas tomat\nBuah semangka di dalam goa\nJika ingin hidup selamat\nJangan lupa sering berdoa;Pantun Nasihat;Pantun Nasihat
7;ada baju di dalam lemari\nbaju dipakai untuk ke pesta\nselamat berjumpa pahlawan kami\nsemoga banyak kisah manis tercipta;Pantun Nasihat;Pantun Nasihat
10;ada beruang mencuri telur\nmelihat mata berwarna ungu\ndimana tuan hendak tidur\ndi atas dada di rongga susu;Pantun Nasihat;Pantun Nasihat
11;ada bhiksu sedang bertapa\nsangat khidmat meninggalkan dunia\nwahai anak janganlah lupa\nmenabung sumber kekayaan harta;Pantun Nasihat;Pantun Nasihat
12;ada bintang ada matahari\nselalu bersinar setiap hari\nkegigihan seorang suami\nbisa dilihat setiap hari;Pantun Nasihat;Pantun Nasihat
13;ada buaya berjumlah lima\npadang pasir banyak unta\nmain game jangan lamalama\nnanti rusak kedua mata;Pantun Nasihat;Pantun Nasihat
15;ada budak membuang dedak\npenuh setimba di celah batu\nberdua tidak bertiga pun tidak\nkekasih hamba hanyalah satu;Pantun Nasihat;Pantun Nasihat
16;ada bulan ada matahari\nselalu setia kepada bumi\nbuat apa dikejar lagi\njika tidak dipedulikan lagi;Pantun Nasihat;Pantun Nasihat
17;ada bunga melati di taman\nharum mewangi seharian\ndaripada dikekang oleh pasangan\nmending sendiri tanpa ada aturan;Pantun Nasihat;Pantun Nasihat
18;ada burung tersangkut kawat\ningin terbang ke tempat jauh\nku bertekad ingin jadi perawat\nmenjaga orang sakit hingga sembuh;Pantun Nasihat;Pantun Nasihat
19;Ada cambuk ada cemeti\nSimpan satu di dalam peti\nJaga akhlak budi pekerti\nTabiat buruk segera diganti;Pantun Nasihat;Pantun Nasihat
20;ada daun di daun talas\ntalas ditimbang sudah berat\ncari ilmu jangan hanya di kelas\nmembaurlah dengan masyarakat;Pantun Nasihat;Pantun Nasihat
21;ada di sana dan di sini\nmereka pada baca buku\nkalau lagi sendiri gini\nrindu selalu menjajah diriku;Pantun Nasihat;Pantun Kasih Sayang
22;ada di tuan pakai celana\nmelihat bintang di malam hari\njikalau tuan memang bijaksana\nbinatang apa yang tanduknya di kaki;Pantun Nasihat;Pantun Hiburan
25;ada hewan meloncatloncat\nnamanya adalah kangguru\nkamis pagi bangunlah cepat\nkarena ini bukan minggu;Pantun Nasihat;Pantun Nasihat
26;ada hewan namanya keledai\nkeledai jalan pergi ke pantai\nkalau ingin jadi pandai\nharap adek tak suka lalai;Pantun Nasihat;Pantun Nasihat
27;ada hiburan kuda kepang\npenarinya sedang bergoyang\nayo kita ke tanah lapang\nuntuk bermain layanglayang;Pantun Nasihat;Pantun Nasihat
28;ada ikan dirawarawa\nmakan batu mati tersedak\nsakit perut aku menahan tawa\nmelihat kakek duduk berbedak;Pantun Nasihat;Pantun Hiburan
30;ada jarum dan juga peniti\njangan ditusuk pastilah sakit\nsesama teman jangan berkelahi\ntak ada guna badanpun sakit;Pantun Nasihat;Pantun Nasihat
32;ada kain berwarna merah\nsungguh indah dipandang mata\nkalau main jangan marah\nsenang sahaja bersukacita;Pantun Nasihat;Pantun Nasihat
33;ada kain mengelap manekin\nsudah basah jangan dibuang\ngunakan waktu sebaik mungkin\nkesempatan baik tidak terulang;Pantun Nasihat;Pantun Nasihat
35;ada katak sedang melompat\nmelompat indah di tengah sawah\nkerja keraslah setiap saat\ndemi keluarga di rumah;Pantun Nasihat;Pantun Nasihat
36;ada kera memanjat kelapa\nkelapa di panjat hari selasa\nsahabat itu saling menjaga\ntempat saling berbagi cerita;Pantun Nasihat;Pantun Nasihat
37;ada kerajinan kayu juga rotan\nkeduanya terdapat di hutan\nhormati gurumu dan sayangi teman\nbegitulah ciri murid budiman;Pantun Nasihat;Pantun Nasihat
38;ada kucing sedang mengeong\nmeminta makan pada induknya\njika berilmu janganlah sombong\nyang lebih pintar banyak jumlahnya;Pantun Nasihat;Pantun Nasihat
40;ada makanan di atas meja\ndisediakan untuk sarapan\njika ingin jadi mahasiswa\nsekolah dasar jangan diabaikan;Pantun Nasihat;Pantun Nasihat
42;ada mata disamping telinga\nuntuk melihat yang dituju\nilmu itu untuk ditimba\nbukan semata dibiarkan berlalu;Pantun Nasihat;Pantun Nasihat
43;ada minyak di dapur bunda\ngoreng tahu goreng kelapa\nsemakin banyak ilmu di dada\nsemakin tahu bodohnya kita;Pantun Nasihat;Pantun Nasihat
44;ada monyet sisiran sambil berkaca\nada kuda mirip keledai\nrajin menulis rajin membaca\nitu pertanda anak yang pandai;Pantun Nasihat;Pantun Nasihat
45;ada muslimah memakai cadar\nalangkah cantik memakai cindai\nsewaktu kecil rajin belajar\nsudah besar menjadi pandai;Pantun Nasihat;Pantun Nasihat
46;ada nilam minum kopi luwak\ndicampur arang rasanya agak tengik\nmari kita menanam budi yang banyak\nagar orang yang jahat jadi baik;Pantun Nasihat;Pantun Nasihat
47;ada orang bandung kepala dijitak\ndijitak orang sampai muntahmuntah\nselama jantung ini terus berdetak\ncintaku tak akan mudah luluh lantah;Pantun Nasihat;Pantun Kasih Sayang
48;ada orang maluku dijitak\ndijitak sama orang batak\nselama jantungku masih berdetak\ncintaku tak akan luluh lantak;Pantun Nasihat;Pantun Kasih Sayang
51;ada penyanyi ada penari\nbukan pemusik bukan pelari\npergi sekolah pagi hari\npergi madrasah sore hari;Pantun Nasihat;Pantun Nasihat
52;ada perempuan dan lakilaki\nhidup saling berpasangpasang\njauhilah iri dan dengki\nniscaya hidup selalu tenang;Pantun Nasihat;Pantun Nasihat
54;ada pohon buah rambutan\nmenimpa pengolahan kopi\nwalau gabisa satnitean\nkita ketemuan aja dalam mimpi;Pantun Nasihat;Pantun Kasih Sayang
56;ada politikus di tahan\ndi duga karena korupsi\njangan karena beda pilihan\ndi hatimu tumbuh rasa benci;Pantun Nasihat;Pantun Nasihat
57;ada radio ada televisi\nselalu menghibur setiap hari\ntidak perlu tuk diratapi\nsudah waktunya mencari lagi;Pantun Nasihat;Pantun Nasihat
59;ada sarapan di atas meja\nperbekalan untuk pergi ke sawah\nkusangka mimpi menyiram bunga\nketika bangun celana basah;Pantun Nasihat;Pantun Hiburan
62;ada sepuluh sebelum sebelas\nanak kecil belajar matematika\nsenyummu tenangkan suasana kelas\nwahai sang guru yang tercinta;Pantun Nasihat;Pantun Kasih Sayang
63;ada singa mengejar macan\nkeduanya akhirnya berkelahi\njalan benar adalah tujuan\nuntuk dapat ridho illahi;Pantun Nasihat;Pantun Nasihat
64;ada sisir monyet berkaca\nada kuda mirip keledai\nrajin menulis rajin membaca\nitu pertanda anak yang pandai;Pantun Nasihat;Pantun Nasihat
65;ada subuh sebelum pagi\npetani berangkat menuai padi\njagalah mata jaga hati\ningat aku disini menanti;Pantun Nasihat;Pantun Nasihat
66;ada susahnya makan talam\nhabis lima tak bilangbilang\nada susahnya berbadan hitam\nkalau gelap disangka hilang;Pantun Nasihat;Pantun Hiburan
67;ada tali tambang ditarik\ntali digunakan untuk menolong\nakhlak baik dan adab baik\ndi mana saja akan menolong;Pantun Nasihat;Pantun Nasihat
68;ada taman hati sedang berbunga\nselalu disirami oleh cintamu\nbiarkan saja semua menghina\nsayangku tetap hanya untukmu;Pantun Nasihat;Pantun Kasih Sayang
69;Ada tubuh ada tangan\nTiada kepala tiada kaki\nSangat berguna waktu hujan\nApakah dia yang dimaksudkan ini;Pantun Nasihat;Pantun Hiburan
70;ada tupai mengambil kerang\ngubuk kecil suara ratapan\norang pandai sangatlah tenang\nsenyuman teduh mantap tatapan;Pantun Nasihat;Pantun Nasihat
71;ada ulat di kaca mobilmu\njangan lupa disingkirkan\nsayang jagalah kesehatanmu\njangan sampai kamu telat sarapan;Pantun Nasihat;Pantun Nasihat
78;ada yang rambat di satu pagar\nternyata itu si alamanda\njadilah murid berotak pintar\njuga selalu baik hatinya;Pantun Nasihat;Pantun Nasihat
79;adakah perisai bertali rambut\nrambut dipintal akan cemara\nadakah misai tahu takut\nkamipun muda lagi perkasa;Pantun Nasihat;Pantun Nasihat
80;adalah figa sang pemberani\nrumahnya ada di goa batu\nmataku tiga berwarnawarni\ntak punya tangan kaki pun satu;Pantun Nasihat;Pantun Hiburan
82;Adat hidup Melayu terpuji\nSesama makhluk bersuci hati\nKepada orang bertanam budi\nMemberi tidak mengharap ganti;Pantun Nasihat;Pantun Nasihat
86;adik belajar di dalam kamar\nilmu perkalian dan membagi\nsalam pertama terasa hambar\nmari kita ulangi sekali lagi;Pantun Nasihat;Pantun Nasihat
90;adik kecil mukanya bersih\nselepas dimandi oleh bunda\nkulitnya hitam isinya putih\nrasanya manis seperti gula;Pantun Nasihat;Pantun Hiburan
93;adik kecil tidur di kamar\nsampai mentari telah bersinar\nbelajar tak sekedar jadi pintar\nnamun juga menjadi pribadi benar;Pantun Nasihat;Pantun Nasihat
94;adik libur di hari kamis\nsaat libur mencuci sepatunya\njika bertemu dengan pengemis\nberilah uang seikhlasnya;Pantun Nasihat;Pantun Nasihat
97;adik membeli mainan baru\nlalu disimpannya di dalam kamar\nkalau mau disayang ibu guru\nrajinrajinlah kamu belajar;Pantun Nasihat;Pantun Nasihat
98;Adik nia memetik tomat\nTomat merah dibelah dua\nKakek cerita terlalu semangat\nGigi palsunya copot semua;Pantun Nasihat;Pantun Hiburan
100;adik saya pindah ke jambi\nsehingga dia dibanggakan\njika kakanda ingkar janji\nbadan dan nyawa yang jadi tanggungan;Pantun Nasihat;Pantun Nasihat
103;Adik terjatuh kerana tersekat\nKepada ibu si kakak mengadu\nSama sekampung teguhkan pakat\nMasyarakat sepakat bersatu padu;Pantun Nasihat;Pantun Nasihat
104;adik tertawa saat bercanda\nsaat tertawa giginya ompong\nanak manis kesayangan bunda\njangan nakal tak boleh bohong;Pantun Nasihat;Pantun Nasihat
105;afgan punya lagu sadis\ndinyanyikan oleh si maitun\nselamat kamis nona manis\nmemang manis tapi berjakun;Pantun Nasihat;Pantun Hiburan
107;aib itu dirahasiakan\nnafas pendek hingga tersengal\nwaktu muda disiasiakan\nsudah tua hanya menyesal;Pantun Nasihat;Pantun Nasihat
108;air beriak tanda tak dalam\nikan meloncat bercanda ria\nakhir babak berlagak seram\nangan terjerat tiada tawa;Pantun Nasihat;Pantun Nasihat
110;air cuka tempatnya bulat\nbulat hati lantaran tekad\njangan suka memdiberi coklat\nmari kita lakukan akad;Pantun Nasihat;Pantun Nasihat
115;Air hujan jatuh ke sawah\nMenyuburkan padi di ladang\nJika usaha jangan lengah\nCita tinggi bukan sekadar bayang;Pantun Nasihat;Pantun Nasihat
116;Air hujan jatuh ke sawah\nMenyuburkan padi menghijau luas\nJika usaha jangan lengah\nCita tinggi pasti terlepas;Pantun Nasihat;Pantun Nasihat
117;Air hujan membasahi bumi\nTumbuh subur tanaman padi\nJika ingin hidup diberkahi\nSyukuri nikmat setiap hari;Pantun Nasihat;Pantun Nasihat
118;Air hujan turun ke bumi\nMenyuburkan tanah yang kering\nJika rajin membina diri\nLangkah hidup makin cemerlang dan bening;Pantun Nasihat;Pantun Nasihat
119;Air hujan turun ke bumi\nMenyuburkan tanah yang kering\nJika rajin memperbaiki diri\nHidup terasa ringan dan bening;Pantun Nasihat;Pantun Nasihat
120;Air hujan turun ke ladang\nMenyuburkan padi di sawah\nJika hidup ingin tenang\nJangan suka mencari salah;Pantun Nasihat;Pantun Nasihat
121;Air hujan turun ke sawah\nMenyuburkan padi di bendang\nJika hidup ingin berkah\nJangan lupa tangan menolong orang;Pantun Nasihat;Pantun Nasihat
123;Air jernih dari perigi\nDitimba dara waktu pagi\nJika hati mahu suci\nBersihkan niat dalam diri;Pantun Nasihat;Pantun Nasihat
124;Air jernih di dalam kendi\nDiminum saat terasa haus\nJika hidup ingin berarti\nIsi waktu dengan hal yang bagus;Pantun Nasihat;Pantun Nasihat
125;Air jernih di dalam sumur\nTampak dasar penuh bebatuan\nJika ingin hidup teratur\nBiasakan disiplin dan kesopanan;Pantun Nasihat;Pantun Nasihat
129;Air jernih mengalir tenang\nMenyusur batu menuju muara\nJika santun menjadi tunjang\nIndah tutur lembut berbicara;Pantun Nasihat;Pantun Nasihat
131;Air laut berombak kecil\nPerahu layar bergerak perlahan\nJika ingin hati tak kerdil\nBelajar luaskan pengetahuan;Pantun Nasihat;Pantun Nasihat
132;Air laut berombak kecil\nPerahu layar menuju seberang\nJika niat jangan kerdil\nCita tinggi bukan halang;Pantun Nasihat;Pantun Nasihat
133;air laut memantulkan cahaya\nangin asin menyentuh wajah\ncintamu jujur tanpa banyak gaya\nnamun dalam dan tak mudah patah;Pantun Nasihat;Pantun Nasihat
135;Air laut pasang perlahan\nMenyentuh pasir di pesisir\nJika janji jadi pegangan\nHubungan kekal takkan terpinggir;Pantun Nasihat;Pantun Nasihat
137;air melurut ke tepian mandi\nkembang berseri bunga senduduk\nelok diturut resmi padi\nsemakin berisi semakin tunduk;Pantun Nasihat;Pantun Nasihat
138;Air memancar di bawah keran\nBapak mengaduk sebuah adonan\nMarilah bersama belajar Quran\nSupaya hidup mendapat tuntunan;Pantun Nasihat;Pantun Nasihat
139;air memancar terkena kaca\ndatang tamu tadi malam\nrajin belajar rajin membaca\nsupaya ilmu semakin dalam;Pantun Nasihat;Pantun Nasihat
140;air mendidih di bejana merah\ndinginkan ia dengan batu es\njangan sering bolong sekolah\njika di masa depan ingin sukses;Pantun Nasihat;Pantun Nasihat
141;Air mengalir dari hulu\nSinggah beriak di celah batu\nIlmu dicari sepanjang waktu\nAgar terang jalan hidupmu;Pantun Nasihat;Pantun Nasihat
142;Air mengalir dari hulu\nSinggah sebentar di batu karang\nJika budi sentiasa dipalu\nHarumlah nama dikenang orang;Pantun Nasihat;Pantun Nasihat
144;air mengalir gelas tumpah\nmata ngantuk badan lelah\njangan suka buang sampah\nnanti kotor lingkungan sekolah;Pantun Nasihat;Pantun Nasihat
146;Air mengalir ke muara\nBatu kecil menghalang arus\nHidup bersama perlu bersuara\nMusyawarah jadi jalan lurus;Pantun Nasihat;Pantun Nasihat
149;Air muara berombak halus\nPerahu dagang menuju seberang\nJika usaha sentiasa tulus\nRezeki hadir tanpa terhalang;Pantun Nasihat;Pantun Nasihat
151;Air muara tenang beriak\nMemantul cahaya rembulan purnama\nJika sabar jadi tapak\nTeguhlah langkah meniti cita;Pantun Nasihat;Pantun Nasihat
152;air naik setelah hujan\njangan lupa siapkan rakit\nrajinlah menjaga kebersihan\nagar badan terhindar dari penyakit;Pantun Nasihat;Pantun Nasihat
153;air panas bikin melepuh\nair dingin tibatiba beku\nsesulit apapun jalan kan kutempuh\ndemi adik pujaan hatiku;Pantun Nasihat;Pantun Kasih Sayang
156;air pandan disapu sapu\njanganlah kena diri sendiri\nwalaupun tuan diburu waktu\njanganlah lupa sarapan pagi;Pantun Nasihat;Pantun Nasihat
157;Air pasang ke hulu sungai\nSampan kecil ditambat tali\nJika janji sudah disemai\nPeliharalah sampai ke mati;Pantun Nasihat;Pantun Nasihat
158;Air pasang menuju kuala\nPerahu kecil berlabuh tenang\nJika janji sudah bermula\nPegang teguh jangan hilang;Pantun Nasihat;Pantun Nasihat
159;Air pasang menutup pesisir\nPerahu ditambat kuat-kuat\nJika berjiran rajinlah menyisir\nSapa mesra mengikat muafakat;Pantun Nasihat;Pantun Nasihat
161;Air payau di muara sungai\nBercampur arus dari lautan\nJika hidup ingin damai\nJauhi sikap penuh kebencian;Pantun Nasihat;Pantun Nasihat
162;Air perigi ditimba pagi\nDisimpan dalam kendi lama\nJika hidup ingin terpuji\nJaga sopan dalam berbicara;Pantun Nasihat;Pantun Nasihat
163;Air perigi ditimba petang\nDisimpan dalam tempayan tua\nJika hidup ingin dikenang\nBuat baik sepanjang usia;Pantun Nasihat;Pantun Nasihat
164;air santan jatuh menetes\nsisa santan jangan dibuang\njika ingin hidup sukses\nterus berusaha tetap berjuang;Pantun Nasihat;Pantun Nasihat
167;Air sungai berliku-liku\nMengalir tenang menuju muara\nJika hidup ingin padu\nSatukan tekad dan usaha;Pantun Nasihat;Pantun Nasihat
169;Air sungai mengalir deras\nBatu di dasar tampak jelas\nJika niat sudah ikhlas\nLangkah hidup terasa puas;Pantun Nasihat;Pantun Nasihat
170;Air sungai mengalir deras\nMelewati batu dan karang\nJika niat sudah lurus dan ikhlas\nTuhan mudahkan jalan yang panjang;Pantun Nasihat;Pantun Nasihat
171;Air sungai mengalir deras\nMelewati batu dan titi\nJika niat sudah ikhlas\nTuhan dekat dalam hati;Pantun Nasihat;Pantun Nasihat
172;Air sungai mengalir deras\nMenyusuri batu sepanjang titi\nJika hidup ingin ikhlas\nBuang jauh rasa dengki;Pantun Nasihat;Pantun Nasihat
173;Air sungai mengalir jernih\nIkan kecil berenang bebas\nJika hati ingin bersih\nJauhkan niat yang tidak ikhlas;Pantun Nasihat;Pantun Nasihat
177;Air sungai mengalir perlahan\nMenyusuri batu menuju muara\nJika niat lurus tujuan\nSegala usaha berbuah nyata;Pantun Nasihat;Pantun Nasihat
179;Air sungai mengalir tenang\nMenyusur batu di tepi titi\nJika ingin hati lapang\nBanyakkan syukur dalam diri;Pantun Nasihat;Pantun Nasihat
180;Air surut memungut bayam\nSayur diisi ke dalam kantung\nJangan diikuti tabiat ayam\nBertelur sebiji riuh sekampung;Pantun Nasihat;Pantun Nasihat
182;air tajin menyiram talas\nmembeli bumbu duitnya di laci\nhiduplah rajin jangan malas\norang malas banyak yang benci;Pantun Nasihat;Pantun Nasihat
183;air tak hanya ada di gelas\ndi teko ada air selalu\nguru tak hanya ada di kelas\npengalaman pun juga gurumu;Pantun Nasihat;Pantun Nasihat
184;Air tasik tenang beralun\nMemantul cahaya mentari pagi\nJika hidup ingin tersusun\nAtur langkah dengan strategi;Pantun Nasihat;Pantun Nasihat
185;Air telaga ditimba petang\nDisimpan dalam kendi tua\nJika ingin hidup dikenang\nBudi baik jadi pusaka;Pantun Nasihat;Pantun Nasihat
186;Air telaga jernih berkilau\nMemantul bayang bulan purnama\nJika tutur jangan melampau\nPersahabatan kekal lama;Pantun Nasihat;Pantun Nasihat
187;Air telaga jernih berkilau\nMemantul cahaya bulan purnama\nJika tutur jangan melampau\nBicara sopan sepanjang masa;Pantun Nasihat;Pantun Nasihat
189;Air tenang di teluk sepi\nIkan berenang memecah cahaya\nJika santun menghias diri\nIndah budi dipandang mulia;Pantun Nasihat;Pantun Nasihat
191;air tidak hanya ada di gelas\ndi teko pun ada air selalu\npengajar bukan hanya di kelas\npengalaman pun juga gurumu;Pantun Nasihat;Pantun Nasihat
192;air tumpah dari gelasnya\nbasah pula baju teman\nbuanglah sampah pada tempatnya\nlingkungan bersih terasa nyaman;Pantun Nasihat;Pantun Nasihat
193;air yang panas di dalam teko\nlangsung dituang ke gelas itu\ndi hari libur aku ke toko\nbersama ayah membeli buku;Pantun Nasihat;Pantun Sukacita
194;Ajak anak ke Slovenia\nTiba di sana membeli kembang\nBelajar banyak ilmu dunia\nIlmu agama harus seimbang;Pantun Nasihat;Pantun Nasihat
195;akar keladi melilit selasih\nselasih tumbuh di hujung taman\nkalungan budi junjungan kasih\nmesra kenangan sepanjang zaman;Pantun Nasihat;Pantun Nasihat
203;Alang tampiran bertimpa api\nKelapa palembang tandanya siang\nRemaja wawasan terjaga rapi\nMengapa matlamat sering terhalang;Pantun Nasihat;Pantun Nasihat
204;alangkah ramai di hari raya\nbanyak orang bersuka cita\ndengarlah wahai muda belia\ninilah pantun nasehat agama;Pantun Nasihat;Pantun Nasihat
206;amalan membaca amalan mulia\ndituntut agama dan juga bangsa\ninsan membaca banyak ilmunya\nbekalan hidup sepanjang masa;Pantun Nasihat;Pantun Nasihat
208;ambil air dari perigi\nsudah mandi kotor lagi\njangan malas gosok gigi\nbangun tidur di waktu pagi;Pantun Nasihat;Pantun Nasihat
211;ambil baju dari dalam lemari\nambil air putih dari dalam kulkas\nbelajar giat setiap hari\nagar selalu juara kelas;Pantun Nasihat;Pantun Nasihat
213;ambil bambu buat tangga\npotong ujungnya dengan rata\naku pergi bukannya tega\ntapi demi meraih citacita;Pantun Nasihat;Pantun Nasihat
214;ambil bambu jadikan galah\ngalah terhentak menjadi pecah\njika kau tiada masuk sekolah\nayah bunda pastilah resah;Pantun Nasihat;Pantun Nasihat
215;ambil bambu jadikan galah\nuntuk mencolok buah rambutan\nselamat hari jumat yang berkah\nmari tingkatkan ketakwaan;Pantun Nasihat;Pantun Nasihat
219;ambil bersih dari hulu\nisi materi di dalam balang\nbersihkan halaman kita dahulu\nbaru bersihkan halaman orang;Pantun Nasihat;Pantun Nasihat
221;ambil gendang si bapak kumis\nkembang melati diikat kuat\nmakin dipandang makin manis\ntai kucing pun terasa coklat;Pantun Nasihat;Pantun Hiburan
225;ambil kacang dan rambutan\nada di samping kotaknya lilin\ningat wajah cantikmu itu editan\njangan suka ngerendahin cewek lain;Pantun Nasihat;Pantun Nasihat
226;ambil kayiu jadikan pasak\npasak penahan pondok papan\nmeski teman sangat banyak\nsahabat sejati jangan lupakan;Pantun Nasihat;Pantun Nasihat
229;ambil kayu jadikan papan\nuntuk membuat meja makan\npungut sampah berserakan\nitulah namanya kebajikan;Pantun Nasihat;Pantun Nasihat
230;ambil kayu untuk membuat meja\nkayu disatukan dengan paku\nsebelum presentasi dibuka\nkuucapkan salam terlebih dahulu;Pantun Nasihat;Pantun Sosial Budaya
232;ambil kelapa dibikin lemper\nkelapa muda rasanya manis\naku memang suka bikin baper\nkarena aku orangnya manis;Pantun Nasihat;Pantun Hiburan
233;ambil kelapa jadikan santan\nsantan dimasak dalam wajan\nmenimba ilmu jadi menyenangkan\nkala dijalani bersama kalian;Pantun Nasihat;Pantun Nasihat
237;ambil lem jadikan perekat\nambil tali jadikan pengikat\nsahabat sejati memberi nasehat\nagar diri ini tidak tersesat;Pantun Nasihat;Pantun Nasihat
238;ambil lidi untuk sapu halaman\nsemua disapu hingga bersih\nada orang ngakunya teman\ntapi rupanya pengen yang lebih;Pantun Nasihat;Pantun Hiburan
239;ambil mahoni jadikan pasak\ntempat memagar lumbung padi\nkita kenal sejak anakanak\nhingga tua kisah kan abadi;Pantun Nasihat;Pantun Nasihat
240;ambil mangga dengan galah\nkarena pohonnya tinggi sekali\ntetap semangat jangan menyerah\nlakukan pekerjaan sepenuh hati;Pantun Nasihat;Pantun Nasihat
241;ambil manggis dengan galah\nmasukkan manggis dalam kardus\ndari anakmu yang banyak salah\nmeminta maaf dengan tulus;Pantun Nasihat;Pantun Nasihat
242;ambil mesin pergi membabat\nengkol mesin talinya ditarik\nselamat malam dan beristirahat\nsemoga esokmu lebih baik;Pantun Nasihat;Pantun Nasihat
243;ambil mesin untuk membabat\nrumput di halaman sudah tinggi\njika ingin sehat dan kuat\nharus makanmakanan yang bergizi;Pantun Nasihat;Pantun Nasihat
244;ambil mesin untuk membabat\nsetelah dibabat tanamlah pisang\napa jadi pembuluh darah tersumbat\npembuluh tersumbat penyakit pun datang;Pantun Nasihat;Pantun Nasihat
246;ambil paku dengan linggis\npaku runcing terkena betis\nsemangat bekerja di hari kamis\nuntuk kamu pria yang manis;Pantun Nasihat;Pantun Kasih Sayang
248;ambil parang untuk membabat\nalas telapak tangan dengan kain\njadilah anak pramuka yang hebat\nmenjadi contoh bagi yang lain;Pantun Nasihat;Pantun Nasihat
249;ambil parang untuk membahat\nilalang sudah setinggi bahu\nmaafkan aku wahai sahabat\natas semua kesalahanku;Pantun Nasihat;Pantun Nasihat
250;ambil rambutan dengan galah\ngalah panjang patah ujungnya\nselamat rabu yang cerah\nsemiga semangat tetap terjaga;Pantun Nasihat;Pantun Nasihat
252;ambil sajadah di depan pintu\ndepan pintu ada sajadah\nayo kerja saling membantu\nsaling membantu moga berkah;Pantun Nasihat;Pantun Nasihat
255;ambil tombak asah dahulu\nsebelum pergi menggali sumur\nmeski sendiri di malam minggu\nnamun teman banyak yang menghibur;Pantun Nasihat;Pantun Nasihat
257;ambillah benang jahitlah kain\nanak gadis mencuci piring\nantara si ganteng dan si tampan lain\naku memilihmu sebagai pendamping;Pantun Nasihat;Pantun Kasih Sayang
259;ambillah papan bawalah paku\npaku di pukul dengan tembaga\nmaafkan salah katakataku\nnamanya juga manusia biasa;Pantun Nasihat;Pantun Nasihat
261;anak angsa berinduk bebek\nbebek berenang angsa berjalan\nbukan cewek sembarangan cewek\ncewek cantik jadi idaman;Pantun Nasihat;Pantun Hiburan
264;anak ayam belajar berkokok\nmeniru suara ayam jantan\nanak kecil jangan merokok\nkalau merokok pasti penyakitan;Pantun Nasihat;Pantun Nasihat
265;anak ayam belajar berkokok\nsuaranya meniru ayam jantan\nmasih kecil janganlah merokok\nnanti besar jadi penyakitan;Pantun Nasihat;Pantun Nasihat
266;Anak ayam belajar berlari\nJatuh bangun di halaman\nSiapa kuat menjaga diri\nSukses hadir perlahan-lahan;Pantun Nasihat;Pantun Nasihat
267;Anak ayam berkejaran\nDi halaman rumah pagi hari\nJika ingin hidup berteman\nJaga hati dan hormati diri;Pantun Nasihat;Pantun Nasihat
268;Anak ayam berlari kecil\nMencari makan di halaman\nJika hidup janganlah kerdil\nBesarkan cita dan keyakinan;Pantun Nasihat;Pantun Nasihat
269;Anak ayam berlari kecil\nMencari makan di halaman\nJika hidup tidak mahu kerdil\nBesarkan cita dan impian;Pantun Nasihat;Pantun Nasihat
270;Anak ayam berlari kecil\nMengikut induk ke halaman rumah\nJika ingin hidup adil\nJauhi sikap angkuh dan marah;Pantun Nasihat;Pantun Nasihat
271;Anak ayam mematuk padi\nBersama induk di halaman\nJika ingin hidup diberkati\nPatuh nasihat orang beriman;Pantun Nasihat;Pantun Nasihat
272;Anak ayam mencari induk\nBerkeliling di halaman rumah\nJika ingin hidup elok dan tunduk\nTaat aturan jauhkan salah;Pantun Nasihat;Pantun Nasihat
273;Anak ayam mencari makan\nMengais tanah di halaman rumah\nJika ingin capai harapan\nJangan malas dan jangan lengah;Pantun Nasihat;Pantun Nasihat
274;Anak ayam mencari makan\nMengais tanah di pagi hari\nJika ingin capai harapan\nTekun usaha jangan lari;Pantun Nasihat;Pantun Nasihat
275;anak ayam selalu berkokok\nsuaranya meniru ayam jantan\nmasih anak sd jangan merokok\nbesar nanti jadi penyakitan;Pantun Nasihat;Pantun Nasihat
276;Anak ayam turun ke laman\nMencari makan bersama-sama\nJika hidup ingin aman\nJaga rukun sesama manusia;Pantun Nasihat;Pantun Nasihat
277;anak ayam turun sembilan\nmati satu tinggal delapan\nilmu boleh sedikit ketinggalan\ntapi jangan sampai putus harapan;Pantun Nasihat;Pantun Nasihat
278;anak ayam turun sembilan\nmati seekor tersisa delapan\nmeski berpikir sedikit lamban\ntapi janganlah pupus harapan;Pantun Nasihat;Pantun Nasihat
280;Anak ayam turun sepuluh\nMati satu tinggal sembilan\nKalau belajar sungguh-sungguh\nCita-cita mudah diwujudkan;Pantun Nasihat;Pantun Nasihat
281;Anak ayam turun sepuluh\nMati satu tinggal sembilan\nTuntut ilmu bersungguh-sungguh\nAgar hidup jadi pedoman;Pantun Nasihat;Pantun Nasihat
283;Anak ayam turunnya lima\nMati satu tinggalah empat\nTurut mengikut alim ulama\nSupaya betul jalan selamat;Pantun Nasihat;Pantun Nasihat
284;anak bakau di rumpun salak\npatah taruknya ditimpa genta\nriuh kerbau tergelakgelak\nmelihat beruk berkacamata;Pantun Nasihat;Pantun Hiburan
285;anak bambu bernama rebung\nrebung dibeli di pasar pagi\nanak sekolah suka menabung\nsemua keperluan bisa dibeli;Pantun Nasihat;Pantun Nasihat
286;Anak bangau berdiri diam\nMenanti ikan di tepi rawa\nJika ingin hidup tenteram\nJangan ikut hawa nafsu semata;Pantun Nasihat;Pantun Nasihat
287;Anak bangau berdiri diam\nMencari ikan di tepi rawa\nJika hidup ingin tenteram\nJangan mudah ikutkan hawa;Pantun Nasihat;Pantun Nasihat
288;Anak bangau berdiri lama\nMenanti ikan di tepi paya\nJika ingin capai cita\nSabar jadi kunci utama;Pantun Nasihat;Pantun Nasihat
289;Anak bangau berdiri tenang\nMenanti ikan di tepi rawa\nJika tekun mengejar peluang\nHasil datang membawa makna;Pantun Nasihat;Pantun Nasihat
290;Anak bangau terbang melayang\nHinggap sebentar di atas batu\nJika usaha jangan goyang\nHasil baik datang tentu;Pantun Nasihat;Pantun Nasihat
293;anak bayi belum bergigi\ntapi bisa makan ketupat\nkonsumsilah makanan bergizi\nagar tubuh menjadi sehat;Pantun Nasihat;Pantun Nasihat
295;Anak bebek berjalan rapat\nMencari makan di pinggir kali\nKalau ingin hidup selamat\nHormati guru setiap hari;Pantun Nasihat;Pantun Nasihat
298;Anak belibis terbang rendah\nHinggap sebentar di batang padi\nJika hati jangan gelisah\nSemua ada waktunya nanti;Pantun Nasihat;Pantun Nasihat
299;Anak belut bersembunyi lincah\nDi lumpur sawah selepas hujan\nJika gagal jangan menyerah\nBangkit lagi dengan harapan;Pantun Nasihat;Pantun Nasihat
300;Anak benih disemai rapi\nDisiram pagi dan petang\nJika belajar tekunkan diri\nIlmu melekat kian berkembang;Pantun Nasihat;Pantun Nasihat
303;anak bermain layanglayang\nbermain sambil bersanda gurau\norang tua selalulah disayang\nagar hidup tak jadi kacau;Pantun Nasihat;Pantun Nasihat
304;Anak beruk di tepi pantai\nPandai melompat pandai berlari\nBiar buruk kain dipakai\nAsal hidup pandai berbudi;Pantun Nasihat;Pantun Nasihat
305;anak biawak mencari makan\nanak ketam di dalam tanah\nkalau tidak dilestarikan\nbudaya etam pastilah punah;Pantun Nasihat;Pantun Nasihat
306;anak bu haji ke pasar pagi\njualan es dan soto babat\nkata bang haji ayo lari pagi\npikiran segar badanpun sehat;Pantun Nasihat;Pantun Nasihat
307;anak bujang berjalan kaki\nanak kecil naik sepeda\nlama nian sejak menanti\nakhirnya kita bertemu jua;Pantun Nasihat;Pantun Nasihat
308;Anak burung belajar terbang\nSayap kecil mengepak perlahan\nJika hidup ingin berkembang\nBerani gagal untuk pelajaran;Pantun Nasihat;Pantun Nasihat
309;Anak burung belajar terbang\nSayap kecil mengepak perlahan\nJika hidup mahu berkembang\nBerani cuba walau perlahan;Pantun Nasihat;Pantun Nasihat
310;Anak burung hinggap di dahan\nBelajar terbang mengepak sayap\nJika hidup penuh ujian\nHadapi dengan sikap mantap;Pantun Nasihat;Pantun Nasihat
311;anak cantik itu namanya adni\nmakanan kesukannya adalah lotek\nberlatih jujur sedari dini\nsaat ulangan tak akan nyontek;Pantun Nasihat;Pantun Nasihat
312;anak cecak mencari makan\nbersembunyi di bawah papan\norang bijak pasti pikirkan\nhari ini dan masa depan;Pantun Nasihat;Pantun Nasihat
314;Anak Cina anak India\nMain bersama anak Melayu\nKita hidup sejahtera\nSopan santun dan penuh ayu;Pantun Nasihat;Pantun Nasihat
315;Anak dara menampi padi\nAngin bertiup perlahan-lahan\nJika ingin hidup terpuji\nUtamakan budi dalam pergaulan;Pantun Nasihat;Pantun Nasihat
316;Anak dara menenun kain\nBenang disusun penuh cermat\nJika ingin hasil yang lain\nKerja teliti penuh semangat;Pantun Nasihat;Pantun Nasihat
317;Anak dara menenun kain\nBenang disusun penuh sabar\nJika hidup hendak berlain\nTingkatkan diri agar bersinar;Pantun Nasihat;Pantun Nasihat
318;Anak dara menenun kain\nBenang halus disulam cermat\nJika ingin hasil yang lain\nKerja tekun penuh semangat;Pantun Nasihat;Pantun Nasihat
319;Anak dara menumbuk padi\nLesung kayu berbunyi kuat\nJika hidup mahu berdikari\nRajin bekerja sepanjang hayat;Pantun Nasihat;Pantun Nasihat
320;Anak dara menyulam kain\nBenang halus penuh ketelitian\nJika ingin hasil yang lain\nKerja rapi penuh perhatian;Pantun Nasihat;Pantun Nasihat
321;Anak dara menyulam tekun\nBenang emas disusun rata\nJika hidup ingin tersusun\nRancang langkah sebelum berkata;Pantun Nasihat;Pantun Nasihat
323;anak gadis tuan cantik jelita\ndipinang pria dari seberang desa\nsalam kalian saya terima\nterima pula lah salam saya;Pantun Nasihat;Pantun Sosial Budaya
324;anak gembala berjalan kaki\nmenggiring lembu serta anaknya\nhari demi hari kuhitung lagi\nberjumpa denganmu terasa lama;Pantun Nasihat;Pantun Kasih Sayang
329;anak gembala bermain layangan\nlayangan putus menuju lapangan\npantun hari selasa untuk teman\nsemoga harimu menyenangkan;Pantun Nasihat;Pantun Nasihat
331;anak gembala mandi di kali\nbasah sudah seluruh badan\nawalilah hidup dari mimpi\nlalu perlahan segera wujudkan;Pantun Nasihat;Pantun Nasihat
333;anak gembala menggiring sapi\nanak pak mamat main layangan\nmalas mandi di selasa pagi\ntakut wajah semakin tampan;Pantun Nasihat;Pantun Hiburan
335;Anak gembala meniup serunai\nBunyi merdu di padang luas\nJika hidup mahu pandai\nRajin bertanya jangan malas;Pantun Nasihat;Pantun Nasihat
337;Anak gembala meniup suling\nBunyi merdu di padang luas\nJika hati jangan kering\nIsi jiwa dengan amal ikhlas;Pantun Nasihat;Pantun Nasihat
338;Anak gembala meniup suling\nBunyi merdu di padang luas\nJika hati tidak mahu kering\nIsi dengan amal yang ikhlas;Pantun Nasihat;Pantun Nasihat
340;anak gembala pergi ke sawah\nbawa ketapel dan juga panah\nmeski hidup serba susah\npersahabatan jangan pernah goyah;Pantun Nasihat;Pantun Nasihat
342;anak gembala pergi merumput\npulang ke rumah membawa beras\nkepada ibu lemah lembut\njangan pernah berkata keras;Pantun Nasihat;Pantun Nasihat
344;Anak haruan berenang cepat\nBersembunyi di celah batu\nJika ingin hidup selamat\nPilih jalan yang tentu-tentu;Pantun Nasihat;Pantun Nasihat
346;Anak ikan dipanggang sahaja\nHendak dipindang tidak berkunyit\nAnak orang dipandang sahaja\nHendak dipinang tiada berduit;Pantun Nasihat;Pantun Hiburan
347;anak ikan ditangkap nelayan\ndimasak di dalam wanan\nsejak kecil dengan kalian\nsampai tuapun bersama kalian;Pantun Nasihat;Pantun Nasihat
348;Anak itik belajar berenang\nAir tenang jadi sahabat\nPerjuangan memang menantang\nTapi hasilnya sangatlah hebat;Pantun Nasihat;Pantun Nasihat
351;Anak itik berjalan rapat\nMengikut induk ke tepi paya\nJika ingin hidup selamat\nTaat nasihat sepanjang masa;Pantun Nasihat;Pantun Nasihat
352;Anak itik turun ke paya\nBerenang riang mencari makan\nJika hendak hidup berjaya\nJangan malas mencari jalan;Pantun Nasihat;Pantun Nasihat
353;anak itu banyak tingkah dan polah\njiga jarang mengingat tuhan\nsekolah itu memanglah lelah\njalani saja tanpa keluhan;Pantun Nasihat;Pantun Nasihat
354;anak itu bekerja dengan teguh\ncari kayu untuk dibuat papan\ntuntutlah ilmu bersungguhsungguh\ntuk bekal hidup di masa depan;Pantun Nasihat;Pantun Nasihat
355;Anak kambing naik ke bukit\nRumput hijau jadi santapan\nJika usaha walau sedikit\nAsal tekun pasti berkesan;Pantun Nasihat;Pantun Nasihat
356;Anak kancil berlari lincah\nMasuk rimba mencari makan\nJika gagal jangan resah\nBangkit lagi dengan keyakinan;Pantun Nasihat;Pantun Nasihat
357;anak kancil berlomba lari\ndi tengah jalan berjumpa singa\njagan jahil di sepanjang hari\nmenuntut ilmu wajib hukumnya;Pantun Nasihat;Pantun Nasihat
358;Anak kancil melompat lincah\nMasuk rimba mencari makan\nJika gagal jangan resah\nCuba lagi dengan harapan;Pantun Nasihat;Pantun Nasihat
359;anak kancil warnanya hitam\npakaiannya besar dan berkerah\nmasih kecil bajunya hitam\nsudah besar bajunya merah;Pantun Nasihat;Pantun Hiburan
361;anak kecil belajar bernyanyi\nnada lembut suaranya pelan\njagalah persahabatan kita ini\nwalau raga telah berjauhan;Pantun Nasihat;Pantun Nasihat
362;anak kecil berangkat sekolah\npergi ketika pagi buta\nkesehatan adalah anugerah\nharus selalu dipelihara;Pantun Nasihat;Pantun Nasihat
365;anak kecil bermain bola\nada yang terjatuh luka kakinya\njangan bunuh hewan di indonesia\nkarena hewan sahabat manusia;Pantun Nasihat;Pantun Nasihat
370;anak kecil bernama sonia\nbila sakit meminum jamu\nsiapa hendak mendapat dunia\ndia mesti dengan ilmu;Pantun Nasihat;Pantun Nasihat
371;anak kecil bernama sonia\njika sakit minumlah jamu\nsiap hendak dapat dunia\nmestilah ia menuntut ilmu;Pantun Nasihat;Pantun Nasihat
375;anak kecil mandi di kali\nsebelumnya mencari belut di sawah\npadamu wahai tamu kami\njangan sungkan jangan gelisah;Pantun Nasihat;Pantun Nasihat
377;anak kecil melompati pagar\nterkena bambu luka kakinya\nsejak kecil rajin belajar\nsudah besar terasa hasilnya;Pantun Nasihat;Pantun Nasihat
378;anak kecil memanjat manggis\nmasukkan ia ke dalam kardus\nhujan lebat kuota habis\nmati lampu akupun mampus;Pantun Nasihat;Pantun Hiburan
387;Anak kera tidur mendengkur\nAnak ayam di dekat sumur\nBarang siapa pandai bersyukur\nKelak hidupnya menjadi Makmur;Pantun Nasihat;Pantun Nasihat
389;Anak kijang melompat tinggi\nMasuk rimba hilang bayang\nJika hidup ingin terpuji\nHormati orang tua tersayang;Pantun Nasihat;Pantun Nasihat
391;Anak kuang terbang melayang\nHinggap sebentar di dahan sena\nJika ingin hidup gemilang\nJangan malas berusaha;Pantun Nasihat;Pantun Nasihat
392;anak kucing mengejar tikus\ntikus berlari terbiritbirit\njika belajar tidak serius\nmenjadi pintar pun makin sulit;Pantun Nasihat;Pantun Nasihat
394;Anak kuda berlari kencang\nDi padang luas mengejar angin\nJika ingin hidup gemilang\nJangan ragu melangkah yakin;Pantun Nasihat;Pantun Nasihat
395;Anak kuda berlari kencang\nMelintasi padang menghijau luas\nJika ingin hidup gemilang\nKerja keras jangan lepas;Pantun Nasihat;Pantun Nasihat
396;Anak kuda berlari riang\nDi padang luas mengejar angin\nJika ingin hidup gemilang\nBerusaha keras dengan yakin;Pantun Nasihat;Pantun Nasihat
397;anak kuda tegak meringkik\nkaki belakangnya digigit walang\nsaya buta berlagak celik\ntahi dipegang dikira jenang;Pantun Nasihat;Pantun Hiburan
398;Anak kunci jatuh ke lantai\nDipungut orang berhati mulia\nJika hidup mahu damai\nJauhi hasad dan juga ria;Pantun Nasihat;Pantun Nasihat
399;anak kutilang belajar terbang\nmasih miring lagi terbangya\njanga suka berkata sembarang\nkarena buruk akibatnya;Pantun Nasihat;Pantun Nasihat
401;anak lakilaki yang berjakun\njalan kemari tanpa pakai alas\nbelajar itu dengan tekun\nagar kita bisa naik kelas;Pantun Nasihat;Pantun Nasihat
403;Anak lebah menghisap madu\nDari bunga yang mekar pagi\nJika hidup mahu padu\nSatukan usaha dan hati;Pantun Nasihat;Pantun Nasihat
404;Anak lebah terbang rendah\nMencari madu di kuntum bunga\nJika hidup jauh dari salah\nIkuti sunnah dan agama;Pantun Nasihat;Pantun Nasihat
405;anak lurah sungguhlah sopan\ntamu datang hidangkan ketan\nlebih baik memperbanyak teman\nuntuk itu marilah bersalaman;Pantun Nasihat;Pantun Nasihat
409;Anak merak membuka sayap\nWarnanya indah memikat mata\nJika ingin hidup mantap\nLengkapi diri dengan ilmu nyata;Pantun Nasihat;Pantun Nasihat
410;Anak merbah berkicau pagi\nMenyambut mentari terbit perlahan\nJika hidup ingin terpuji\nJaga laku dan perbuatan;Pantun Nasihat;Pantun Nasihat
411;Anak merbah berkicau pagi\nMenyambut mentari yang berseri\nJika hidup ingin terpuji\nJaga adab setiap hari;Pantun Nasihat;Pantun Nasihat
412;Anak merbah hinggap di dahan\nBersuara kecil di pagi hari\nJika hidup mahu ketenangan\nDekatkan diri setiap hari;Pantun Nasihat;Pantun Nasihat
413;Anak merbah hinggap di dahan\nBersuara kecil waktu pagi\nJika hidup ingin ketenangan\nPerbanyak syukur dalam diri;Pantun Nasihat;Pantun Nasihat
415;Anak merpati terbang beriring\nHinggap sekejap di pucuk ara\nJika hati jangan berpaling\nSetia janji sepanjang masa;Pantun Nasihat;Pantun Nasihat
416;Anak merpati terbang beriring\nMencari sarang di atas menara\nJika janji jangan dipiring\nTepati segera tanpa bicara;Pantun Nasihat;Pantun Nasihat
418;anak monyet memanjat kelapa\nkelapa dipanjat sambil bersiul\ntahun ditutup tahun dibuka\nsemoga kita selalu berkumpul;Pantun Nasihat;Pantun Nasihat
419;anak monyet memanjat kelapa\nmonyet lucu banyak bulunya\nsemoga tetap selamat sentosa\nwahai teman yang jauh di sana;Pantun Nasihat;Pantun Nasihat
420;anak muda pulang ke desa\nibu dan ayah lama menanti\nwarga membaca tak buang masa\nkhutub khanah teman sejati;Pantun Nasihat;Pantun Nasihat
421;anak nelayan bajunya basah\nsetelah pulang dari berlayar\nmeski raga telah terpisah\nrinduku disini tetap berkobar;Pantun Nasihat;Pantun Kasih Sayang
422;Anak nelayan membawa pukat\nPergi melaut saat fajar\nJika tekun mencari berkat\nHasil datang tanpa dikejar;Pantun Nasihat;Pantun Nasihat
424;Anak nelayan menarik jala\nOmbak kecil memukul pantai\nJika bersatu kuatlah kita\nBerat dan ringan dapat diselesai;Pantun Nasihat;Pantun Nasihat
425;Anak nelayan menebar jala\nOmbak kecil datang silih\nJika usaha tak pernah reda\nHasil besar akan terpilih;Pantun Nasihat;Pantun Nasihat
426;Anak nelayan menjahit jala\nBenang kusut disulam rapi\nJika rezeki ingin terjaga\nBekerja keras setiap hari;Pantun Nasihat;Pantun Nasihat
427;Anak nelayan menjahit jala\nJala koyak disulam benang\nJika rezeki mahu terjaga\nUsaha tekun jangan hilang;Pantun Nasihat;Pantun Nasihat
428;Anak nelayan pergi ke laut\nMenebar pukat saat fajar\nJika hidup mahu tak surut\nBersungguh hati dalam belajar;Pantun Nasihat;Pantun Nasihat
429;anak pak guru sungguh cantik\nsudah cantik pintar sekali\ntetaplah menjadi pemimpin yang baik\ndi hari ultahmu yang spesial ini;Pantun Nasihat;Pantun Nasihat
431;Anak panah lepas ke udara\nTepat mengenai sasaran\nJika hidup punya cita\nSusun langkah penuh perancangan;Pantun Nasihat;Pantun Nasihat
432;anak pandai selalu hemat\nmembeli barang slalu manfaat\nkepada yang tua mestilah hormat\nagar hidup mendapat berkat;Pantun Nasihat;Pantun Nasihat
433;Anak pari berenang rendah\nDi dasar laut berpasir halus\nJika hati jangan berubah\nPegang prinsip tetap lurus;Pantun Nasihat;Pantun Nasihat
434;anak pelanduk dalam perigi\nikan belanak masuk ke belat\njanganlah duduk berhati dengki\naduhai anak hendaklah ingat;Pantun Nasihat;Pantun Nasihat
436;Anak penarik perahu dayung\nMengayuh tenang di sungai luas\nJika ingin hidup beruntung\nSyukur selalu jangan lepas;Pantun Nasihat;Pantun Nasihat
437;Anak penyu menuju laut\nLangkah kecil penuh harapan\nJika jatuh jangan takut\nBangkit lagi dengan keyakinan;Pantun Nasihat;Pantun Nasihat
439;Anak perahu menarik sauh\nTali diketat sebelum belayar\nJika hidup mahu teguh\nPerkukuh ilmu dan sabar;Pantun Nasihat;Pantun Nasihat
440;Anak perahu mudik ke hulu\nDayung dikayuh perlahan-lahan\nJika ilmu hendak bertambah selalu\nRajin membaca jadi amalan;Pantun Nasihat;Pantun Nasihat
441;Anak perahu mudik perlahan\nDayung kayu mengayuh arus\nJika hidup ingin bertahan\nJangan belok dari yang lurus;Pantun Nasihat;Pantun Nasihat
443;Anak petani menanam jagung\nJagung tumbuh di musim panas\nJika ingin berdiri di puncak gunung\nJangan takut proses yang keras;Pantun Nasihat;Pantun Nasihat
444;Anak pipit hinggap sebentar\nTerbang tinggi ke atas awan\nJika janji sudah terucap benar\nTepatilah tanpa alasan;Pantun Nasihat;Pantun Nasihat
445;Anak pipit hinggap sebentar\nTerbang tinggi menuju awan\nJika janji sudah benar\nTepati tanpa alasan;Pantun Nasihat;Pantun Nasihat
447;anak pria itu bernama gilang\nsukanya bermain ular tangga\nraih prestasi nan gemilang\nkelak menjadi sukses dan berguna;Pantun Nasihat;Pantun Nasihat
449;Anak puyuh berlari kecil\nBersembunyi di balik semak\nJika usaha walau kerdil\nAsal tekun pasti menapak;Pantun Nasihat;Pantun Nasihat
450;anak raja jumlah delapan\nbaju merah duduk di papan\npergi bekerja penuh harapan\nmoga cerah di masa depan;Pantun Nasihat;Pantun Nasihat
451;anak raja main panggalan\npulang ke istana hari pun hujan\nsibuk bekerja mesti ditinggalkan\nkalau sudah terdengar adzan;Pantun Nasihat;Pantun Nasihat
453;anak rantau pulang ke desa\nsetelah lebaran balik lagi\ngunanya ilmu tiada terkira\nbekal manusia di atas bumi;Pantun Nasihat;Pantun Nasihat
454;Anak rusa berlari cepat\nMelintas hutan penuh duri\nJangan takut gagal sesaat\nItu tanda sedang diuji;Pantun Nasihat;Pantun Nasihat
455;Anak rusa berlari cepat\nMenyelinap masuk ke rimba\nJika gagal jangan penat\nBangkit semula dari mula;Pantun Nasihat;Pantun Nasihat
456;Anak rusa berlari cepat\nMenyusur jalan di tengah rimba\nJika ingin hasil yang tepat\nBelajar tekun sejak mula;Pantun Nasihat;Pantun Nasihat
457;Anak rusa berlari kencang\nMelintas sawah di pagi hari\nOrang tekun tak akan hilang\nNamanya harum karena prestasi;Pantun Nasihat;Pantun Nasihat
458;Anak rusa berlari ringan\nMasuk rimba mencari makan\nJika gagal jangan hentikan\nTerus berusaha capai impian;Pantun Nasihat;Pantun Nasihat
459;Anak rusa berlari-lari\nMasuk hutan mencari teduh\nJika berkuasa ingatkan diri\nJangan zalim jangan angkuh;Pantun Nasihat;Pantun Nasihat
460;Anak rusa bermain riang\nDi padang luas mencari makan\nJika hidup ingin gemilang\nRajin usaha jangan ditahan;Pantun Nasihat;Pantun Nasihat
461;anak rusa masuk ke taman\npuas sudah orang memburu\nkalau muda jadikan teman\nkalau tua jadikan guru;Pantun Nasihat;Pantun Nasihat
462;Anak rusa masuk ke taman\nTaman indah tempat bermain\nJika hidup hendak aman\nJangan suka berbuat main;Pantun Nasihat;Pantun Nasihat
463;Anak rusa melompat ringan\nMasuk rimba mencari makan\nJika gagal jangan putus harapan\nCuba lagi dengan kesungguhan;Pantun Nasihat;Pantun Nasihat
464;Anak rusa minum di kali\nAirnya jernih sejuk terasa\nJika hidup ingin diberkati\nHormati orang tua sentiasa;Pantun Nasihat;Pantun Nasihat
465;Anak rusa minum di paya\nAirnya jernih sejuk terasa\nJika hidup penuh bahaya\nDoa jadi pelindung jiwa;Pantun Nasihat;Pantun Nasihat
466;Anak rusa minum di telaga\nAirnya sejuk jernih terasa\nJika hidup ingin berjaga\nJangan lalai sepanjang masa;Pantun Nasihat;Pantun Nasihat
468;anak sekolah belajar giat\nsudah besar punya pangkat\nmenuntut ilmu sepanjang hayat\ndengan ilmu beroleh berkat;Pantun Nasihat;Pantun Nasihat
469;anak sekolah duduk berjajar\nduduk di bangku amat lebar\nsekolahku teman belajar\nguruku baik dan penyabar;Pantun Nasihat;Pantun Nasihat
470;anak sekolah duduknya berjajar\nduduknya di bangku amat lebar\nsekolahku tempat belajar\nguruku baik selalu sabar;Pantun Nasihat;Pantun Nasihat
471;Anak selar berenang cepat\nDi laut biru berkilau terang\nJika usaha dibuat tepat\nCita tinggi bukan sekadar bayang;Pantun Nasihat;Pantun Nasihat
472;Anak seluang berenang cepat\nDi celah batu airnya jernih\nJika usaha dibuat tepat\nHasilnya datang tanpa letih;Pantun Nasihat;Pantun Nasihat
473;Anak seluang berenang laju\nAirnya jernih di celah batu\nJika niat sungguh dan padu\nSegala kerja selesai tentu;Pantun Nasihat;Pantun Nasihat
474;Anak sepat berenang tenang\nDi air jernih dekat muara\nJika tekad sudah matang\nSegala usaha membawa cahaya;Pantun Nasihat;Pantun Nasihat
475;anak smp pakai baju pramuka\nsampai di sekolah main pianika\nsetiap hari berkumpul bersama\nkesan manis selalu tercipta;Pantun Nasihat;Pantun Nasihat
477;Anak tekukur bersuara halus\nHinggap di dahan waktu senja\nJika hidup ingin lurus\nJangan pilih jalan yang sia-sia;Pantun Nasihat;Pantun Nasihat
478;Anak tekukur hinggap rendah\nMencari makan di tepi huma\nJika hidup jangan resah\nUsaha ada hasilnya sama;Pantun Nasihat;Pantun Nasihat
479;Anak tekukur terbang perlahan\nHinggap diam di pucuk ara\nJika janji jadi pegangan\nPersahabatan kekal selamanya;Pantun Nasihat;Pantun Nasihat
480;Anak tekukur terbang rendah\nHinggap sebentar di pucuk ara\nJika janji jangan berubah\nPegang teguh sepanjang masa;Pantun Nasihat;Pantun Nasihat
481;Anak tekukur terbang rendah\nHinggap sekejap di pucuk jati\nJika hidup jauh dari amarah\nBanyak teman dekat di hati;Pantun Nasihat;Pantun Nasihat
490;andai hari ini mendapat rugi\nsemoga dapat untung esok lusa\nandai hari ini belajar terhenti\nyang rugi adalah anak bangsa;Pantun Nasihat;Pantun Nasihat
495;angin bertiup dari timur\nmembawa sejuk peneduh jiwa\njanganlah bergantung pada umur\najal tak peduli muda dan tua;Pantun Nasihat;Pantun Nasihat
497;angin bertiup di malam kelabu\npakai selimut bergambar hati\ntahun lama boleh berlalu\npersahabatan kita akan abadi;Pantun Nasihat;Pantun Nasihat
499;angin bertiup lilin padam\nsegeralah untuk dinyalakan\nkala mentari mulai terbenam\nkuucapkan selamat malam hai kawan;Pantun Nasihat;Pantun Nasihat
500;angin bertiup membawa kapal\nsudah pergi tiada kembali\nsiapa yang ingin cepat hafal\nulangilah seratus kali;Pantun Nasihat;Pantun Nasihat
501;Angin bertiup menyapu bayu\nGugurlah bunga di tepi laman\nZaman ini serba maju\nRemaja wawasan apa tujuan;Pantun Nasihat;Pantun Nasihat
502;angin bertiup suara menderu\nterbang burung jumlah beribu\nalam terkembang menjadi guru\npetiklah hikmah banyakan ilmu;Pantun Nasihat;Pantun Nasihat
508;Angin malam berhembus pelan\nMenyentuh daun di halaman\nOrang sabar dalam tekanan\nAkan kuat menghadapi zaman;Pantun Nasihat;Pantun Nasihat
513;angin pagi enyentu wajah\nlangit cerah membuka hari\ncintamu dating tanpa resah\nmenjadi awal yang berarti;Pantun Nasihat;Pantun Nasihat
514;Angin pagi menyentuh daun\nEmbun jatuh di atas batu\nIlmu tinggi bukan sekadar daun\nNamun amal jadi penentu;Pantun Nasihat;Pantun Nasihat
516;Angin petang bertiup pelan\nDaun kering jatuh ke bumi\nJangan takut pada ujian\nItu proses menuju tinggi;Pantun Nasihat;Pantun Nasihat
519;angin sore menyentuh wajah\nsenja jatuh diujung hari\ncintamu tenang tanpa resah\nmengisi ruang dalam diri;Pantun Nasihat;Pantun Kasih Sayang
521;Angin timur bertiup damai\nMenyentuh dedaun di tepi titi\nJika ikhlas menjadi pakai\nBerkat turun tanpa disedari;Pantun Nasihat;Pantun Nasihat
522;Angin timur bertiup lembut\nMenggerakkan layar perlahan\nJika cita janganlah surut\nTerus berjuang capai impian;Pantun Nasihat;Pantun Nasihat
523;Angin timur membawa damai\nMenyentuh dedaun di tepi titi\nJika ilmu dijadikan pakai\nTerselamat insan dari cela diri;Pantun Nasihat;Pantun Nasihat
528;angkasa biru dihias awan\ncerahnya siang amat menawan\njaga pancasila sebagai pedoman\ntakkan terpisah dengan ancaman;Pantun Nasihat;Pantun Nasihat
529;Angkat beban terasa ringan\nItu karena ada kekompakan\nJika harta ada di tangan\nSumbangkan pula untuk kebaikan;Pantun Nasihat;Pantun Nasihat
530;angkat sampah dari selokan\nbiar mengalir air ke sana\ndarimana pun asal kalian\nkita tetap satu keluarga;Pantun Nasihat;Pantun Nasihat
531;angsa hidup di telaga\ngajah badannya sangat besar\nteman saya bernama karina\ndia baik dan sangat pintar;Pantun Nasihat;Pantun Kasih Sayang
537;Antara menyanyi lesung menari\nBunga cengkih penyedap rasa\nAkhlak di cermin peribadi\nBerhemah tinggi apa untungnya;Pantun Nasihat;Pantun Nasihat
538;antara padi dan selasih\nmana yang tuan luruhkan\nantara budi dan kasih\nmana yang tuan turutkan;Pantun Nasihat;Pantun Nasihat
540;Apa faedah berkain batik\nJikalau tidak dengan sajinya\nApa faedah beristri cantik\nJikalau tidak dengan budinya;Pantun Nasihat;Pantun Nasihat
541;apa guna berkain batik\nkalau tidak dengan sucinya\napa guna beristri cantik\nkalau tidak dengan budinya;Pantun Nasihat;Pantun Nasihat
542;apa guna memakai baju batik\nkalau tidak serta sucinya\napa guna istri tuan cantik\nkalau tidak serta budinya;Pantun Nasihat;Pantun Nasihat
543;Apa guna pasang pelita\nJika tidak dengan sumbunya\nApa guna bermain kata\nKalau tidak dengan sungguhnya;Pantun Nasihat;Pantun Nasihat
544;Apa guna pergi ke ladang\nBila padi tidak bertuai\nApa guna menanti abang\nBila adik tidak sesuai;Pantun Nasihat;Pantun Nasihat
545;Apa guna pergi mengaji\nkalau tidak pakai peci\napa guna anda berjanji\nkalau tidak ditepati;Pantun Nasihat;Pantun Nasihat
546;apa gunanya berbusana batik\nkalau tidak menggunakan sujinya\napa gunanya punya istri cantik\nkalau tidak ada budi pekertinya;Pantun Nasihat;Pantun Nasihat
548;apa gunanya daun lontar\nkalau tergulung lalu dilempar\napa gunanya kita belajar\nkalau tidak menjadi pintar;Pantun Nasihat;Pantun Nasihat
550;apa gunanya tumbuhan temu\nramuan jamu dengan lengkuas\nbila hati dipenuhi ilmu\njiwanya besar pikirannya luas;Pantun Nasihat;Pantun Nasihat
551;apa namanya kepala kereta\nnamanya masinis bukan nakhoda\napa tujuan ilmu kita\ntujuannya mengenal sang pencipta;Pantun Nasihat;Pantun Nasihat
552;apa tanda buah kemumu\nseperti mangga tiada berduri\napa tanda orang tak berilmu\nbanyak bicara tak tahu budi;Pantun Nasihat;Pantun Nasihat
556;apalah guna kita naik perahu\nperahu kecil mudik kepehuluan\napalah guna lama kita berguru\njika masih sempit pengetahuan;Pantun Nasihat;Pantun Nasihat
557;apalah guna makanan banyak\njika yang menikmati cuma sendiri\napalah guna berharta banyak\nkalau tidak suka berbagi;Pantun Nasihat;Pantun Nasihat
558;apalah guna memakai galah\nperahu digalah tak juga laju\napalah guna kita bersekolah\ndiajar guru tidak mau tahu;Pantun Nasihat;Pantun Nasihat
559;apalah tanda batang bengkal\nbatang bengkal banyak bukunya\napalah tanda orang berakal\norang berakal bijak lakunya;Pantun Nasihat;Pantun Nasihat
560;apalah tanda batang betik\nbatang betik panjang akalnya\napalah tanda orang yang cerdik\norang yang cerdik banyak akalnya;Pantun Nasihat;Pantun Nasihat
561;apalah tanda batang tebu\nbatang tebu halus uratnya\napalah tanda orang berilmu\norang berilmu halus sifatnya;Pantun Nasihat;Pantun Nasihat
563;Api kecil jangan dibiarkan\nKelak merebak membakar rimba\nSalah kecil cepat diperbetulkan\nAgar besar tidak menjelma;Pantun Nasihat;Pantun Nasihat
565;api membakar hutan belantara\nkucing hutan sedang tertidur\nbiar hidup sebatangkara\nbudi pekerti tetap bertutur;Pantun Nasihat;Pantun Nasihat
566;api menyala karena disulut\nasap membumbung sampai ke langit\njaga kebersihan gigi dan mulut\nagar tidak jadi sarang penyakit;Pantun Nasihat;Pantun Nasihat
567;arjuna satria pandai memanah\ndari negeri antah berantah\nagar rumah tangga sakinah\ntaat pada apa yang diperintah;Pantun Nasihat;Pantun Nasihat
570;asal kapas menjadi benang\ndari benang dibuat kain\nbarang yang lepas jangan dikenang\nsudah menjadi hak orang lain;Pantun Nasihat;Pantun Nasihat
574;asam rasanya buah sirsak\nmeski asam jangan dibuang\nsepatu sekolahku sudah rusak\nbeli yang baru tak punya uang;Pantun Nasihat;Pantun Dukacita
578;atap jerami siap dibakar\ntidak perlu dibilasbilas\nbersikap budi disebarsebar\ntidak perlu minta dibalas;Pantun Nasihat;Pantun Nasihat
579;atas meja secangkir kopi\nkalau siang sedia selasih\nbaju rapi celana rapi\npakai sepatu yang juga bersih;Pantun Nasihat;Pantun Nasihat
580;australia negeri kangguru\nindonesia alamnya permai\nsungguh mulia jasamu guru\nmendidik kami menjadi pandai;Pantun Nasihat;Pantun Nasihat
581;australia negeri kanguru\npergi kesana membeli jamu\ntunaikanlah perintah guru\nkunci sukses meraih ilmu;Pantun Nasihat;Pantun Nasihat
585;awan cerah berwarna putih\nbiasanya muncul di siang hari\njika rumah selalu bersih\nkuman bakteri akan mati;Pantun Nasihat;Pantun Nasihat
586;awan cerah berwarna putih\ngelap tanda hujan mau datang\nhalaman sekolah harus bersih\nagar sehat dan enak di pandang;Pantun Nasihat;Pantun Nasihat
587;awan cerah berwarna putih\nmenjadi hitam ketika hujan\nbagaimana korupsi akan bersih\nbila koruptor ringan hukuman;Pantun Nasihat;Pantun Nasihat
589;awan cerah biru langitnya\nmulai mendung ketika sore hari\nadapun susunan acara kita\nadalah sebagai berikut ini;Pantun Nasihat;Pantun Nasihat
590;awan cerah putih warnanya\nlangit cerah berwarna biru\nbagun pagi di hari selasa\nkurangka kopi ternyata jamu;Pantun Nasihat;Pantun Nasihat
592;awan gelap mengarak hujan\npetir jauh menyambar sunyi\ncintamu tetap memberi ketenangan\nditengah hidup yang tak pasti;Pantun Nasihat;Pantun Nasihat
593;awan gelap sediakan payung\nbunga mawar baunya harum\ncari ilmu jangan murung\ncerialah selalu banyak tersenyum;Pantun Nasihat;Pantun Nasihat
596;awan mendung mentari redup\nterdengar keras bunyi gemuruh\njangan malas menghadapi hidup\nbekerjalah dengan sungguhsungguh;Pantun Nasihat;Pantun Nasihat
597;awan menggumpal di langit biru\nterbang burung tampak ramai\njangan hanya memberi sembilu\nhiduplah dengan cara yang damai;Pantun Nasihat;Pantun Nasihat
598;awan menggumpal di langit utara\nternyata cair bukannya padat\nayo rajin berolahraga\nagar jasmani jadi sehat;Pantun Nasihat;Pantun Nasihat
600;awan putih tampak mengambang\npantai surut tersisa garam\nbanyak ombak dan gelombang\njangan sampai perahumu karam;Pantun Nasihat;Pantun Nasihat
608;ayahku seorang petani\npunya sawah punya ladang\nmari belajar hari ini\nagar masa depan lebih gemilang;Pantun Nasihat;Pantun Nasihat
609;ayam bali dibuat kolak\nbumbu santan lalu diberi\nrezeki tidak saya tolak\nkejahatan tidak saya cari;Pantun Nasihat;Pantun Nasihat
610;ayam bangun terlalu pagi\ncahaya hilang menjadi kelam\njangan malas untuk sikat gigi\nsikat pagi begitupun malam;Pantun Nasihat;Pantun Nasihat
612;ayam berjalan dengan nyeker\nmati lampu nyalakan lilin\nmeski besok berganti kalender\nkisah apik tetap terjalin;Pantun Nasihat;Pantun Nasihat
613;ayam berkokok fajar menyingsing\npagi bertebaran mencari rezeki\nsemalam ngantok lapar meruncing\nkini kelaparan membeli nasi;Pantun Nasihat;Pantun Nasihat
614;ayam berkokok menandai senja\nhewan bertanduk menanti mangsa\njanganlah kamu bermuram saja\nmari menari tarian rumba;Pantun Nasihat;Pantun Nasihat
615;Ayam bertelur jumlahnya lima\nTumbuh besar berkembang pesat\nKita hidup mesti beragama\nSupaya arah tiada sesat;Pantun Nasihat;Pantun Nasihat
616;ayam bumbu hendak di bakar\nlebih enak jadi pepesan\ngampanglah jika hanya mengajar\ntapi tak mudah jadi teladan;Pantun Nasihat;Pantun Nasihat
618;Ayam hutan terbang ke hutan\nTali tersangkut pagar berduri\nAdik bukan saudara bukan\nHati tersangkut kerana budi;Pantun Nasihat;Pantun Nasihat
619;ayam jago mengejar lipan\nsuaranya berisik bersahutan\ntutur katamu sangat sopan\nselalu menjaga kehormatan;Pantun Nasihat;Pantun Nasihat
620;ayam jantan berkokok megah\ntandanya subuh telah tiba\nnasehat ibu jangan di tengah\ntakut nanti musibah menimpa;Pantun Nasihat;Pantun Nasihat
621;ayam jantan jangan diadu\nlebih baik kita main gundu\nkalau saudara menuntut ilmu\ntuntut dengan tak jemujemu;Pantun Nasihat;Pantun Nasihat
622;ayam jantan jangan dipanggang\nkalo dipanggang banyak minyaknya\ncowok ganteng jangan dipandang\nkalo dipandang banyak gayanya;Pantun Nasihat;Pantun Nasihat
623;ayam jantan sudah berkokok\ninsan tertidur kini bangkit\nuntuk apa banyak merokok\nhanya menabung aneka penyakit;Pantun Nasihat;Pantun Nasihat
625;ayam kinantan terbang mengekas\nhingga di ranting bilangbilang\nmelihat bunda pulang lekas\nhatiku besar bukan kepalang;Pantun Nasihat;Pantun Nasihat
626;ayam memanjat kayu pagar\nhanya berkokok berputarputar\nbadan sehat tubuh bugar\notak kita semakin pintar;Pantun Nasihat;Pantun Nasihat
627;Ayam rintik di pinggir hutan\nNampak dari tepi telaga\nNama yang baik jadi ingatan\nSeribu tahun terkenang juga;Pantun Nasihat;Pantun Nasihat
628;ayam sabung jangan dipaut\njika ditambat kalah laganya\nasam digunung ikan dilaut\ndalam belanga bertemu juga;Pantun Nasihat;Pantun Nasihat
629;ayam tidak hanya bisa dibakar\nnamun juga bisa jadi pepesan\nguru jangan hanya pandai mengajar\nnamun juga harus jadi teladan;Pantun Nasihat;Pantun Nasihat
630;ayo bangun jangan lagi molor\nsetelah bangun bersihkan rumah\nkalau ada yang suka kotor\nmungkin dia salah sekolah;Pantun Nasihat;Pantun Nasihat
631;ayo bermain di lapangan\nsore hari bermain bola\njadilah anak yang budiman\ndan punya akhlak yang mulia;Pantun Nasihat;Pantun Nasihat
632;ayo kita berlari pagi\nagar sehat tulangpun kuat\nkala selasa datang kembali\nhati tak sabar bertemu sahabat;Pantun Nasihat;Pantun Nasihat
634;babat rumput dengan parang tajam\njangan lepas dari gagangnya\nsulit terasa mata terpejam\ningat senyummu nan jauh di sana;Pantun Nasihat;Pantun Nasihat
636;baca koran sambil bergolek\nrambut panjang dipotong pendek\njikalau kau merasa jelek\njangan suka saling mengejek;Pantun Nasihat;Pantun Nasihat
638;Baca mantra, mantra yang manjur\nMoga saja bisa dapatkan dia\nJadilah orang yang jujur\nMoga-moga besar pahalanya;Pantun Nasihat;Pantun Nasihat
641;badan kotor hendak dibasuh\ndari sawah menuai padi\nbiar orang bertanam musuh\nbiar kita bertanam budi;Pantun Nasihat;Pantun Nasihat
643;badan pegal terasa kaku\nsetelah dipijat terasa ringan\nhidup itu penuh likuliku\njalanilah dengan perjuangan;Pantun Nasihat;Pantun Nasihat
647;badan siapa terkena kudis\nobati saja dengan lada\nsiang malam merayu gadis\nduduk bersanding bersama janda;Pantun Nasihat;Pantun Hiburan
648;badannya hitam rambutnya botak\nmembawa teman mencari rumput\nanak gembala selalu bertindak\ndikejar macan tersangkut sangkut;Pantun Nasihat;Pantun Hiburan
650;bagaikan katak dalam tempurung\nkemanamana selalu tak bisa\nmengapa kakak terlihat murung\napa gerangan penyebabnya;Pantun Nasihat;Pantun Nasihat
653;bagaimana membeli celana\nbeli saja di pasar kota\nbagaimana tak terpesona\nmelihat gadis yang cantik jelita;Pantun Nasihat;Pantun Kasih Sayang
654;bagaimana membuat jamu\nambil akar di tanah landai\nbagaimana mendapat ilmu\nkalau kita memang tak pandai;Pantun Nasihat;Pantun Nasihat
662;bahasa jawa ikan itu iwak\nbelajar lalu melihat jaranan\nmengayomi istri serta anak\nwajib bagi suami yang teladan;Pantun Nasihat;Pantun Nasihat
663;bahtera berlayar ke selat sunda\ngelombangnya besar senantiasa\nturutilah nasehat ibunda\nkelak hidupmu makmur sentosa;Pantun Nasihat;Pantun Nasihat
664;baik dirahat benang kereta\nbenang setukal perbuat kain\nbaik dilihat dengan mata\njangan menyesal hari yang lain;Pantun Nasihat;Pantun Nasihat
666;Baik-baik mengail tenggiri\nTakut terkena siikan parang\nBaik-baik merendah diri\nJangan menjadi hamba orang;Pantun Nasihat;Pantun Nasihat
667;baikbaik mengirai padi\ntakut memercik ke muka orang\nbiar pandai menjaga diri\ntakut nanti diejek orang;Pantun Nasihat;Pantun Nasihat
668;baikbaik menimba air perahu\nagar tidak menggenang airnya\nbaikbaik kita dalam berguru\nniscaya lekas dapat ilmunya;Pantun Nasihat;Pantun Nasihat
669;baju baru berwarna biru\nterbuat dari kain yang halus\npatuhilah perkataan guru\nagar dapat nilai yang bagus;Pantun Nasihat;Pantun Nasihat
673;baju baru rapi ditata\nbaru di beli dari iran\nsungai bersih idaman kota\nayo dijaga dari pencemaran;Pantun Nasihat;Pantun Nasihat
674;baju batik kain cindai\nhendak dipakai di malam hari\nsudah cantik anaknya pandai\nlaksana bunga mekar bersemi;Pantun Nasihat;Pantun Kasih Sayang
675;baju batik kain satin\npendekar tua hendak bertanding\nalangkah cantik si pengantin\nduduk berdua dia bersanding;Pantun Nasihat;Pantun Kasih Sayang
676;baju batik kainnya mulus\ntaruh satu di dalam peti\nguru yang baik hatinya tulus\nsayangi murid sepenuh hati;Pantun Nasihat;Pantun Nasihat
678;baju lama dalam bilasan\npergi ke kota membeli sedan\nsiapa yang bisa menjaga lisan\nakan selamat seluruh badan;Pantun Nasihat;Pantun Nasihat
679;baju lama sudah kumal\nkembang manis tempat si lebah\npunya ilmu tiada amal\nbagaikan pohon tak berbuah;Pantun Nasihat;Pantun Nasihat
681;baju lusuh gambarnya kembang\nmemotong kayu dengan parang\nkalau ada musuh menyerang\ntentara maju ke medan perang;Pantun Nasihat;Pantun Nasihat
682;baju merah matanya melek\nsi baju hijau minum cuka\nbiarlah muka gue jelek\nyang penting banyak yang suka;Pantun Nasihat;Pantun Hiburan
683;baju merah terlihat pudar\nmerahnya pudar menjadi putih\njika orang rajin belajar\nsukses di masa depan akan diraih;Pantun Nasihat;Pantun Nasihat
684;baju penari berbahan katun\nmenari dengan lemah gemulai\ncarilah ilmu dengan tekun\nniscaya sukses mudah digapai;Pantun Nasihat;Pantun Nasihat
685;baju pengantin memakai renda\nduduk berjajar sebaris lima\ncantik memang buat tergoda\nnamun pilihlah karena agama;Pantun Nasihat;Pantun Nasihat
686;baju pengemis tampak lusuh\norang berlomba kalah telak\ntak pernah niat mencari musuh\nmusuh datang jangan ditolak;Pantun Nasihat;Pantun Nasihat
687;baju robek segera dijahit\nuntuk dipakai pergi ke pasar\nilmu boleh masih sedikit\nasal selalu mau belajar;Pantun Nasihat;Pantun Nasihat
688;baju sobek jangan dibuang\nambil kain bisa ditambal\nngapain capek pergi berperang\nlebih baik rajin beramal;Pantun Nasihat;Pantun Nasihat
690;Bakul penuh berisi limau\nSangat berat tak boleh dijinjing\nBiar mati ditangkap harimau\nJangan mati digigit anjing;Pantun Nasihat;Pantun Nasihat
691;balut luka dengan kain\nagar sakitnya cepat reda\nini malam minggu atau malam senin\nkok rasanya sama saja;Pantun Nasihat;Pantun Hiburan
692;bambu hijau bambu rakit\njadi tali kuat membelit\nsedikit demi sedikit\nlamalama menjadi bukit;Pantun Nasihat;Pantun Kiasan
693;bambu petung bambu belah\nburung kecil hinggap di pagar\ntidur siang sepulang sekolah\nagar badan kembali segar;Pantun Nasihat;Pantun Nasihat
694;bambu rotan menjadi kursi\nrumput ilalang menjadi atap\nsejak ayam itu jadi polisi\nbanyak elang yang cepat tertangkap;Pantun Nasihat;Pantun Nasihat
695;bambu tali bambu anyaman\ndiambil oleh si bujang tampan\ndunia ini bukan tujuan\ntempat berangkat awal kehidupan;Pantun Nasihat;Pantun Nasihat
696;ban mobil kena ranjau paku\nmenghindari jalan berlubang\njangan kau ragukan cintaku\ncintaku ini milikmu seorang;Pantun Nasihat;Pantun Nasihat
699;bandar baru seberang perai\ngunung daik bercabang tiga\nhancur badan tulang berkecai\nbudi yang baik dikenang juga;Pantun Nasihat;Pantun Nasihat
700;bandar belawan di tanah deli\nsungguh ramai orang berniaga\ntelah bertambah usia kini\nmakin bijak dan waspada;Pantun Nasihat;Pantun Nasihat
701;bandar malaka indah bandarnya\nsungguh elok bila dipandang\nsemakin matang dikau usianya\nmakin eloklah pribadi dipandang;Pantun Nasihat;Pantun Nasihat
703;bangun cepat di pagi buta\nuntuk ke kebun pergi membabat\nsalam sapa untuk semua\npara peserta yang terhormat;Pantun Nasihat;Pantun Sosial Budaya
707;bangun pagi di hari minggu\nbersihkan halaman dengan sapu\ntiada manis melebihi madu\ntiada wanita sebaik ibu;Pantun Nasihat;Pantun Kiasan
708;bangun pagi di hari minggu\nmencuci pakaian dan sepatu\nraihlah semua citacitamu\nuntuk bekal di hari tuamu;Pantun Nasihat;Pantun Nasihat
710;bangun pagi di hari minggu\nuntuk pergi bekerja ke sawah\nwalau aku sering mengecewakanmu\nkasih ibu tetap tercurah;Pantun Nasihat;Pantun Kasih Sayang
712;bangun pagi di hari rabu\nmakan bakwan dan sambal kacang\ningatlah kembali pada mimpimu\njangan malas di masa sekarang;Pantun Nasihat;Pantun Nasihat
713;bangun pagi di hari selasa\nambil mesin untuk membabat\ndialah si binatang langka\nbernama badak berbadan kuat;Pantun Nasihat;Pantun Hiburan
715;bangun pagi kuterus mandi\ntidak lupa menggosok gigi\nyang pergi biarlah pergi\ntak perlu ditangisi lagi;Pantun Nasihat;Pantun Dukacita
718;bangun pagi langsung sarapan\nnasi goreng di atas meja\njuga bisa mengenal kalian\nsesama pramuka indonesia;Pantun Nasihat;Pantun Nasihat
727;bangun rumah dengan batu bata\nbuatkan pintu dari kayu gaharu\nhappy birthday istriku tercinta\ntetaplah jadi wanita hebatku;Pantun Nasihat;Pantun Kasih Sayang
729;bangun siang di hari selasa\nberangkat sekolah terlambat\nrajinlah untuk berolahraga\nagar tubuh menjadi sehat dan kuat;Pantun Nasihat;Pantun Nasihat
732;bangun tidur di pagi hari\nuntuk pergi menuju kebun\nteruntuk kamu pemilik hati\nselamat hari senin ayo bangun;Pantun Nasihat;Pantun Kasih Sayang
733;bangun tidur lalu sarapan\nsebelum berangkat pergi kerja\nmari kita menjaga hutan\njangan sampai kita merusaknya;Pantun Nasihat;Pantun Nasihat
734;banjir bandang adalah bencana\ndatangnya ketika malam hari\nmimpi besar wujudkan ia\nmulailah di hari sabtu ini;Pantun Nasihat;Pantun Nasihat
735;banyak batang tumbuh cendawan\ncendawan kukur jalan ke huma\nbanyak orang mengaku pahlawan\nsambutlah pukul tikam pertama;Pantun Nasihat;Pantun Nasihat
736;banyak bekerja sedikit angan\npikiran terbang seperti lalat\njajan jangan sembarangan\ncari yang bergizi juga sehat;Pantun Nasihat;Pantun Nasihat
741;banyak hutan di kalimantan\npulau jawa banyak sungainya\nizinkan aku menyapa kalian\nselamat selasa sahabat semua;Pantun Nasihat;Pantun Sosial Budaya
743;banyak ikan di dalam kolam\nada mujair dan ikan arwana\npramuka sering menjelajah alam\nbukan merusak tapi menjaga;Pantun Nasihat;Pantun Nasihat
744;banyak ikan di dalam kolam\nkolam berisi air yang tenang\njangan sering mandi malam\nnanti penyakit mudah datang;Pantun Nasihat;Pantun Nasihat
745;banyak ikan nelayan menjala\njala ikan di hari panas\nsetiap hari latihan bola\nsiapa tahu masuk timnas;Pantun Nasihat;Pantun Nasihat
746;Banyak jatuh buah delima\nAda sayur dimakan ngengat\nWalau hidup banyak dilema\nTetap bersyukur dan semangat;Pantun Nasihat;Pantun Nasihat
748;banyak kain berbahan katun\nsemuanya ada sepuluh kodi\njagalah sopan dan santun\nagar jadi anak yang terpuji;Pantun Nasihat;Pantun Nasihat
749;banyak makanan di atas meja\npersiapan untuk para jamuan\ntidur di renda ajarkan kita\nbetapa indahnya kebersamaan;Pantun Nasihat;Pantun Sukacita
751;banyak matang si buah mangga\nambillah ia dengan galah\nsetiap hari sering bersama\nmaafkan aku jika pernah salah;Pantun Nasihat;Pantun Nasihat
758;banyak orang pergi berhaji\njangan lupa bawa tas kosong\nterapkanlah perilaku terpuji\ndengan sesama saling menolong;Pantun Nasihat;Pantun Nasihat
760;banyak rotan dipinggir kali\nrotan bagus untuk anyaman\nkalau sekali ini tak dapat lagi\naku ingin memakanmu teman;Pantun Nasihat;Pantun Hiburan
762;Banyak sawah hilang di kota\nJadi berubah gedung terbuka\nJangan suka berkata dusta\nKarena bisa membuat celaka;Pantun Nasihat;Pantun Nasihat
764;Banyak sekali kupu di taman\nLalat terbang di dekat empang\nApa tanda orang beriman\nHatinya tenang jiwanya lapang;Pantun Nasihat;Pantun Nasihat
765;banyak wanita menggunakan kembang\nkembang hiasan merah warnanya\nkota tercinta kota palembang\njangan lupakan keramahannya;Pantun Nasihat;Pantun Nasihat
767;bapak bekerja mengangkut barang\npunggungnya pegal minum jamu\npergilah kamu ke negeri seberang\nbanyak manfaat segudang ilmu;Pantun Nasihat;Pantun Nasihat
768;bapak gubernur naik kuda\npemilik kuda naik sepeda\nkarenamu indonesia merdeka\nsumpah dan janji kami kan jaga;Pantun Nasihat;Pantun Nasihat
769;bapak membuat sapu lidi\nmenghias rumah dari tanduk\nmari belajar dari padi\nmakin berisi makin tunduk;Pantun Nasihat;Pantun Nasihat
770;bapak menteri melakukan kunjungan\nmelihat jalan di surabaya\ndari semua mata pelajaran\nhanya olahraga yang aku suka;Pantun Nasihat;Pantun Sukacita
771;bapak tani membawa sabit\nuntuk memotong semua rumput\nudin lari terbiritbirit\nneneknya merasa amat takut;Pantun Nasihat;Pantun Hiburan
773;baru menerima gaji\ndi suruh menraktir adikmu\naku tak butuh janjijanji\naku cuma butuh keseriusanmu;Pantun Nasihat;Pantun Kasih Sayang
774;baru nganterin adikmu\nmembeli topi dan sepatu\njangan lagi mencari jodohmu\nakulah jodoh yang kau cari itu;Pantun Nasihat;Pantun Kasih Sayang
777;batang kelapa dibelahbelah\nuntuk pagari halaman sekolah\njangan hiraukan berat dan lelah\nsupaya berhasil kita bersekolah;Pantun Nasihat;Pantun Nasihat
779;batang mawar memang kaku\ntapi bunganya tetap terawat\njangan ragu akan hatiku\nkarena cintaku tanpa syarat;Pantun Nasihat;Pantun Kasih Sayang
785;batu akik mahal harganya\nsekali beli berjutajuta\ntni profesi yang mulia\ninginku jadi penjaga negara;Pantun Nasihat;Pantun Nasihat
786;batu asah si ramarama\nanak melayu memanjat kelapa\nwaktu susah bersamasama\nwaktu bahagia jangan dilupa;Pantun Nasihat;Pantun Kiasan
787;Batu bata tersusun rapi\nMenjadi dinding rumah desa\nJika ingin tinggi budi\nBelajar sabar dalam rasa;Pantun Nasihat;Pantun Nasihat
788;batu batu jatuh terbelah\nkelapa habis dimakan tupai\nminta maaf kalau bersalah\nitulah tanda anak yang pandai;Pantun Nasihat;Pantun Nasihat
790;Batu besar di tepi kali\nTempat duduk anak gembala\nJika ingin dihormati\nRendahkan hati pada sesama;Pantun Nasihat;Pantun Nasihat
791;batu cincin si sungai sapih\nmotifnya bagai intan permata\nlorengloreng hitam putih\npunya empat kaki mirip kuda;Pantun Nasihat;Pantun Hiburan
792;batu di tebing kini terbelah\ntersambar petir bersuara keras\nmari rajin berangkat sekolah\nmengejar ilmu tak kenal malas;Pantun Nasihat;Pantun Nasihat
793;batu dipukul bisa belah\nbara membakar warnanya merah\nsaat belajar di sekolah\nmasa depan smakin cerah;Pantun Nasihat;Pantun Nasihat
795;Batu granit di tepi taman\nTersusun indah jadi hiasan\nJika ingin banyak teman\nSenyum manis jadi amalan;Pantun Nasihat;Pantun Nasihat
796;Batu granit tersusun rapi\nMenjadi pagar halaman desa\nJika ingin dihormati\nJaga adab dalam bahasa;Pantun Nasihat;Pantun Nasihat
797;Batu granit tersusun rapi\nMenjadi pagar rumah desa\nJika ingin dihormati\nBerbahasa santun setiap masa;Pantun Nasihat;Pantun Nasihat
798;batu gunung bisa dipahat\nmalam hari hujannya lebat\njika badan selalu sehat\nmudahmudahan jadi hebat;Pantun Nasihat;Pantun Nasihat
802;Batu intan selisih permata\nBatu delima letak di dupa\nCongkak seremban permainan kita\nWarisan lama mengapa dilupa;Pantun Nasihat;Pantun Kiasan
803;batu kali sedang dipahat\nbambu betung dibuat rakit\nmakanlah makanan sehat\nsupaya badan tidak sakit;Pantun Nasihat;Pantun Nasihat
806;batu karang batu arca\nbuah kelapa dimakan tupai\nmulai sekarang rajin membaca\nagar jadi dokter yang pandai;Pantun Nasihat;Pantun Nasihat
808;Batu karang di tengah laut\nDihantam ombak tak bergeser\nJika iman jangan hanyut\nTetap teguh jangan tergeser;Pantun Nasihat;Pantun Nasihat
809;Batu karang di tengah laut\nDiterpa ombak siang dan malam\nJika hati jangan hanyut\nPegang iman dalam-dalam;Pantun Nasihat;Pantun Nasihat
816;Batu padas di tepi kali\nLicin terkena aliran air\nJika ingin hidup diberkati\nJujur jadi dasar yang lahir;Pantun Nasihat;Pantun Nasihat
817;Batu padas tersusun rapi\nMenjadi pagar rumah desa\nJika ingin dihormati\nJaga sikap dalam bicara;Pantun Nasihat;Pantun Nasihat
818;batu prasasti batu bertulis\nbatu merah persegi empat\njika orang suka menulis\nsampai tua selalu sehat;Pantun Nasihat;Pantun Nasihat
819;Batu pualam halus permukaannya\nDiukir indah jadi hiasan\nJika sopan dalam katanya\nOrang segan memberi sanjungan;Pantun Nasihat;Pantun Nasihat
822;Batu sungai licin berkilat\nDialiri air dari hulu\nJika janji sudah terikat\nTunaikan ia dahulu;Pantun Nasihat;Pantun Nasihat
823;batu terkutuk batu terbelah\ndikelilingi pohon talas\nayo semangat pergi ke sekolah\nmenuntut ilmu yang rajin jangan malas;Pantun Nasihat;Pantun Nasihat
824;baunya harum mangga kweni\nmakan satu dicampur pepaya\nalangkah sedihnya nasibku ini\ndibandingkan dengan orang yang kaya;Pantun Nasihat;Pantun Dukacita
825;bawa cangkul pergi ke sawah\nsawah ditanam di pagi buta\ntakkan ada kata berpisah\nbersatu indonesia jaya;Pantun Nasihat;Pantun Nasihat
826;Bawa kitab pergi madrasah\nAyuhlah mengaji bersama saya\nBahasa Inggeris dimartabat sudah\nApakah kaedah dapat dibudaya;Pantun Nasihat;Pantun Kiasan
831;bawa pinangan ke penghulu\nhadiahkan dia sebungkus roti\nmaaf jika aku malumalu\ndi depan ada pujaan hati;Pantun Nasihat;Pantun Kasih Sayang
832;Bawa ragi pergi ke Dungun\nHendak diikut orang baru\nAwal pagi sudahpun bangun\nHendak ke kelas mencari ilmu;Pantun Nasihat;Pantun Nasihat
835;bawang merah daun seledri\ndimasak ibu dengan ketumbar\njagalah hati jauhi iri\nhidup tenang penuh sabar;Pantun Nasihat;Pantun Nasihat
836;bawang merah tinggal sesiung\nditata di rak agar rapi\njika kita samasama bingung\nlebih baik kita lari;Pantun Nasihat;Pantun Nasihat
838;bayangan cermin itu semu\njangan kamu antipati\nsehari saja tidak bertemu\nserasa hidup tidak berarti;Pantun Nasihat;Pantun Nasihat
839;bayi merangkak di atas tanah\nmerangkak hingga ke belakang rumah\nsemoga pidato ini jadi berkah\nuntuk lentera di alam barzah;Pantun Nasihat;Pantun Kiasan
840;Bayu senja berbisik rawan\nMenggugurkan daun di rimba tua\nJika akal dijadikan pedoman\nTerselamat langkah dari angkara;Pantun Nasihat;Pantun Nasihat
843;bekas pacar disebutlah mantan\nsetelah mantan hidupnya malang\nbuatlah selalu sebuah catatan\nagar ilmu tak mudang menghilang;Pantun Nasihat;Pantun Nasihat
844;bekerja keras pastilah penat\nmencari rizki agar allah cinta\nrindui hadirmu setiap saat\nterlebih ketika masa libur tiba;Pantun Nasihat;Pantun Kasih Sayang
845;bekerja sehari tubuh lelah\nbaca puisi indah irama\nbila engkau masih sekolah\nbelajar adalah tugas utama;Pantun Nasihat;Pantun Nasihat
846;belah kayu jadikan papan\nuntuk membangun pos ronda\nhidup tanpa disirami pendidikan\nbagai taman tiada berbunga;Pantun Nasihat;Pantun Kiasan
848;belajar bernyanyi memakai gitar\nbelajar menulis memakai kapur\nbolehlah kamu belanja di pasar\nbelilah pada pedagang yang jujur;Pantun Nasihat;Pantun Nasihat
849;belajar caranya tayamum\njangan belajar ke mbah dukun\naku suka caramu tersenyum\nkarenanya aku suka ngelamun;Pantun Nasihat;Pantun Kasih Sayang
850;belajar itu harus rajin\nsuasana kelas kan dirindu\nada enaknya jadi pengantin\nmasuk kamar langsung bercumbu;Pantun Nasihat;Pantun Kasih Sayang
851;belajar pramuka untuk berkemah\ntidurnya di dalam tenda\nperiksa pelajaran di rumah\nbermain main bisa ditunda;Pantun Nasihat;Pantun Nasihat
853;Belalang hijau melompat ke dahan\nPohon cemara rindang sekali\nNgaku Ikhlas tapi banyak permintaan\nMau bantu asal dibayar tinggi;Pantun Nasihat;Pantun Kiasan
855;Belanja bebas gaya terkini\nDiberi sara seberapa juga\nBekerja keras tiada henti\nDemi keluarga siapa rela;Pantun Nasihat;Pantun Kiasan
856;belanja beras ke pasar murah\npasar murah buka hari jumat\njangan bosan belajar di rumah\ntetap semangat setiap saat;Pantun Nasihat;Pantun Nasihat
857;Belanja ke pasar malam\nMalam-malam malah gerah\nWaktu kecil bajunya hitam\nSudah besar berbaju merah;Pantun Nasihat;Pantun Hiburan
861;beli baju beli celana\nberi satu untuk tetangga\nhiduplah dengan bijaksana\nemosi dan nafsu mesti dijaga;Pantun Nasihat;Pantun Nasihat
862;beli baju beli kain\njalan kaki jauh ke pasar\nmaksud hati ingin bermain\napa daya harus belajar;Pantun Nasihat;Pantun Nasihat
863;beli baju di pasar baru\nharga murah dua ribu\nbarang siapa sayang guru\ntentu mudah mendapat ilmu;Pantun Nasihat;Pantun Nasihat
865;beli baju warna merah\nbungkus satu lupa dibawa\njadi anak jangan suka marah\nkalau suka marah cepat tua;Pantun Nasihat;Pantun Nasihat
867;beli baki beli gelas\ntak lupa juga beli beras\nkalau ingin jadi juara kelas\nbelajar lah dengan keras;Pantun Nasihat;Pantun Nasihat
872;Beli benang di kota seberang\nTak lupa membeli kain batik\nJika ingin hidupmu tenang\nBerpikir baik dan bertindak baik;Pantun Nasihat;Pantun Nasihat
873;Beli bensin satu tangki\nBensin dibawa bersama panci\nBersihkan hati dari dengki\nMari jaga jiwa yang suci;Pantun Nasihat;Pantun Nasihat
875;beli besi beli baja\nsiapa yang tau burung ababil\nkredit mobil tuk berangkat kerja\nberangkat kerja tuk kredit mobil;Pantun Nasihat;Pantun Nasihat
878;beli buku keren sampulnya\nbuku pelajaran menjahit\ncewe itu halus perasaannya\njadi jangan kamu beri sakit;Pantun Nasihat;Pantun Nasihat
879;beli burung harga sejuta\ndipelihara di dalam sangkar\ncintailah sanak saudara kita\nhidup rukun jangan bertengkar;Pantun Nasihat;Pantun Nasihat
880;beli celana beli permata\nsungguh menarik di pakai kahar\napaguna bermain cinta\nlebih baik tekun belajar;Pantun Nasihat;Pantun Nasihat
882;beli ember tahan banting\nbuka dompet untuk bayar\nketerampilan lebih penting\ndaripada ijazah dan gelar;Pantun Nasihat;Pantun Nasihat
883;Beli gula ke kota lama\nTak lupa membeli kopi hitam\nJika hidup ingin sejahtera\nKerja jujur jangan curang diam-diam;Pantun Nasihat;Pantun Nasihat
887;beli kacang beli kecipir\nkayu jati bagus diukir\nkepada teman jangan kikir\nitulah tanda engkau berpikir;Pantun Nasihat;Pantun Nasihat
888;beli kacang beli kecipir\nkayu jati bagus diukir\npada teman janganlah kikir\njadilah orang pandai berpikir;Pantun Nasihat;Pantun Nasihat
889;beli kacang lalu ditanamkan\npantai indah putih berpasir\njika makan harus dihabiskan\nagar tidak menjadi mubazir;Pantun Nasihat;Pantun Nasihat
890;beli kain warnanya merah\ndari kediri pakainya batik\ndi godain jangan marah\nsalah sendiri punya wajah cantik;Pantun Nasihat;Pantun Kasih Sayang
892;beli kentang dibuat rujak\nbiar mantap ditambah sambal\ntidur terlentang tiada nyenyak\ntidur tengkurap ada yang mengganjal;Pantun Nasihat;Pantun Hiburan
893;beli kucai di tengah pasar\npasar pagi banyak pembelinya\nrajin belajar jadi pintar\nrajin membaca jadi bijaksana;Pantun Nasihat;Pantun Nasihat
894;Beli laut beli sekrup\nBeli online dari jombang\nDua anak sudah cukup\nDua istri masing kurang;Pantun Nasihat;Pantun Hiburan
898;beli padi satu karung\nsisi karung beras merah\ngaragara sering menabung\nakhirnya bisa membeli rumah;Pantun Nasihat;Pantun Sukacita
905;Beli salak beli kedondong\nBelinya di pasar Kramat Jati\nJangan pernah menjadi pribadi sombong\nAgar terhindar dari penyakit hati;Pantun Nasihat;Pantun Nasihat
906;beli sate di jalan cempaka\nsatenya enak khas madura\nhormatlah dan berhati mulia\ndengan dia teman kita;Pantun Nasihat;Pantun Nasihat
908;beli sepeda di kota medan\njangan lupa beli topi\njangan buang sampah sembarangan\nagar lingkungan indah dan rapi;Pantun Nasihat;Pantun Nasihat
909;Beli sikat ke pasar baru\nJuga tasbih buat pak Amat\nMari berzakat wahai kawanku\nHarta bersih jiwa pun sehat;Pantun Nasihat;Pantun Nasihat
910;beli tempe beli tahu\nanak siapa suka rese\ndari dahulu aku tak pernah tahu\nkenapa perokok hisapnya di wese;Pantun Nasihat;Pantun Hiburan
911;beli tempe dibungkus daun lontar\ntempe bumbu telur ditambah kelapa\nkalau ente mengaku pintar\nhewan apa punya ekor di kepala;Pantun Nasihat;Pantun Hiburan
913;belum makan sedari pagi\nkata anak penjual bawang\njangan kau ragukan lagi\ncintaku ini untukmu seorang;Pantun Nasihat;Pantun Kasih Sayang
914;benang beberapa helai\nada di dalam botol kaca\nwalau libur jangan sampai lalai\nbuku tetap harus dibaca;Pantun Nasihat;Pantun Nasihat
915;benang dibuat dari kapas\nbenang dipintal jadi kain\ntak usah mengenang yang sudah lepas\nlebih baik cari yang lain;Pantun Nasihat;Pantun Nasihat
916;benang dijahit disambungsambung\njadilah ia satu kerudung\nsemenjak kecil rajin menabung\ndi waktu besar mendapat untung;Pantun Nasihat;Pantun Nasihat
918;benda apakah yang bau busuk\nternyata itu bangkai namanya\nberteman dengan orang yang buruk\nakan tertular keburukannya;Pantun Nasihat;Pantun Nasihat
919;Bendahara mudik berkakap\nBadai selasa kembang pelangai\nSaudara jangan berbesar cakap\nJaga-jaga pegang perangai;Pantun Nasihat;Pantun Kiasan
920;bendera raja selalu berkibar\npujangga menulis dengan pena\nsiapa insan bisa bersabar\ntentu sifatnya bijaksana;Pantun Nasihat;Pantun Nasihat
923;benih padi sedang ditebar\nburung mematuk sedang dikejar\nayahku memang sangat penyabar\njadilah aku suka belajar;Pantun Nasihat;Pantun Sukacita
925;benteng kuat tak akan goyah\nditerpa angin tiada lelah\nsiapa yang menyayangi ayah\nitulah tanda putri yang sholehah;Pantun Nasihat;Pantun Nasihat
926;berakit rakit ke hulu\nberenang renang ketepian\naku mau kita ke penghulu\nbiar kamu jangan kesepian;Pantun Nasihat;Pantun Kasih Sayang
927;beramairamai petani desa\npergi ke sawah memanen padi\nbisakah tidak ada matematika\nnilai merah membuatku frustasi;Pantun Nasihat;Pantun Nasihat
932;berangkat pagi pergi sekolah\nbawa tas dan juga pena\njangan menyerah karena masalah\ndibalik masalah ada hikmahnya;Pantun Nasihat;Pantun Nasihat
934;beras asalnya dari padi\nsemakin tinggi semakin bungkuk\nsesama teman saling menghormati\nbukan menghina dan menunjuk;Pantun Nasihat;Pantun Nasihat
935;beras baru di karung goni\npagi hari dibawa ke pasar\njadilah pribadi pemberani\nberani bila di jalan yang benar;Pantun Nasihat;Pantun Nasihat
936;beras baru di karung goni\npagi hari membawa ke pasar\njadilah sosok yang berani\njika berjalan di arah yang benar;Pantun Nasihat;Pantun Nasihat
938;beras hitam beras merah\njatuh sekarung di tepi kali\nkulit hitam jangan marah\nkarena senyummu manis sekali;Pantun Nasihat;Pantun Kasih Sayang
940;beras kisar mudik ke hulu\ntanak pulut santan durian\ntak ada orang menyesal dahulu\nbanyak orang menyesal kemudian;Pantun Nasihat;Pantun Kiasan
941;beras mulanya adalah padi\nbukan kelapa ataupun talas\nsesama teman saling hormati\nbukan menghina atau menindas;Pantun Nasihat;Pantun Nasihat
942;Beras pulut dimasak lemak\nDisaji hangat di atas talam\nJika hidup tidak hendak rusak\nJauhi fitnah dan dendam;Pantun Nasihat;Pantun Nasihat
943;beras putih jadi bubur\ntanah liat tanah lempung\nmain ke nenek saat libur\nrumahnya jauh di ujung kampung;Pantun Nasihat;Pantun Sukacita
944;berbagai warna bermacam rupa\nterbang tinggi dan menarinari\nmenjadi kegemaran tua dan muda\nawas angin ribut terputus tali;Pantun Nasihat;Pantun Kiasan
945;Berbagi sehelai burung jentayu\nBercahaya singgah di tepi perigi\nBahasa kita kian berkeliru\nMengapa ia jadi begini;Pantun Nasihat;Pantun Kiasan
946;berbelanja ke pasar ikan\nsampai lokasi sudah buyar\njangan aku kamu lupakan\nkarena utangmu belum kau bayar;Pantun Nasihat;Pantun Hiburan
947;berbelanja ke warung pak mamat\nbeli gula garam dan roti\nsemoga tidurmu selamat\ndari mara bahaya malam ini;Pantun Nasihat;Pantun Kasih Sayang
948;berbuat baik pada kawan\nsaling membantu dalam pertemanan\ndidiklah diri menjadi dermawan\nitulah tanda dari keimanan;Pantun Nasihat;Pantun Nasihat
951;berburu elang sedang terbang\npeluru menembak berbunyi lantang\njangan biarkan pohon ditebang\njika tak ingin banjir datang;Pantun Nasihat;Pantun Nasihat
952;berburu ke bukit kapur\nbawa senjata panah sangkur\njaga diri dari kufur\nniscaya hidup penuh syukur;Pantun Nasihat;Pantun Nasihat
953;berburu ke padang datar\nbertemu anak sapi dan keledai\nrajinlah kamu untuk belajar\nagar menjadi anak yang pandai;Pantun Nasihat;Pantun Nasihat
954;berburu rusa ke padang datar\ntumbuh sebatang pohon kina\nmasa kecil rajin belajar\nmasa tua kan bijaksana;Pantun Nasihat;Pantun Nasihat
955;berderap kaki tentara\ntegap sekali cara jalannya\nberjuang hanya sementara\ntidak mungkin selamanya;Pantun Nasihat;Pantun Nasihat
959;berenang jauh para ikan\nmereka bebas hatinya senang\nbadan kurus kurang makan\nkalau ditiup goyanggoyang;Pantun Nasihat;Pantun Hiburan
963;berhatihatilah saat menyebrang\njangan sampai titian patah\nsupaya jadi pribadi yang tenang\ncarilah nasihat ambillah hikmah;Pantun Nasihat;Pantun Nasihat
964;berhektarhektar tanah gambut\ngunung batu beronggarongga\nkepada wanita harus lembut\ntutur kata harus terjaga;Pantun Nasihat;Pantun Nasihat
970;berinai orang berhitam kuku\nmandi disiram si air mawar\ntuan seorang biji mataku\nracun diminum jadi penawar;Pantun Nasihat;Pantun Kiasan
971;beringin pohonnya besar\ntempat belajar para guru\ndatang sekolah untuk belajar\npulang sekolah membawa ilmu;Pantun Nasihat;Pantun Nasihat
973;Berjajar batu di atas nisan\nBatu dipasang di tengah taman\nSaling membantu sesama insan\nItulah tanda orang beriman;Pantun Nasihat;Pantun Nasihat
975;berjalan kaki ketika pulang\nmempir dulu ke rumah makan\nmemegang pundak seseorang\ndikira teman ternyata bukan;Pantun Nasihat;Pantun Hiburan
976;berjalan kaki menyepak krikil\nmelihat pekerja membuat aspal\njika mimpi dirasa mustahil\npermudahlah dengan bertawakkal;Pantun Nasihat;Pantun Nasihat
977;berjalan sendiri di dalam kelam\ndi tengah jalan turun hujan\nsukses tidak datang semalam\nbutuh perjuangan dan pengorbanan;Pantun Nasihat;Pantun Nasihat
979;berjalanjalan ke taman bunga\nmawar melati harum baunya\nlingkungan alam harus kita jaga\nagar selamat semuanya;Pantun Nasihat;Pantun Nasihat
980;Berjumpa nenek di bandara Halim\nUlurkan jari untuk disalim\nTumbuhkan pribadi menjadi alim\nHindarkan diri berbuat dzolim;Pantun Nasihat;Pantun Nasihat
982;Berkebun sayur di tanah lapang\nDisiram air tiap petang\nJika usaha terus berkembang\nMasa depan jadi gemilang;Pantun Nasihat;Pantun Nasihat
983;Berkelana jauh ke seberang\nMembawa harap dalam hati\nWalau jalan penuh rintang\nTetap maju jangan berhenti;Pantun Nasihat;Pantun Nasihat
985;berkicau indah burung tekukur\nnumpang mandi dekat sumur\nsiapa orang pandai bersyukur\nhidup akan semakin makmur;Pantun Nasihat;Pantun Nasihat
986;berkicau merdu burung tekukur\nkepakan sayap terbang kabur\nselalulah belajar bersyukur\nniscaya rezeki tambah subur;Pantun Nasihat;Pantun Nasihat
989;berkobar kobar semangat membara\nmembela rakyat membina negara\nmenjulang impian rakyat jelata\nmembina martabat sebuah bangsa;Pantun Nasihat;Pantun Kiasan
990;berkumpul keluarga untuk arisan\npelamun sibuk dengan khayalan\nbarang siapa bermalasmalasan\nkelak hidupnya penuh penyesalan;Pantun Nasihat;Pantun Nasihat
992;Berlagu unggas di hujung dedalu\nTinggi berdiri pohon tembusu\nMalaysia cergas dicanang selalu\nMengapa diri sentiasa lesu;Pantun Nasihat;Pantun Kiasan
994;berlari cepat mengejar waktu\nterlambat sudah tertinggal kereta\npendidikan itu harus nomor satu\nbagi kemajuan bangsa kita;Pantun Nasihat;Pantun Nasihat
996;berlayar kapal dari lautan\nmenuju arah selat malaka\nlebar kepala daripada badan\napakah itu cobalah terka;Pantun Nasihat;Pantun Hiburan
997;berlayar kapal dewa ruci\nitulah bukti dari janji\nberangkat ke tanah suci\nniat ikhlas untuk berhaji;Pantun Nasihat;Pantun Kiasan
998;berlayar ke pulau bekal\nbawa siraut dua tiga\nkalau kail panjang sejengkal\njangan laut hendak diduga;Pantun Nasihat;Pantun Kiasan
1000;berlayar perahu dari bentan\nmenyusuri tepi selat malaka\nlebar kepala dari badan\napakah ikan cubalah teka;Pantun Nasihat;Pantun Hiburan
1003;Berlenggang lengguk si anak dara\nTitian diseberang berhati-hati\nJika benar cintakan negara\nTaburlah budi semaikan bakti;Pantun Nasihat;Pantun Kiasan
1004;berlibur bersama ke candi kalasan\njangan lupa beli buah markisa\nhidup itu penuh perjuangan\nmaka jangan mudah putus asa;Pantun Nasihat;Pantun Nasihat
1006;bermain bola di lapangan\nterjatuh badan karena kiper\nayah pulang bawa mainan\neh sampai lupa kerjakan peer;Pantun Nasihat;Pantun Sukacita
1009;bermain kelereng bersama puput\nkelereng hilang entah kemana\nwajah nan lusuh juga keriput\ntanda tanda sudah menua;Pantun Nasihat;Pantun Nasihat
1010;Bermain laying di atas bukit\nTalinya tipis memanjang\nKatanya rajin dan suka bangkit\nTapi kerjanya tidur sampai siang;Pantun Nasihat;Pantun Nasihat
1019;bersamasama belajar yoga\nagar badan sehat selalu\nmatanya empat kakinya tiga\njalan membungkung kulitnya layu;Pantun Nasihat;Pantun Kiasan
1020;bersepeda keliling kota\njangan lupa membeli baju\nkejarlah terus citacita\nuntuk hidup yang lebih maju;Pantun Nasihat;Pantun Nasihat
1022;bersihkan halaman dengan sapu lidi\nsetelah itu menjemur baju\ndinginnya pagi di kamis ini\nkau datang hangatkan batinku;Pantun Nasihat;Pantun Kasih Sayang
1023;bersihkan halaman dengan sapu\nbasahkan kain bersihkan kaca\nanak baik menghormati guru\nberbakti jua pada orangtua;Pantun Nasihat;Pantun Nasihat
1024;bersihkan halaman di pagi hari\nmenyapu dengan sapu lidi\nmalam tiba jangkrik berbunyi\nbikin pusing karena sakit gigi;Pantun Nasihat;Pantun Dukacita
1027;bertamasya ke buah batu\nkota bandung selalu jadi impian\njanganlah malas mencari ilmu\nuntuk bekal masa depan;Pantun Nasihat;Pantun Nasihat
1030;bertani di ladang banyak hama\ntanam padi tumbuh rumputnya\njangan jauh dari agama\njika ingin hidup bahagia;Pantun Nasihat;Pantun Nasihat
1031;bertapa orang mencari sakti\njauh di bukit yang amat sunyi\njadilah anak yang berbakti\nayah dan ibu harus dihormati;Pantun Nasihat;Pantun Nasihat
1032;bertemu dengan hewan rusa\njatuh terperosok di aspal\njika lelah sudah terasa\ningin pulang ke tempat asal;Pantun Nasihat;Pantun Dukacita
1033;bertemu di jalan dengan teman\nsahabat lama berjumpa kembali\nsaya berdiri dihadapan kalian\nuntuk membawakan presentasi;Pantun Nasihat;Pantun Sosial Budaya
1034;bertemu guru diberi saran\nagar belajar selalu konsentrasi\nbanyaklah makan sayuran\nagar otak cerdas berprestasi;Pantun Nasihat;Pantun Nasihat
1036;bertemu teman bersalaman\nuntuk naik ke atas panggung\njika ingin membeli mainan\njangan lupa rajin menabung;Pantun Nasihat;Pantun Nasihat
1037;bertengger dengan burung gelatik\nakan mendengar bunyi kicaunya\nberteman dengan orang yang baik\nakan tertular kebaikannya;Pantun Nasihat;Pantun Nasihat
1038;beruang hitam amat tangguh\nlarinya kencang tak terkejar\nmari belajar sungguhsungguh\nagar kelak menjadi pintar;Pantun Nasihat;Pantun Nasihat
1042;besi berkarat dari tukang las\nbesi dirangkai berpasangpasangan\njangan jadi insan pemalas\nkarena hidup butuh perjuangan;Pantun Nasihat;Pantun Nasihat
1044;besi menempel besi sembrani\njeruk harum jeruk purut\nanak lakilaki harus berani\njangan penakut atau pengecut;Pantun Nasihat;Pantun Nasihat
1045;besok ke jakarta naik kereta\nberhenti lama di stasiun semarang\npetaka banjir dan longsor kian nyata\nketika ribuan pohon ditebang;Pantun Nasihat;Pantun Nasihat
1048;besok sabtu januari\nbertepatan tahun baru imlek\nbiarlah mereka pada iri\ndemi cintamu aku belajar cuek;Pantun Nasihat;Pantun Kasih Sayang
1052;biarlah orang bertanam buluh\nmari kita bertanam padi\nbiarlah orang bertanam musuh\nmari kita menanam budi;Pantun Nasihat;Pantun Nasihat
1053;bibir pantai kena erosi\nhutan bakau tanamlah rapi\nsemua hadirin yang saya hormati\nizinkan saya membawa materi;Pantun Nasihat;Pantun Sosial Budaya
1054;bibit semangka merah telah ditebar\ndengun jari kuku mengupas ubi\nbibi sangat ramah dan penyabar\nkarenanya aku menyayangi bibi;Pantun Nasihat;Pantun Kasih Sayang
1056;biduk bersandar di pelabuhan\nkaki tersandung keluar darah\nhidup ini memang perjuangan\nterus berusaha jangan menyerah;Pantun Nasihat;Pantun Nasihat
1058;biji selasih baunya wangi\nlebih wangi dicampur santan\nduhai kekasih janganlah pergi\nkalaupun pergi bertahun jangan;Pantun Nasihat;Pantun Kasih Sayang
1062;bila ada sebuah bencana\nselamatkan dulu keluargamu\naku benci ama virus corona\nkarenanya kita gabisa ketemu;Pantun Nasihat;Pantun Kasih Sayang
1063;bila anak sedang diare\njanganlah dikasih bubur\nwalaupun hanya lauk tempe\najarilah mereka bersyukur;Pantun Nasihat;Pantun Nasihat
1065;bila gempa bumi bergetar\ntanah luas untuk hibah\njangan pernah bosan belajar\nbelajar bagian dari ibadah;Pantun Nasihat;Pantun Nasihat
1066;bila kecil boleh ditiup\nsudah besar janganlah lagi\nkalau tercucuk ia meletup\nkalau terlepas terbangnya tinggi;Pantun Nasihat;Pantun Hiburan
1067;Bila memandang ke muka laut\nNampak sampan mudik ke hulu\nBila terkenang mulut menyebut\nBudi yang baik ingat selalu;Pantun Nasihat;Pantun Kiasan
1068;Bila orang memakan bubur\nTentulah ada santan kelapa\nApabila abang segan menegur\nTentulah hamba segan menyapa;Pantun Nasihat;Pantun Kiasan
1076;Bintang berkilau di malam sepi\nMenyulam gelita dengan cahaya\nJika ilmu disemai di hati\nJahil sirna akal berjaya;Pantun Nasihat;Pantun Kiasan
1077;bintang bersinar di malam hari\nbulannya pun tampak malumalu\ntepatilah sebuah janji\nkarena berbuat jujur itu perlu;Pantun Nasihat;Pantun Nasihat
1079;Bintang bertabur di langit raya\nMenyuluh malam yang kelam gelita\nJika benar jalan bicara\nTeranglah hidup sepanjang masa;Pantun Nasihat;Pantun Kiasan
1080;Bintang gemerlap di malam kelam\nCahayanya halus menenangkan jiwa\nJika ikhlas tersimpan dalam\nDatanglah rezeki tanpa diminta;Pantun Nasihat;Pantun Kiasan
1081;Bintang gemerlap di malam raya\nCahaya bening menyinari laman\nJika muafakat jadi upaya\nKukuhlah ikatan sepanjang zaman;Pantun Nasihat;Pantun Kiasan
1083;Bintang malam berkelip terang\nLangit gelap jadi indah\nPerjuangan jangan dibuang\nWalau jalan terasa susah;Pantun Nasihat;Pantun Nasihat
1084;Bintang malam bersinar terang\nLangit gelap jadi bercahaya\nJika hidup ingin gemilang\nRajin usaha sepanjang masa;Pantun Nasihat;Pantun Nasihat
1085;Bintang malam bersinar terang\nLangit gelap jadi bercahaya\nJika hidup ingin gemilang\nTekun belajar sepanjang masa;Pantun Nasihat;Pantun Nasihat
1086;Bintang malam bersinar terang\nLangit gelap jadi bercahaya\nLangkah kecil jangan dipandang\nKarena itu awal berjaya;Pantun Nasihat;Pantun Nasihat
1087;Bintang malam bertabur sinar\nMenemani sunyi di angkasa\nJika menilai janganlah kasar\nSetiap insan ada ceritanya;Pantun Nasihat;Pantun Nasihat
1088;Bintang malam tampak berseri\nLangit gelap jadi bercahaya\nJika ingin hidup berarti\nTebar kebaikan kepada sesama;Pantun Nasihat;Pantun Nasihat
1089;Bintang pagi bersinar terang\nMenyapa fajar di ufuk timur\nJika ingin hidup gemilang\nBerusaha keras tanpa mundur;Pantun Nasihat;Pantun Nasihat
1090;Bintang timur berkelip terang\nPenunjuk arah di malam sunyi\nJika tersasar pulanglah pulang\nNasihat baik jadi penyiap diri;Pantun Nasihat;Pantun Nasihat
1091;Bintang timur bersinar terang\nMenemani malam yang sunyi\nJika hidup mahu dikenang\nTinggalkan jasa dan budi;Pantun Nasihat;Pantun Nasihat
1095;Bintang timur menyinsing pagi\nMenyingkap kabut di hujung desa\nJika amanah dijunjung tinggi\nTegaklah bangsa penuh wibawa;Pantun Nasihat;Pantun Kiasan
1096;Bintang timur mulai bersinar\nMenandakan pagi menjelang\nOrang tekun tak mudah pudar\nSemangatnya terus berkembang;Pantun Nasihat;Pantun Nasihat
1098;Bintang timur tampak bersinar\nLangit malam indah bercahaya\nJika niat sudah benar\nTuhan mudahkan segala upaya;Pantun Nasihat;Pantun Nasihat
1099;Bintang timur terbit perlahan\nCahayanya terang berseri\nJika hidup penuh harapan\nJangan takut mencoba lagi;Pantun Nasihat;Pantun Nasihat
1100;bintang tujuh sinar berseri\nbulan purnama datang menerpa\najaran guru hendak ditaati\nmana yang dapat jangan dilupa;Pantun Nasihat;Pantun Nasihat
1101;Bintang utara jadi pedoman\nBagi pelayar di samudra luas\nJika hidup punya tujuan\nFokus langkah jangan terlepas;Pantun Nasihat;Pantun Nasihat
1103;bocor ternyata dari genting\nbanyak disana tupaitupai\nbelajar itu sangat penting\nagar citacitamu bisa tercapai;Pantun Nasihat;Pantun Nasihat
1104;bola jatuh di bawah kolong\nmata mencari berkalikali\nhendaknya kita saling menolong\nkarena menolong tanda peduli;Pantun Nasihat;Pantun Nasihat
1107;boleh saja berlalu lalang\ntapi harus taat peraturan\nboleh saja bersenangsenang\ntapi jangan lupa pendidikan;Pantun Nasihat;Pantun Nasihat
1108;boleh saja kita berkemah\nnamun jangan ke batujajar\nboleh saja bermain di rumah\nnamun jangan lupa belajar;Pantun Nasihat;Pantun Nasihat
1109;boleh saja pergi ke kota\nasal perginya waktu pagi\nboleh saja memadu asmara\nasal ilmu juga harus dicari;Pantun Nasihat;Pantun Nasihat
1113;bu dina membeli tomat\nbeli tomat di pasar minggu\nuntukmu guru yang terhormat\nsemoga engkau sehat selalu;Pantun Nasihat;Pantun Kasih Sayang
1116;Buah anggur buah kiwi\nDibawa ke pasar memakai keranjang\nPerbaiki dulu diri sendiri\nJangan mengejek dan menghujat orang;Pantun Nasihat;Pantun Nasihat
1117;buah anggur dari palembang\npulau bali banyak mangganya\nbaca buku janganlah jarang\nsebab buku jendela dunia;Pantun Nasihat;Pantun Nasihat
1118;buah apel berwarna merah\nketika digigit renyah sekali\nhasil kita bersusah payah\nmenjaga kesehatan yang hakiki;Pantun Nasihat;Pantun Nasihat
1119;buah apel buah kedondong\ndi makan di dalam tenda\nhai engkau jangan berbohong\nkalau engkau jatuh cinta;Pantun Nasihat;Pantun Nasihat
1120;Buah apel buah tomat\nDisimpat di dekap lemari\nBingung mencium bau menyengat\nTernyata ada yang belum mandi;Pantun Nasihat;Pantun Hiburan
1122;buah baik yang dipilih\nhatihati dengan duri\njika lingkungan bersih rapih\nhidup nyaman terasa asri;Pantun Nasihat;Pantun Nasihat
1124;buah berangan dari jawa\nkain terjemur disampaian\njangan diri dapat kecewa\nlihat contoh kiri dan kanan;Pantun Nasihat;Pantun Nasihat
1126;buah budi bedara mengkal\nmasak sebiji di tepi pantai\nhilang budi bicara akal\nbuah apa tidak bertangkai;Pantun Nasihat;Pantun Hiburan
1127;buah cempedak bentuknya bujur\nsangat disukai oleh semua\njika kita bersikap jujur\nhidup kita dipandang mulia;Pantun Nasihat;Pantun Nasihat
1128;buah cempedak diluar pagar\nambil galah tolong jolokan\nsaya budak baru belajar\nkalau salah tolong tunjukkan;Pantun Nasihat;Pantun Sosial Budaya
1129;buah delima ada kulitnya\nbegitu pula si buah jeruk\nberbuat baik ada balasnya\nbegitu pula berbuat buruk;Pantun Nasihat;Pantun Nasihat
1132;buah duku asal palembang\npulau bali terkenal mangganya\nmembaca buku janganlah jarang\nsebab buku jendela dunia;Pantun Nasihat;Pantun Nasihat
1133;buah duku buah durian\nlebih enak buah semangka\ndapat tugas segera kerjakan\njangan suka menundanunda;Pantun Nasihat;Pantun Nasihat
1134;buah duku buah durian\nlebih manis buah semangka\ndapat tugas langsung kerjakan\njangan suka menundanunda;Pantun Nasihat;Pantun Nasihat
1136;buah duku buah kundur\nbuah kundur dipotongpotong\nsudah maju pantang mundur\nkalau mundur berarti bencong;Pantun Nasihat;Pantun Nasihat
1138;buah duku buah rambutan\ncuci piring bawah jembatan\nentah jodohku entah bukan\nyang penting persahabatan;Pantun Nasihat;Pantun Kasih Sayang
1140;buah duku dari palembang\nbuah anggur dari bosnia\nbaca buku janganlah jarang\nsebab buku jendela dunia;Pantun Nasihat;Pantun Nasihat
1141;buah duku di atas batu\nbatu besar untuk bangunan\ndengan teman saling membantu\nitu tanda murid budiman;Pantun Nasihat;Pantun Nasihat
1142;buah duku talang betutu\nbeli sekilo buat arisan\nsesame teman salinglah membantu\nitulah tanda anak budiman;Pantun Nasihat;Pantun Nasihat
1143;buah duku talang betutu\nbeli sekilo untuk arisan\nsesama teman saling membantu\nitulah tanda murid budiman;Pantun Nasihat;Pantun Nasihat
1145;buah durian banyak durinya\nisinya lunak bijinya keras\nsudah dimakan tidak meminta\nkini hendak diberi seulas;Pantun Nasihat;Pantun Nasihat
1146;buah durian buah jambu\nlebih enak lagi buah duku\nteruslah tambah wawasannu\ndengan belajar dan baca buku;Pantun Nasihat;Pantun Nasihat
1147;buah durian buah rambutan\nlebih enak lagi buah duku\nterus tambah ilmu wawasan\nterus belajar dan baca buku;Pantun Nasihat;Pantun Nasihat
1148;buah durian diangkut gajah\ngajah berbaris di samping jalan\njanganlah enggan pergi sekolah\nkarena itu demi masa depan;Pantun Nasihat;Pantun Nasihat
1150;buah itu jangan dipetik\nsusah payah saat ditanam\nengkaulah gadis tercantik\nku impikan siang dan malam;Pantun Nasihat;Pantun Kasih Sayang
1152;Buah jambu disangka kandis\nKandis ada di dalam cawan\nGula madu disangka manis\nManis lagi senyuman tuan;Pantun Nasihat;Pantun Kasih Sayang
1156;buah jeruk buah duku\nbelinya di pasar minggu\nkami selalu hormat kepada guru\nagar menjadi orang yang berilmu;Pantun Nasihat;Pantun Nasihat
1159;buah kedondong buah nangka\nbeli yang asli jangan abalabal\nusia muda harus berkarya\nkalau sudah tua nanti menyesal;Pantun Nasihat;Pantun Nasihat
1160;Buah kelapa di atas karang\nBola kecil di tengah gawang\nJangan lupa kebaikan orang\nHabis manis, sepah dibuang;Pantun Nasihat;Pantun Kiasan
1161;Buah kelapa di tepi paya\nDaun kelapa diambil lidi\nBuah-buahan pula jangan lupa\nSelalulah bersenam setiap hari;Pantun Nasihat;Pantun Nasihat
1162;buah kelapa muat di perahu\nagar dijual nanti dipasar\nbarang siapa rajin berguru\ntentu menjadi orang pintar;Pantun Nasihat;Pantun Nasihat
1163;buah kelapa pohonnya tinggi\nminum degan ketika lelah\nbangun tidur di saat pagi\nagar cepat berangkat sekolah;Pantun Nasihat;Pantun Nasihat
1164;buah kelapa tidak terhitung\nsemua berbuah beriburibu\norang yang bakti akan beruntung\nsurga dibawah telapak ibu;Pantun Nasihat;Pantun Nasihat
1165;buah kelat waktu dirasa\nmeludah lagi kalau tak nyaman\nwahai pejabat serta pengusaha\nbantulah kami para seniman;Pantun Nasihat;Pantun Kiasan
1166;buah kemumu dimakan ikan\nsenyumanmu sulit kulupakan\nburung gelatik di atas nampan\npaling enak dijadikan pancingan;Pantun Nasihat;Pantun Kiasan
1171;Buah langsat kuning mencelah\nSenduduk tidak berbunga lagi\nSudah dapat gading bertuah\nTanduk tidak berguna lagi;Pantun Nasihat;Pantun Kiasan
1172;buah langsat manis rasanya\nenak di perut usai ditelan\nsehat sungguh mahal harganya\njangan disiasiakan;Pantun Nasihat;Pantun Nasihat
1175;buah mangga buah manggis\nterkena pisau saat diiris\nwahai adikadik yang manis\nbertemu lagi nanti hari kamis;Pantun Nasihat;Pantun Kasih Sayang
1176;Buah mangga dipetik Ata\nMangga mantap itu punya Pak Ari\nAyo bersama jaga lingkungan kita\nAgar tetap aman dan asri;Pantun Nasihat;Pantun Nasihat
1179;Buah mangga jatuh ke tanah\nRasanya manis tak terkira\nJika hidup penuh amanah\nBanyak orang akan percaya;Pantun Nasihat;Pantun Nasihat
1180;Buah mangga melendur tinggi\nBuah kuini berangkai tiga\nHidup kita tidur dan mati\nSudah mati baru terjaga;Pantun Nasihat;Pantun Nasihat
1184;buah manggis masih mentah\njangan petik dengan tangan\njangan suka bolos sekolah\nnanti kamu tertinggal pelajaran;Pantun Nasihat;Pantun Nasihat
1185;buah manis buah sukun\nsayang buah dimakan kancil\nbelajarlah dengan tekun\nkarena itu kunci berhasil;Pantun Nasihat;Pantun Nasihat
1186;buah manis namanya kurma\ndimakan sambil main catur\njanganlah iri terhadap sesama\nrejeki sudah ada yang mengatur;Pantun Nasihat;Pantun Nasihat
1187;buah masak dipilahpilah\nbawa kepasar dengan pedati\nbarang siapa enggan sekolah\njikalau besar menyesal nanti;Pantun Nasihat;Pantun Nasihat
1188;buah masam asam rasanya\nkalau gula rasanya manis\nwalau dia jelek wajahnya\ntetapi mahir berbahasa inggris;Pantun Nasihat;Pantun Sukacita
1189;buah melon buah nangka\ndijual di pasar buahbuahan\ncoba jawab wahai saudara\nmakin diisi semakin ringan;Pantun Nasihat;Pantun Hiburan
1190;buah mengkudu dari taiwan\nbuah mangga dibuat petisan\nberiburibu anak perawan\nhanya janda itu yang ku impikan;Pantun Nasihat;Pantun Hiburan
1191;Buah mengkudu, buah stroberi\nBawa ke pasar dibungkus kain\nPerbaiki dulu diri sendiri\nJangan menghujat orang lain;Pantun Nasihat;Pantun Nasihat
1192;buah naga berwarna merah\njika dimakan enak rasanya\nmatematika memang susah\nmaka belajarlah agar kau bisa;Pantun Nasihat;Pantun Nasihat
1193;buah naga dibelah tujuh\nberi kecap dibalut coklat\nmeski raga terpisah jauh\nhati tetap terpaut erat;Pantun Nasihat;Pantun Kasih Sayang
1194;buah nanas buah duku\nbuah mengkudu dimakan kutu\njangan malas membaca buku\nkarena buku sumber ilmu;Pantun Nasihat;Pantun Nasihat
1195;buah nanas buah naga\nenak disantap dikala senja\ndikala muda sudah terbiasa\nsaat menua merasakan hasilnya;Pantun Nasihat;Pantun Nasihat
1198;buah nanas buah semangka\nsungguh manis itu rasanya\ndengan bismillah acara kita buka\nsemoga berkah sesuai rencana;Pantun Nasihat;Pantun Sosial Budaya
1199;buah nanas bunga melati\noleholeh dari tamasya\nkerja ikhlas dari hati\nkeluh kesah jangan dimanja;Pantun Nasihat;Pantun Nasihat
1202;buah nangka buah duku\nduku dimakan asam rasanya\nbu guru adalah panutanku\nkelak aku ingin sepertinya;Pantun Nasihat;Pantun Sukacita
1203;buah nangka buah durian\nrasanya enak dimakan bersama\njadi pemuda itu harus sopan\nhormatilah orang yang lebih tua;Pantun Nasihat;Pantun Nasihat
1205;buah nangka buah nanas\ndimakan bersama di dalam rumah\nbekerjalah dengan ikhlas\nagar hasilnya menjadi berkah;Pantun Nasihat;Pantun Nasihat
1206;buah nangka buah semangka\npaling enak dimakan bersama\npatuhilah nasihat orang tua\nagar tidak jadi anak durhaka;Pantun Nasihat;Pantun Nasihat
1207;buah nangka buah semangka\nsungguh manis itu rasanya\nselamat pagi hadirin semua\nsebentar lagi acara dibuka;Pantun Nasihat;Pantun Sosial Budaya
1210;buah nangka dibelahbelah\nbawa ke pasar dalam panci\njika kamu malas sekolah\nsudah besar menyesal nanti;Pantun Nasihat;Pantun Nasihat
1211;buah nangka jangan diambil\nkarena ia banyak getahnya\nsahabat sejati di waktu kecil\nakan teringat hingga tua;Pantun Nasihat;Pantun Nasihat
1213;buah pare bukanlah khuldi\njatuh di pantai terikat tali\nsudah sore saatnya mandi\nmandi disungai segar sekali;Pantun Nasihat;Pantun Sukacita
1214;buah pelaga makan dikikir\ndibawa orang dari hulu\nsebarang kerja hendak dipikir\nsupaya jangan mendapat malu;Pantun Nasihat;Pantun Nasihat
1215;buah pepaya buah delima\nhidup di hutan berwarna ungu\nkalau ingin naik kelas lima\nrajinlah belajar setiap waktu;Pantun Nasihat;Pantun Nasihat
1216;buah pepaya buah manggis\ndimakan pulang naik kuda\nkerjaannya hanya merayu gadis\nnikahnya malah sama janda;Pantun Nasihat;Pantun Hiburan
1220;buah piir rasanya segar\nuntuk dijadikan kue yang besar\njika kalian malas belajar\npasti kalian bodoh di waktu besar;Pantun Nasihat;Pantun Nasihat
1221;buah pisang buah pepaya\ndalam piring di atas kaca\ncukup sekian pantun saya\nterimakasih telah membaca;Pantun Nasihat;Pantun Sosial Budaya
1225;Buah rambutan manis rasanya\nDisimpan rapi di dalam peti\nIlmu tinggi tiada gunanya\nJika sombong menguasai hati;Pantun Nasihat;Pantun Nasihat
1228;Buah salak disusun bertali\nDibawa pulang bersama duku\nAdab dijaga sejak dini\nItu bekal sepanjang waktu;Pantun Nasihat;Pantun Nasihat
1232;buah semangka buah labu\nbuah di atas enak rasanya\nberbondonglah kamu menuntut ilmu\nkarena wajib hukumnya;Pantun Nasihat;Pantun Nasihat
1233;buah semangka buah sukun\njangan dimakan bersama cabai\nmari sekolah dengan tekun\nsupaya jadi anak pandai;Pantun Nasihat;Pantun Nasihat
1236;buah yang enak itu rambutan\nrasanya itu sangat menawan\njangan terlena dengan lebaran\nmasa depan masih panjang hai kawan;Pantun Nasihat;Pantun Nasihat
1238;buang plastik ke tempat sampah\nsampahnya penuh waktu dibuka\nhai teman janganlah marah\nini hanya Pantun Hiburan;Pantun Nasihat;Pantun Hiburan
1239;buang sampah pada tempatnya\nagar lingkungan jadi terjaga\nucapan raya maaf dipinta\nharap tiada tergeres jiwa;Pantun Nasihat;Pantun Kiasan
1244;buat apa panen kelapa\nkalau belum tumbuh tunas\ntak usah dulu membeli vespa\ncicilan kompor saja belum lunas;Pantun Nasihat;Pantun Hiburan
1245;buat pagar tergigit lintah\nlintah suka menghisap darah\ntekun belajar jangan menyerah\nilmu didapat hidup pun berkah;Pantun Nasihat;Pantun Nasihat
1247;buat rumah di hutan belukar\npohon rusak jadi tontonan\nhutan bukan untuk dibakar\ntapi untuk sumber kehidupan;Pantun Nasihat;Pantun Nasihat
1250;Budak-budak bermain tombak\nTombak diikat dengan rantai\nKalau takut dilambung ombak\nJangan berumah di tepi pantai;Pantun Nasihat;Pantun Kiasan
1251;budakbudak berkejarkejar\ndi tanah lapang tentulah saja\nkalau kita rajin belajar\ntentulah kita akan berjaya;Pantun Nasihat;Pantun Nasihat
1252;budakbudak berkejarkejar\nrasa gembira bermain di sama\nkalau kita rajin belajar\ntentu kita akan berjaya;Pantun Nasihat;Pantun Nasihat
1253;budakbudak ramai di pekan\nhari raya membakar batas\nkalau adik pandai kiasan\napakah buah gugur ke atas;Pantun Nasihat;Pantun Nasihat
1254;budi bertemu dengan kekasihnya\nbawakan hadiah berupa coklat\nayo rajin berolahraga\notot kuat jantungpun sehat;Pantun Nasihat;Pantun Nasihat
1255;buka kandang lepaskan biribiri\nsetelah itu menuai padi\nsalah dan janggal yang terjadi\nberilah maaf padaku ini;Pantun Nasihat;Pantun Dukacita
1257;bukan benar bukan salah\nyang penting saling berbagi\njangan berkelahi di sekolah\ntak jadi pandai kalau berkelahi;Pantun Nasihat;Pantun Nasihat
1258;bukan fikar sembarang fikar\nfikar bermain bersama syukur\ntangan lincah ulurkan senar\nmenata hati untuk selalu jujur;Pantun Nasihat;Pantun Nasihat
1259;bukan kembang bukan terigu\nhanya daun dibuat jamu\njangan bimbang jangan ragu\nabang pulang kan melamarmu;Pantun Nasihat;Pantun Kasih Sayang
1261;Bukan lebah sebarang lebah\nLebah bersarang di rumpun buluh\nBukan sembah sebarang sembah\nSembah menyusun jari sepuluh;Pantun Nasihat;Pantun Kiasan
1263;bukan lebah sembarang lebah\nlebah bersarang dibuku buluh\nbukan sembah sembarang sembah\nsembah bersarang jari sepuluh;Pantun Nasihat;Pantun Kiasan
1266;bukan salah buah kedundung\nbuahnya rusak buruk mata\nbukan salah bunda mengandung\nsalah awak buruk pinta;Pantun Nasihat;Pantun Kiasan
1267;bukan tidak saya katakan\nmerbuk biasa makan di papan\nbukan tidak saya katakan\nbuah mabuk jangan dimakan;Pantun Nasihat;Pantun Kiasan
1268;bukit barisan tanahnya subur\nmenanam jagung di tanah gembur\njauhkan diri dari takabur\niri dengki mesti dikubur;Pantun Nasihat;Pantun Nasihat
1270;bukit jerteh berhutan buluh\ntempat raja pergi memburu\nminta selisih malaikat empat puluh\njanganlah saya diberi malu;Pantun Nasihat;Pantun Nasihat
1271;bukit raya puncak selasih\nramai sekali orang kesana\ncubalah minum air yang bersih\naman serta cukup jumlahnya;Pantun Nasihat;Pantun Nasihat
1272;bukit tinggi bertingkattingkat\nsebagai anugerah juga rahmat\nmeski jauh tetap berangkat\nkami doakan agar kau selamat;Pantun Nasihat;Pantun Kasih Sayang
1274;buku duku buah kelapa\nbanyak dijual di pasar umum\npagi ini saya menyapa\nselamat pagi assalamualaikum;Pantun Nasihat;Pantun Sukacita
1277;bulan depan musim pancaroba\nbanyak hujan disertai badai\nbaiklah akan saya mencoba\ntapi tak tau akan kapan dimulai;Pantun Nasihat;Pantun Sukacita
1279;bulan mengambang cuaca mendung\npikiran galau mengenang nasib\nbosan terkadang hanya merenung\nmalahan berkicau terkekang aib;Pantun Nasihat;Pantun Kiasan
1284;bulan purnama si terang bulan\nanak bujang bernyanyi syahdu\npuji syukur kami ucapkan\natas kedatanganmu hai guru baru;Pantun Nasihat;Pantun Sukacita
1287;bulan terang sangat jelas\npagi hari tertutup kabut\nbila sudah masuk kelas\nselalu tenang tidak ribut;Pantun Nasihat;Pantun Nasihat
1290;bulunya lembut si anak kelinci\nsekarang ia tertidur nyaman\njarang ke kantin aku selama ini\nsebab tak ada uang untuk jajan;Pantun Nasihat;Pantun Dukacita
1293;Bunda ratu di atas anjungan\nDengar nyanyian petikan rebab\nLempar batu sembunyi tangan\nSikap yang tidak bertanggung jawab;Pantun Nasihat;Pantun Kiasan
1294;Bunga anggrek di pot kecil\nDirawat rapi setiap hari\nJika ingin jadi terampil\nBelajar tekun sepenuh hati;Pantun Nasihat;Pantun Nasihat
1296;Bunga anggrek tumbuh di batu\nIndah mekar penuh warna\nWalau hidup terasa kaku\nTetap tumbuh penuh makna;Pantun Nasihat;Pantun Nasihat
1297;Bunga anggrek tumbuh di dahan\nWarnanya lembut dipandang mata\nJika ingin hidup bertahan\nKuatkan hati dalam segala;Pantun Nasihat;Pantun Nasihat
1298;Bunga angsana kuning warnanya\nMekar indah di tepi jalan\nJika hati bersih niatnya\nLangkah hidup penuh keyakinan;Pantun Nasihat;Pantun Nasihat
1300;Bunga bakawali mekar malam\nIndahnya jarang orang lihat\nJika amal ditanam dalam\nBalasannya pasti mendekat;Pantun Nasihat;Pantun Nasihat
1301;Bunga bakawali mekar malam\nIndahnya jarang orang lihat\nJika amal tertanam dalam\nBalasan baik datang mendekat;Pantun Nasihat;Pantun Nasihat
1305;Bunga bakung putih bersih\nTumbuh subur di tepi kolam\nJika hati jangan berselisih\nDamai hidup siang dan malam;Pantun Nasihat;Pantun Nasihat
1306;bunga bangkai baunya pekat\njangan cium ditengah hari\nselamat jalan sahabat dekat\ningatlah selalu kami di sini;Pantun Nasihat;Pantun Kasih Sayang
1308;bunga berkembang di musim semi\ntampak indah sangat berseri\nturun manusia di muka bumi\npetunjuk hidup telah diberi;Pantun Nasihat;Pantun Nasihat
1309;bunga berputik terlihat indah\nberputik pula pada tangkainya\nsudahlah cantik di wajah\ncantik pula di dalam hatinya;Pantun Nasihat;Pantun Kasih Sayang
1313;bunga cantik namanya seroja\nhewan lentik namanya rusa\njalanjalan kemana saja\nmungkin ke kota atau ke desa;Pantun Nasihat;Pantun Sukacita
1314;Bunga cempaka di tepi perigi\nDipetik gadis waktu pagi\nJika bersatu kukuhlah negeri\nPerbezaan diraikan harmoni;Pantun Nasihat;Pantun Kiasan
1315;Bunga cempaka gugur ke tanah\nHarumnya lembut dibawa angin\nJika hidup jauh dari salah\nIkut petunjuk agama yang yakin;Pantun Nasihat;Pantun Nasihat
1316;Bunga cempaka gugur perlahan\nHarumnya kekal di udara\nJika sabar dalam ujian\nHasil manis pasti terasa;Pantun Nasihat;Pantun Nasihat
1317;Bunga cempaka gugur perlahan\nHarumnya sampai ke halaman\nJika hidup mahu bertahan\nSabar kunci setiap ujian;Pantun Nasihat;Pantun Nasihat
1318;Bunga cempaka mekar berseri\nHarumnya menusuk hingga ke laman\nJika berkata jagalah diri\nSupaya tidak melukai teman;Pantun Nasihat;Pantun Nasihat
1320;Bunga cengkih harum baunya\nDipetik pagi waktu cerah\nJika ilmu luas maknanya\nGunakan ia untuk berkah;Pantun Nasihat;Pantun Nasihat
1323;Bunga dahlia warna merah\nMekar indah di tepi pagar\nJika usaha jangan menyerah\nRezeki datang tanpa disadar;Pantun Nasihat;Pantun Nasihat
1324;bunga desa malumalu\nsaat di depan bapak penghulu\nmeski disana banyak teman baru\nkami disini ingatlah selalu;Pantun Nasihat;Pantun Nasihat
1327;bunga di taman sedang mekar\nmati semua terkena sampo\nbadan memang tampak kekar\ntapi ternyata itunya loyo;Pantun Nasihat;Pantun Kiasan
1328;bunga disiram tak akan layu\nselalu berbunga tiada jemu\njangan takut kehilanganku\naku tak akan pergi darimu;Pantun Nasihat;Pantun Kasih Sayang
1330;Bunga kantil harum semerbak\nDisiram hujan di waktu malam\nJika hidup ingin tampak bijak\nJaga tutur dan dalam-dalam;Pantun Nasihat;Pantun Nasihat
1331;Bunga kantong semar di hutan\nTumbuh liar di tanah lembap\nJika ingin capai tujuan\nFokus hati jangan terlelap;Pantun Nasihat;Pantun Nasihat
1336;Bunga kenanga di tepi halaman\nDipetik satu dibawa ke taman\nJika ingin hidup penuh kedamaian\nSabar dan ikhlas jadi pegangan;Pantun Nasihat;Pantun Nasihat
1338;Bunga kenanga disemat dara\nHarumnya lembut sepanjang hari\nJika tutur penuh mesra\nRamai sahabat datang sendiri;Pantun Nasihat;Pantun Nasihat
1339;Bunga kenanga harum baunya\nDisemat dara di rambutnya\nJika budi baik lakunya\nNamanya harum sepanjang masa;Pantun Nasihat;Pantun Nasihat
1340;Bunga kenanga harum baunya\nDisemat dara di rambutnya\nJika budi elok lakunya\nRamai orang suka padanya;Pantun Nasihat;Pantun Nasihat
1341;Bunga kenanga harum baunya\nDisemat dara di telinga\nJika budi elok lakunya\nSemua orang suka padanya;Pantun Nasihat;Pantun Nasihat
1342;Bunga kenanga harum baunya\nDisemat dara di waktu pagi\nJika budi elok lakunya\nNamanya dikenang sampai mati;Pantun Nasihat;Pantun Nasihat
1343;Bunga kenanga harum baunya\nDisimpan rapi di dalam peti\nJika ingin hidup mulia\nJujur selalu dalam hati;Pantun Nasihat;Pantun Nasihat
1344;Bunga kenanga harum baunya\nTumbuh mekar di tepi taman\nIlmu dan usaha harus dijaga\nAgar tercapai segala impian;Pantun Nasihat;Pantun Nasihat
1346;Bunga kenanga jatuh ke tanah\nTanah basah sehabis hujan\nOrang gigih tak mudah menyerah\nMeski hidup penuh tantangan;Pantun Nasihat;Pantun Nasihat
1347;Bunga kenanga mekar berseri\nHarumnya halus menawan rasa\nJika budi menjadi pertiwi\nBangsa bermaruah sepanjang masa;Pantun Nasihat;Pantun Nasihat
1348;bunga kenanga tertimbun lumpur\npucuk sari dijadikan lulur\ntak ada guna sombong dan takabur\njika mati sama sama dikubur;Pantun Nasihat;Pantun Nasihat
1350;Bunga kenikir tumbuh di ladang\nWarnanya cerah menarik hati\nJika ingin diri dikenang\nTinggalkan jasa dan pekerti;Pantun Nasihat;Pantun Nasihat
1351;Bunga kenikir tumbuh di taman\nWarnanya cerah menarik hati\nJika ingin hidup aman\nJaga lisan dan pekerti;Pantun Nasihat;Pantun Nasihat
1352;Bunga kertas berwarna jingga\nTumbuh subur di tepi pagar\nJika ingin hidup berharga\nHormati orang jangan bertengkar;Pantun Nasihat;Pantun Nasihat
1355;Bunga lili putih kelopaknya\nHarumnya lembut di waktu malam\nJika janji sudah katanya\nPegang teguh jangan tenggelam;Pantun Nasihat;Pantun Nasihat
1356;Bunga lili tumbuh berseri\nHarumnya lembut di waktu pagi\nJika ingin hidup diberkati\nDekatkan diri setiap hari;Pantun Nasihat;Pantun Nasihat
1357;Bunga lili tumbuh berseri\nKelopaknya putih berkilau indah\nJika hati bersih nurani\nLangkah hidup terasa mudah;Pantun Nasihat;Pantun Nasihat
1358;bunga matahari jadikan kuaci\ndiimpor ia ke negeri jiran\nmeski bekerja setiap hari\nlima waktu yang ditinggalkan;Pantun Nasihat;Pantun Nasihat
1359;Bunga matahari menghadap siang\nTumbuh subur di tanah lapang\nJika ingin masa gemilang\nGunakan waktu jangan terbuang;Pantun Nasihat;Pantun Nasihat
1360;bunga matahari warnanya kuning\nmekar indah dikala siang\njangan ragu aku berpaling\nparas indahmu selalu terbayang;Pantun Nasihat;Pantun Kasih Sayang
1362;bunga mawar batangnya berduri\njangan sampai terkena jari\ncaption dikirim pengganti diri\nmemohon maaf seikhlas hati;Pantun Nasihat;Pantun Sukacita
1364;Bunga mawar berduri tajam\nHarumnya semerbak di taman\nMimpi besar jangan dipendam\nKejar terus dengan keyakinan;Pantun Nasihat;Pantun Nasihat
1365;Bunga mawar berduri tajam\nHarumnya semerbak memikat hati\nJika ingin hidup tentram\nJangan suka menyakiti hati;Pantun Nasihat;Pantun Nasihat
1366;bunga mawar bertangkai duri\nlaris manis berdagang cendol\naku sungguh malu sekali\ntiap ingat dulu suka ngompol;Pantun Nasihat;Pantun Hiburan
1367;bunga mawar berwarna merah\nsungguh indah walau diluar\ndari pada kita marahmarah\nlebih baik kita belajar;Pantun Nasihat;Pantun Nasihat
1370;bunga mawar enak dipandang\ndihinggapi satu dua belalang\nbila dika suka berenang\napa binatang seperti bintang;Pantun Nasihat;Pantun Hiburan
1371;bunga mawar enak dipandang\nditanam tepat di dekat lembayung\nbila dikau suka berenang\napa binatang seperti payung;Pantun Nasihat;Pantun Hiburan
1372;Bunga mawar harum baunya\nMekar merah di taman desa\nJika hati ikhlas adanya\nDamai hidup sepanjang masa;Pantun Nasihat;Pantun Nasihat
1374;bunga mawar harum sekali\naromanya menyebar kemanamana\nsaya punya kabar baik sekali\nsahabat kabarnya bagaimana;Pantun Nasihat;Pantun Sukacita
1376;Bunga mawar mekar pagi\nDisiram air setiap hari\nJika ingin sukses nanti\nTekun usaha jangan berhenti;Pantun Nasihat;Pantun Nasihat
1378;Bunga mawar merah berduri\nMekar indah di taman desa\nJika hidup jauh dari iri\nDamai terasa sepanjang masa;Pantun Nasihat;Pantun Nasihat
1380;bunga mawar merah merekah\nsangat cantik dan indah warnanya\njika ingin rejeki berkah\njangan lupa bekerja dan berdoa;Pantun Nasihat;Pantun Nasihat
1383;bunga mawar tangkai berduri\nlaris manis pedagang cendol\naku tersenyum malu sekali\ningat dahulu suka mengompol;Pantun Nasihat;Pantun Hiburan
1384;bunga mawar tangkainya patah\nanak rusa jangan dipanah\ncari rezeki jangan serakah\nmari hidup dengan qonaah;Pantun Nasihat;Pantun Nasihat
1386;Bunga mawar tumbuh di taman\nWarnanya indah harum baunya\nJika ingin hidup penuh kesan\nIsilah hari dengan karya nyata;Pantun Nasihat;Pantun Nasihat
1388;bunga mekar di pagi hari\nada mawar dan juga melati\nsebelum masuk ke pembahasan inti\ndengarkan dulu pantun dariku ini;Pantun Nasihat;Pantun Nasihat
1390;bunga mekar dipetik jangan\nagar terjaga keindahan\nturuti perintah jauhi larangan\nniat ikhlas mengharap keredhaan;Pantun Nasihat;Pantun Agama
1391;bunga melati baru dipetik\nbuat hiasan di atas meja\nbuat apa punya wajah cantik\nkalau cuci piring aja nggak bisa;Pantun Nasihat;Pantun Nasihat
1394;bunga melati bunga mawar\nbelinya di toko bunga nita\njika kalian ingin belajar\nbukalah telinga dan mata;Pantun Nasihat;Pantun Nasihat
1395;bunga melati bunga mawar\nbunga mawar merah warnanya\nuntuk apa serius belajar\nkalau akhirnya remedy juga;Pantun Nasihat;Pantun Nasihat
1397;bunga melati di tepi sawah\ncantik elok di dekat batu\njika nanti kita berpisah\njangan pernah lupakan aku;Pantun Nasihat;Pantun Kasih Sayang
1400;bunga melati harum mewangi\nkaki sakit jalan tertatih\nmain game mesti dikurangi\nistirahat kalau tubuh letih;Pantun Nasihat;Pantun Nasihat
1402;Bunga melati harum sekali\nTumbuh indah di tepi pagar\nWalau jatuh berkali-kali\nBangkit lagi jangan gentar;Pantun Nasihat;Pantun Nasihat
1403;Bunga melati mekar di taman\nHarumnya menusuk ke ruang hati\nJika janji jadi pegangan\nSetia terpahat hingga mati;Pantun Nasihat;Pantun Nasihat
1404;bunga melati mekarlah sudah\nhasrat menepis sikumbang datang\ncintamu seperti sebuah pepatah\nhabis manis sepah dibuang;Pantun Nasihat;Pantun Kiasan
1405;bunga melati memang menarik\nsayang hanya bisa melihatnya saja\nkalau aku ini memang cantik\nbolehkah saya bertanya;Pantun Nasihat;Pantun Hiburan
1407;bunga melati si bunga cempaka\nindah dimtaman merekah mekar\nkalau teman pintar menerka\nbuah apa berbulu di luar;Pantun Nasihat;Pantun Hiburan
1411;Bunga melati tumbuh di taman\nHarumnya semerbak sepanjang hari\nJika hidup ingin nyaman\nHindari sifat iri hati;Pantun Nasihat;Pantun Nasihat
1413;bunga melati warnanya putih\nbunga mawar indah warnanya\nmari semua hidup bersih\nbuanglah sampah pada tempatnya;Pantun Nasihat;Pantun Nasihat
1416;bunga melur bunga cempaka\nletak disanggul oleh sidara\ndipakai melihat dan membaca\nada pula untuk bergaya;Pantun Nasihat;Pantun Nasihat
1417;bunga melur dalam jambangan\ndi tepi kolam menjadi hiasan\nkucipta pantun buat renungan\nsemarak nilam empunya wawasan;Pantun Nasihat;Pantun Kiasan
1418;Bunga melur gugur ke laman\nHarumnya lembut menyapa pagi\nJika ingin hidup aman\nJaga hati dari dengki;Pantun Nasihat;Pantun Nasihat
1419;Bunga Melur kembang sekaki\nMari dibungkus dengan kertas\nDi dalam telur lagi dinanti\nInikan pula sudah menetas;Pantun Nasihat;Pantun Kiasan
1421;Bunga melur putih berseri\nHarumnya lembut dibawa angin\nJika hati ikhlas memberi\nRezeki datang tanpa diminta ingin;Pantun Nasihat;Pantun Kiasan
1422;Bunga melur putih bersih\nDisemat indah di sanggul dara\nJika hati mahu jernih\nJauhkan prasangka dan dusta;Pantun Nasihat;Pantun Nasihat
1424;bunga menur bunga kamboja\nletak disanggul oleh sidara\ndipakai untuk melihat dan membaca\nada pula untuk bergaya;Pantun Nasihat;Pantun Nasihat
1426;bunga orkid indah warnanya\npenyeri taman dan juga hutan\nramai orang datang bertanya\nbintang apa hidup di lautan;Pantun Nasihat;Pantun Hiburan
1427;bunga rampai beli di jalan\nbunga bangkai sangat besar\nberlibur jangan sampai berlebihan\nsedikit ingatlah tentang belajar;Pantun Nasihat;Pantun Nasihat
1433;Bunga seroja di tasik permai\nMekarnya indah tak terperi\nJika santun tidak terlalai\nManis bicara menyeri diri;Pantun Nasihat;Pantun Kiasan
1434;Bunga seroja di tasik permai\nMekarnya indah tiada terkira\nJika janji tidak terlalai\nHormat rakyat datang bersua;Pantun Nasihat;Pantun Kiasan
1435;Bunga seroja di tasik sepi\nMekar indah tidak terperi\nJika amanah dijunjung tinggi\nHormatilah ia sepenuh hati;Pantun Nasihat;Pantun Nasihat
1439;Bunga seruni mekar pagi\nKelopaknya putih berseri\nJika hidup ingin terpuji\nJaga adab setiap hari;Pantun Nasihat;Pantun Nasihat
1440;Bunga seruni mekar pagi\nKelopaknya putih bersih\nJika hidup penuh berbagi\nRezeki datang makin melimpah bersih;Pantun Nasihat;Pantun Nasihat
1441;Bunga soka merah menyala\nDitanam rapi di halaman rumah\nJika hidup ingin mulia\nJauhi sikap angkuh dan sombonglah;Pantun Nasihat;Pantun Nasihat
1444;Bunga tanjung harum baunya\nTumbuh indah di tepi laman\nJika budi baik lakunya\nNamanya harum sepanjang zaman;Pantun Nasihat;Pantun Nasihat
1445;Bunga tanjung jatuh ke kali\nTerbawa arus ke muara\nJika janji sudah diberi\nJangan mungkir pada bicara;Pantun Nasihat;Pantun Nasihat
1446;Bunga tanjung jatuh ke tanah\nHarumnya masih terbawa angin\nJika hidup jauh dari salah\nRezeki datang tanpa diingin;Pantun Nasihat;Pantun Nasihat
1447;Bunga Tanjung kembang semalam\nPohon tinggi tidak berduri\nGelombang besar di laut dalam\nKerana Tuan saya kemari;Pantun Nasihat;Pantun Kiasan
1448;Bunga teratai di tengah kolam\nDaunnya lebar indah dipandang\nIlmu dicari siang dan malam\nAgar masa depan jadi gemilang;Pantun Nasihat;Pantun Nasihat
1449;Bunga teratai di tepi kali\nDaunnya hijau indah sekali\nJika ingin hidup terpuji\nJaga akhlak setiap hari;Pantun Nasihat;Pantun Nasihat
1450;Bunga teratai kembang di kolam\nDaunnya lebar menutup air\nJika hidup jangan tenggelam\nPegang janji jangan mungkir;Pantun Nasihat;Pantun Nasihat
1452;Bunga teratai kembang di rawa\nDaunnya lebar menutup air\nJika janji sudah terucap kata\nTepatilah tanpa mungkir;Pantun Nasihat;Pantun Nasihat
1453;Bunga teratai mekar pagi\nDaunnya lebar di tengah kolam\nJika hidup penuh berbagi\nBahagia terasa mendalam;Pantun Nasihat;Pantun Nasihat
1454;Bunga teratai tumbuh di rawa\nIndah mekar di atas lumpur\nMeski hidup penuh cerita\nTerus berjuang hingga makmur;Pantun Nasihat;Pantun Nasihat
1455;Bunga ungu tumbuhnya rendah\nSangat menarik bagi para lebah\nJangan mencampur amal ibadah\nDengan musyrik ataupun bid’ah;Pantun Nasihat;Pantun Nasihat
1457;bunga wangi bunga melati\ntumbuh dekat pohon kemangi\nkepada yang tua menghormati\nkepada yang muda menyayangi;Pantun Nasihat;Pantun Nasihat
1459;bungabunga tumbuh berseri\nrupanya ini musim semi\njangan kamu duduk sendiri\nikut saja bersama kami;Pantun Nasihat;Pantun Nasihat
1460;bungkus bekal dalam plastik\npergi bekerja membuat aspal\npercuma saja berwajah cantik\nperkalian dasar saja tidak hapal;Pantun Nasihat;Pantun Hiburan
1461;bunyi desau hewan serangga\nterbang jauh tetap selamat\njika hidup bertetangga\njangan lupa saling hormat;Pantun Nasihat;Pantun Nasihat
1462;Burung alap-alap terbang cepat\nMenyambar mangsa di padang luas\nJika ingin hasilnya hebat\nKerjakan tugas dengan tuntas;Pantun Nasihat;Pantun Nasihat
1465;Burung bangau berdiri diam\nMenatap air di tepi rawa\nJika ingin hidup terasa tenteram\nHiduplah jujur apa adanya;Pantun Nasihat;Pantun Nasihat
1467;Burung bangau berdiri lama\nDi tepi rawa mencari makan\nJika ingin hidup utama\nUtamakan jujur dan kebaikan;Pantun Nasihat;Pantun Nasihat
1468;Burung bangau berdiri tenang\nMencari ikan di rawa-rawa\nJika ingin hidup gemilang\nJangan putus asa dan kecewa;Pantun Nasihat;Pantun Nasihat
1469;Burung bangau berdiri tenang\nMencari makan di tepi rawa\nJika ingin hidup dikenang\nTinggalkan jejak kebaikan nyata;Pantun Nasihat;Pantun Nasihat
1474;Burung bangau terbang beriring\nMenuju rawa yang tenang airnya\nJika ingin hidup tak miring\nLuruskan niat dan tujuannya;Pantun Nasihat;Pantun Nasihat
1475;Burung bangau terbang perlahan\nMenyusuri rawa mencari makan\nJika hidup penuh tantangan\nHadapilah dengan kesabaran;Pantun Nasihat;Pantun Nasihat
1476;Burung bangau terbang perlahan\nMenyusuri rawa mencari makan\nJika ingin hidup berkesan\nTinggalkan jejak kebaikan;Pantun Nasihat;Pantun Nasihat
1477;Burung bangau terbang perlahan\nMenyusuri rawa yang luas\nJika ingin hidup penuh ketenangan\nHadapi masalah dengan ikhlas;Pantun Nasihat;Pantun Nasihat
1479;burung bangau turun ke rawa\nterbang tinggi setinggi kelapa\njika berjumpa dengan yang tua\nhormat kepadanya jangan dilupa;Pantun Nasihat;Pantun Nasihat
1480;burung bangkai baunys pekat\nbentuknya unik besar ukurannya\nrangkul tanganku wahai sahabat\nkita jalani bersamasama;Pantun Nasihat;Pantun Kasih Sayang
1481;Burung belibis berenang pelan\nDi danau biru yang tenang\nJika ingin hidup berkesan\nSaling peduli jangan menyerang;Pantun Nasihat;Pantun Nasihat
1483;burung belibis terbang kau tinggi\nditembak preman bernama galih\naduhai kasih jangan kau pergi\nhati merana tak bisa pulih;Pantun Nasihat;Pantun Kasih Sayang
1484;burung beling burung pelikan\nmakan ati tomat lauknya\njangan saling rundung menjatuhkan\nhormati juga umat lainnya;Pantun Nasihat;Pantun Nasihat
1485;burung beo burung pelikan\nbeterbangan di sekitar taman\ncuci tangan sebelum makan\nagar terhindar dari kuman;Pantun Nasihat;Pantun Nasihat
1486;Burung beo pandai berkata\nSuara lantang terdengar jelas\nJika ingin hidup mulia\nBerkatalah jujur dan ikhlas;Pantun Nasihat;Pantun Nasihat
1487;burung beruk di atas tempurung\ntelur beruk di atas piring\nanak gemuk memakai sarung\ndi kira orang betina bunting;Pantun Nasihat;Pantun Hiburan
1488;burung bulbul dalam sangkar\nkini kicaunya mulai kurang\njadilah wanita yang tegar\nlebih kuat dari karang;Pantun Nasihat;Pantun Kiasan
1491;Burung camar hinggap di batu\nBatu besar dekat samudra\nJika ingin hati menyatu\nHapus benci dalam dada;Pantun Nasihat;Pantun Nasihat
1492;Burung camar melintas laut\nSayap lebar diterpa angin\nJika ingin hati tak kusut\nTenangkan pikiran dengan yakin;Pantun Nasihat;Pantun Nasihat
1493;Burung camar menepi pantai\nMencari makan di pasir basah\nJika ingin hidup damai\nJangan mudah berprasangka salah;Pantun Nasihat;Pantun Nasihat
1494;Burung camar terbang ke laut\nOmbak besar bergulung-gulung\nJika hidup terasa semrawut\nDekatkan diri pada Yang Agung;Pantun Nasihat;Pantun Nasihat
1495;Burung camar terbang ke laut\nOmbak putih datang menyambut\nJangan mudah merasa takut\nAllah selalu tempat berpaut;Pantun Nasihat;Pantun Agama
1498;Burung camar terbang ke laut\nOmbak putih datang menyambut\nKatanya tak pernah kalut\nKuota habis langsung kusut;Pantun Nasihat;Pantun Hiburan
1500;Burung camar terbang ke lautan\nSayap kuat hadapi terpaan\nTetap teguh dalam keyakinan\nAgar tak goyah oleh godaan;Pantun Nasihat;Pantun Nasihat
1501;Burung camar terbang ke pantai\nHinggap sebentar di batu karang\nJika ingin cita-cita tercapai\nUsaha keras janganlah hilang;Pantun Nasihat;Pantun Nasihat
1502;Burung camar terbang melayang\nHinggap sebentar di batu karang\nJika hidup banyak rintangan datang\nHadapi dengan sabar dan tenang;Pantun Nasihat;Pantun Nasihat
1503;Burung camar terbang rendah\nMencari ikan di tepi laut\nJika hati selalu ramah\nBanyak orang datang terpaut;Pantun Nasihat;Pantun Nasihat
1504;Burung camar terbang rendah\nMencari makan di lautan\nJangan biarkan diri menyerah\nKarena itu awal kekalahan;Pantun Nasihat;Pantun Nasihat
1505;Burung camar terbang rendah\nMenyambar ikan di laut biru\nHarta dunia jangan bermegah\nBudi dan amal penentu mutu;Pantun Nasihat;Pantun Nasihat
1506;Burung camar terbang rendah\nMenyambar ikan di laut biru\nJika berharta jangan bermegah\nBudi dan amal ukur mutu;Pantun Nasihat;Pantun Nasihat
1507;Burung cenderawasih terbang tinggi\nSayap indah berwarna cerah\nJika ingin dihargai nanti\nBersikap jujur dan amanah;Pantun Nasihat;Pantun Nasihat
1509;burung dara berpasangpasangan\nterbang tinggi mengejar hama\nbila guru sedang menerangkan\nperhatikanlah dengan seksama;Pantun Nasihat;Pantun Nasihat
1511;burung dara burung tekukur\nlompatlompat di tepi sumur\nbila hati sabar dan syukur\nniscaya hidupmu akan makmur;Pantun Nasihat;Pantun Nasihat
1512;burung dara dalam sangkar\nsangkar indah ada yang punya\njauhkan anak dari bertengkar\nbertengkar itu tak ada gunanya;Pantun Nasihat;Pantun Nasihat
1515;Burung dara putih bersih\nTerbang rendah di halaman\nJika ingin hidup terpilih\nBangun sikap penuh ketulusan;Pantun Nasihat;Pantun Nasihat
1516;Burung dara terbang berdua\nHinggap tenang di atap rumah\nJika ingin hidup penuh makna\nRawat hubungan dengan amanah;Pantun Nasihat;Pantun Nasihat
1518;Burung dara terbang berpasang\nMenuju sarang dengan setia\nJika ingin hidup selalu seimbang\nJaga hubungan dan rasa percaya;Pantun Nasihat;Pantun Nasihat
1519;Burung dara terbang berpasang\nMenuju sarang di kala senja\nJika ingin hidup seimbang\nJaga hubungan dengan sesama;Pantun Nasihat;Pantun Nasihat
1520;burung dara terbang ke awan\nterbang di langit sangat lama\ndidiklah tanganmu agar dermawan\nsuka membantu kepada sesama;Pantun Nasihat;Pantun Nasihat
1522;burung dara terbang melanglang\nhinggapnya di pucuk pepohonan\nsetiap kali ayah pulang\nselalu saja banyak makanan;Pantun Nasihat;Pantun Sukacita
1524;Burung dara terbang melayang\nHinggap sebentar di atap rumah\nJika ingin disayang orang\nJangan suka berbuat salah;Pantun Nasihat;Pantun Nasihat
1525;burung dara terbang melayang\nlincah terbang badannya ringan\nkepada binatang mesti sayang\ndisiksa tentunya jangan;Pantun Nasihat;Pantun Nasihat
1526;Burung dara terbang perlahan\nHinggap rapi di atap lama\nJika ingin hidup penuh keindahan\nBangun hubungan dengan saling percaya;Pantun Nasihat;Pantun Nasihat
1528;Burung elang melayang tinggi\nMemandang luas lembah dan bukit\nJika ingin hidup berprestasi\nBerani jatuh lalu bangkit;Pantun Nasihat;Pantun Nasihat
1529;burung elang menerkam mangsa\nmangsa diterkam di tepi sawah\nini hari pertama kita\ndalam satu atap sekolah;Pantun Nasihat;Pantun Sukacita
1530;Burung elang menyisir angin\nTerbang tinggi tanpa ragu\nJika ingin kuat dan yakin\nFokus tujuan yang kamu tuju;Pantun Nasihat;Pantun Nasihat
1532;burung elang si burung buas\njinakjinak burung merpati\nkalau kawankawan belum puas\nbesok bisa kita ulang lagi;Pantun Nasihat;Pantun Sukacita
1533;Burung elang terbang ke awan\nMelihat bumi dari ketinggian\nJika hidup ingin menawan\nJaga sikap dan kejujuran;Pantun Nasihat;Pantun Nasihat
1534;Burung elang terbang ke awan\nSayap kuat penuh ketegaran\nJangan takut dalam tantangan\nKarena berani awal kemenangan;Pantun Nasihat;Pantun Nasihat
1536;Burung elang terbang melayang\nMata tajam melihat mangsa\nJika ingin hidup disayang\nBersikap lembut pada sesama;Pantun Nasihat;Pantun Nasihat
1537;Burung elang terbang melayang\nMenembus awan tinggi sekali\nJika ingin jadi orang\nDisiplin diri setiap hari;Pantun Nasihat;Pantun Nasihat
1539;Burung elang terbang melayang\nMenyusur angin di langit biru\nJika ingin hidup jadi terbilang\nRendah hati jadi penentu;Pantun Nasihat;Pantun Nasihat
1541;Burung elang terbang melayang\nSayap kuat menembus awan\nKatanya ingin jadi orang tenang\nLihat chat masuk deg-degan;Pantun Nasihat;Pantun Hiburan
1542;Burung elang terbang melingkar\nMengawasi lembah dan hutan\nJika ingin hidup tak gentar\nPerkuat iman dan keyakinan;Pantun Nasihat;Pantun Nasihat
1543;Burung elang terbang meninggi\nMenatap luas alam terbentang\nJika ingin hidup berprestasi\nBerani bermimpi dan berjuang;Pantun Nasihat;Pantun Nasihat
1544;Burung elang terbang rendah\nBersama angin ke puncak bukit\nNgaku kuat tak pernah lemah\nBaru gagal sekali langsung sakit;Pantun Nasihat;Pantun Hiburan
1546;Burung elang terbang tinggi\nMemandang luas alam raya\nJika ingin hidup berprestasi\nBerani bermimpi dan berupaya;Pantun Nasihat;Pantun Nasihat
1547;Burung elang terbang tinggi\nMemandang luas dari angkasa\nCita-cita jangan setengah hati\nKejar terus sampai tercapai asa;Pantun Nasihat;Pantun Nasihat
1548;Burung elang terbang tinggi\nMemandang luas lembah dan gunung\nJangan sombong karena prestasi\nRendah hati lebih dijunjung;Pantun Nasihat;Pantun Nasihat
1549;Burung elang terbang tinggi\nMenembus awan putih berseri\nBerani gagal lalu bangkit lagi\nItulah jalan orang berprestasi;Pantun Nasihat;Pantun Nasihat
1550;Burung elang terbang tinggi\nSayap kuat menembus awan\nBersungguh hati mencari ilmu tinggi\nAgar masa depan cemerlang kawan;Pantun Nasihat;Pantun Nasihat
1552;Burung elok bernama punai\nTerbang rendah di tepi kali\nJika ingin hidup ternilai\nJujur dan adil pada diri;Pantun Nasihat;Pantun Nasihat
1554;Burung gereja terbang beriring\nHinggap rapi di atap rumah\nJika ingin hati tak miring\nJauhi iri dan amarah;Pantun Nasihat;Pantun Nasihat
1555;Burung gereja terbang rendah\nMencari makan di halaman rumah\nJika ingin hidup penuh berkah\nRajin berdoa jangan menyerah;Pantun Nasihat;Pantun Nasihat
1557;Burung hantu keluar malam\nTerbang pelan mencari mangsa\nJika ingin hidup tentram\nJangan lupa bersyukur senantiasa;Pantun Nasihat;Pantun Nasihat
1558;Burung hantu keluar malam\nTerbang sunyi tanpa suara\nJika ingin hidup tentram\nJangan simpan dendam di dada;Pantun Nasihat;Pantun Nasihat
1559;burung hantu terbang di malam hari\nbulan purnama bersinar terang\nilmu menuntun Langkah diri\ndikala hidup terasa bimbang;Pantun Nasihat;Pantun Nasihat
1560;Burung hantu terbang malam\nBertengger sunyi di batang tua\nJika ingin hidup tenteram\nJangan simpan dendam di dada;Pantun Nasihat;Pantun Nasihat
1561;Burung hantu terbang waktu malam\nSinggah sejenak di pohon jambu\nNgaku pintar, tapi suka diam\nNyatanya bingung saat dikasih tahu;Pantun Nasihat;Pantun Hiburan
1563;burung hinggap di pucuk cemara\nmencari jerami juga jelai\nwahai anak ingat pepatah lama\nmenabung itu pangkal pandai;Pantun Nasihat;Pantun Nasihat
1564;burung hinggap diatas genting\ndiatas pohon ada tupai\nbelajar itu sangat penting\nagar citacita bisa tercapai;Pantun Nasihat;Pantun Nasihat
1565;burung hinggap pada tiang\nterbang satu melayanglayang\nbadan kurus semakin peyang\nditiup angin tentu goyanggoyang;Pantun Nasihat;Pantun Hiburan
1568;Burung jalak hinggap di batu\nBatu besar di tepi kali\nJika ingin hidup bersatu\nUtamakan damai dan empati;Pantun Nasihat;Pantun Nasihat
1569;Burung jalak hinggap di pagar\nPagar bambu di tepi ladang\nJika ingin hidupmu segar\nJauhi malas dan suka menentang;Pantun Nasihat;Pantun Nasihat
1570;Burung jalak hinggap di pagar\nPagar bambu di tepi sawah\nJika ingin hidup segar\nJangan malas dan jangan lengah;Pantun Nasihat;Pantun Nasihat
1571;Burung kacer berkicau pagi\nSuara nyaring di pohon cemara\nJika ingin dihormati lagi\nTunjukkan akhlak yang terjaga;Pantun Nasihat;Pantun Nasihat
1572;Burung kakatua bersuara nyaring\nDi dahan tinggi pohon tua\nJika ingin hati tak kering\nIsi hidup dengan doa;Pantun Nasihat;Pantun Nasihat
1573;Burung kasuari berjalan pelan\nDi hutan lebat yang sunyi\nJika ingin kuat bertahan\nBangun tekad dalam diri;Pantun Nasihat;Pantun Nasihat
1574;Burung kasuari melangkah pelan\nDi hutan lebat yang teduh\nJika ingin kuat bertahan\nHadapi masalah dengan teguh;Pantun Nasihat;Pantun Nasihat
1575;Burung kecil bernyanyi pagi\nDi dahan pohon yang rindang\nJika ingin hidup berarti\nBersikap jujur dan lapang;Pantun Nasihat;Pantun Nasihat
1576;Burung kecil bernyanyi pagi\nNada lembut terdengar jelas\nJika ilmu telah dimiliki\nAmalkan dengan hati ikhlas;Pantun Nasihat;Pantun Nasihat
1577;Burung kecil bernyanyi riang\nDi ranting pohon yang tenang\nJika ingin masa gemilang\nBekerja keras tanpa bimbang;Pantun Nasihat;Pantun Nasihat
1578;Burung kecil bernyanyi riang\nHinggap tenang di pagar kayu\nJika ingin hidupmu gemilang\nTanamkan jujur dalam perilaku;Pantun Nasihat;Pantun Nasihat
1579;Burung kecil bernyanyi riang\nNada halus menyapa pagi\nJika ingin hidup gemilang\nKonsisten langkah dari hari ke hari;Pantun Nasihat;Pantun Nasihat
1580;Burung kecil bernyanyi riang\nSuara halus memecah sunyi\nJika hidup ingin terus terang\nJujurkan hati dan niat murni;Pantun Nasihat;Pantun Nasihat
1581;Burung kecil hinggap di dahan\nAngin sepoi datang perlahan\nJika ingin masa depan\nBersungguhlah wahai kawan;Pantun Nasihat;Pantun Nasihat
1584;Burung kecil terbang ke rawa\nHinggap lama di pohon jati\nJika ingin hidup bahagia\nPerbanyak sabar dalam hati;Pantun Nasihat;Pantun Nasihat
1586;Burung kecil terbang ke timur\nSayap ringan menembus udara\nJika ingin masa depan makmur\nUsaha hari ini jangan ditunda;Pantun Nasihat;Pantun Nasihat
1587;Burung kecil terbang perlahan\nHinggap manis di pepohonan\nBangun tekad dan keteguhan\nAgar kuat dalam pendirian;Pantun Nasihat;Pantun Nasihat
1588;Burung kecil terbang rendah\nHinggap sebentar di tanah\nJika ingin hidup indah\nJauhi fitnah dan amarah;Pantun Nasihat;Pantun Nasihat
1589;Burung kecil terbang rendah\nMencari makan di rerumputan\nJika ingin hidup penuh berkah\nJaga lisan dan perbuatan;Pantun Nasihat;Pantun Nasihat
1591;Burung kedidi dipohon nangka\nAnak bayan hinggap di dahan\nOrang berbudi kita berbahasa\nMesra ikatan erat perpaduan;Pantun Nasihat;Pantun Kiasan
1593;Burung kenari berkicau riang\nDi sangkar kecil dekat jendela\nJika ingin hidup tenang\nBersyukur atas nikmat yang ada;Pantun Nasihat;Pantun Nasihat
1595;Burung kenari bernyanyi pagi\nHinggap sebentar di dahan cemara\nJika ingin hidup penuh budi\nHormati orang tua dan sesama;Pantun Nasihat;Pantun Nasihat
1596;Burung kenari bernyanyi pagi\nSuara lembut terdengar merdu\nJika ingin dihargai lagi\nBerbuat baik tanpa ragu;Pantun Nasihat;Pantun Nasihat
1597;Burung kenari bernyanyi riang\nDi dahan tinggi pohon randu\nJika ingin hidup tenang\nDekatkan diri pada Yang Maha Satu;Pantun Nasihat;Pantun Nasihat
1598;burung kenari bernyanyi riang\nhinggap manis di dahan cemara\nilmu membuat akal berkembang\ndan hati tenang penuh cahaya;Pantun Nasihat;Pantun Nasihat
1601;Burung kenari di dahan jati\nMenyanyi lirih waktu dinihari\nJika budi menghias diri\nMulialah insan sepanjang hari;Pantun Nasihat;Pantun Kiasan
1602;Burung kenari di dahan tinggi\nMenyanyikan lagu penuh seri\nJika hormat sesama diri\nTeguhlah ukhuwah tiada berseri;Pantun Nasihat;Pantun Nasihat
1603;Burung kenari di dahan tua\nMenyanyikan lagu nan berirama\nJika muafakat dijaga semua\nBerat beban menjadi sama;Pantun Nasihat;Pantun Nasihat
1605;Burung kenari terbang ke dahan\nBurung nasar riang berdendang\nSekolah bestari ada wawasan\nMembentuk intelek yang cemerlang;Pantun Nasihat;Pantun Nasihat
1606;Burung kenari terbang ke taman\nHinggap sejenak di dahan cemara\nJika ingin hidup penuh kebaikan\nRingankan tangan membantu sesama;Pantun Nasihat;Pantun Nasihat
1607;Burung kepinis terbang tinggi\nMenyusuri langit luas sekali\nJika ingin cita tercapai nanti\nBerusaha keras setiap hari;Pantun Nasihat;Pantun Nasihat
1608;Burung kepodang warna kuning\nHinggap manis di ranting muda\nJika ingin hati tak kering\nSirami jiwa dengan doa;Pantun Nasihat;Pantun Nasihat
1609;Burung kuntul berdiri tenang\nDi tepi rawa mencari makan\nJika ingin hidup gemilang\nJangan takut menghadapi tantangan;Pantun Nasihat;Pantun Nasihat
1610;Burung kutilang bernyanyi lagi\nNada merdu mengisi udara\nJika ingin hidup berarti\nIsi dunia dengan karya nyata;Pantun Nasihat;Pantun Nasihat
1611;Burung kutilang bernyanyi pagi\nNada merdu terdengar jelas\nJika ilmu sudah kau miliki\nAmalkan dengan hati ikhlas;Pantun Nasihat;Pantun Nasihat
1612;burung landas dari tangan\nburung merpati makan menyan\nyang membuang sampah sembarangan\nbisa jadi pacarnya orang utan;Pantun Nasihat;Pantun Hiburan
1614;Burung layang terbang melintas\nMenyusuri awan berarak putih\nJika ingin hidup berkualitas\nIsi hari dengan hal yang bersih;Pantun Nasihat;Pantun Nasihat
1617;Burung merak menari indah\nBulu cantik berkilau cahaya\nJika ingin hidup tak lelah\nSeimbangkan kerja dan doa;Pantun Nasihat;Pantun Nasihat
1618;Burung Merak terbang ke laut\nSampai ke laut mengangkut sarang\nSedangkan bah kapal tak hanyut\nInikan pula kemarau panjang;Pantun Nasihat;Pantun Kiasan
1619;Burung merbah bernyanyi riang\nDi dahan tinggi pohon cemara\nJika ingin hidup tenang\nBersihkan hati dari prasangka;Pantun Nasihat;Pantun Nasihat
1622;Burung merbah di atas dahan\nBerkicau pagi menyambut hari\nJika hidup ingin bertahan\nDisiplin diri jangan lari;Pantun Nasihat;Pantun Nasihat
1624;Burung merbah hinggap seketika\nDi dahan tua pohon sena\nJika menilai pakailah logika\nAdil dan saksama barulah bermakna;Pantun Nasihat;Pantun Nasihat
1626;burung merpati jinak sekali\nindah kicauannya si burung murai\nselasa pagi seruput kopi\nbanyak tekat yang harus di capai;Pantun Nasihat;Pantun Sukacita
1627;Burung merpati pulang ke sarang\nMembawa ranting di paruhnya\nJika hidup ingin tenang\nBerbuat baik sesama manusia;Pantun Nasihat;Pantun Nasihat
1628;Burung merpati terbang berdua\nHinggap damai di atas pagar\nHidup rukun sesama manusia\nMenjadi dasar hidup yang benar;Pantun Nasihat;Pantun Nasihat
1630;Burung merpati terbang berdua\nHinggap manis di atas dahan\nJagalah akhlak mulia\nAgar hidup penuh kemuliaan;Pantun Nasihat;Pantun Nasihat
1631;Burung merpati terbang berdua\nHinggap manis di atas dahan\nJika ingin hidup bahagia\nBangun hubungan penuh kebaikan;Pantun Nasihat;Pantun Nasihat
1632;Burung merpati terbang berdua\nHinggap manis di atas dahan\nJika ingin hidup mulia\nBersikap sabar penuh keimanan;Pantun Nasihat;Pantun Nasihat
1633;Burung merpati terbang berdua\nHinggap manis di atas dahan\nKatanya tak suka cerita\nTanya sedikit buka curhatan;Pantun Nasihat;Pantun Hiburan
1634;Burung merpati terbang berdua\nHinggap sebentar di atas pagar\nJika ingin hidup bahagia\nSaling percaya haruslah tegar;Pantun Nasihat;Pantun Nasihat
1636;burung merpati terbang beriring\nmenuju senja di ufuk barat\nilmu sejati lahir dari hening\ndan hati yang tulus berniat;Pantun Nasihat;Pantun Nasihat
1637;Burung merpati terbang ke taman\nHinggap sebentar di pohon jati\nKalau ingin masa depan aman\nBelajarlah rajin sepenuh hati;Pantun Nasihat;Pantun Nasihat
1638;Burung merpati terbang melingkar\nMencari arah pulang ke sarang\nJika ingin hati tak gusar\nTenangkan diri saat bimbang;Pantun Nasihat;Pantun Nasihat
1639;Burung merpati terbang searah\nLangit biru tanpa awan\nJangan takut pada susah\nItu teman menuju kemenangan;Pantun Nasihat;Pantun Nasihat
1640;Burung merpati terbang seribu\nHinggap seekor di tengah laman\nHendak mati di hujung kuku\nHendak berkubur di tapak tangan;Pantun Nasihat;Pantun Kiasan
1641;burung merpati terbang tinggi\ndi langit yang indah nan menawan\njika ingin bersihnya hati\njangan suka menggunjing teman;Pantun Nasihat;Pantun Nasihat
1642;Burung merpati terbang tinggi\nHinggap manis di pohon jati\nJagalah iman dalam diri\nAgar selamat hingga mati;Pantun Nasihat;Pantun Nasihat
1644;Burung murai berkicau merdu\nDi dahan tinggi pohon jati\nJika ingin hidup maju\nTingkatkan ilmu setiap hari;Pantun Nasihat;Pantun Nasihat
1645;burung murai dalam sangkar\nsangkar mahal indah hiasannya\njauhkan olehmu bertengkar\nbertengkar itu tiada gunanya;Pantun Nasihat;Pantun Nasihat
1646;Burung nuri berbulu biru\nTerbang tinggi di atas awan\nJika ingin ilmu bertambah selalu\nRajin membaca setiap pekan;Pantun Nasihat;Pantun Nasihat
1647;burung nuri berbulu biru\nterbang tinggi dikejar ular\njika kita ingin banyak ilmu\nrajinlah selalu dalam belajar;Pantun Nasihat;Pantun Nasihat
1648;Burung nuri bernyanyi riang\nDi ranting pohon yang tenang\nKatanya tak pernah curang\nMain kartu selalu pegang belakang;Pantun Nasihat;Pantun Hiburan
1650;burung nuri burung dara\nterbang ke sisi taman kayangan\ncubalah teka wahai saudara\nsemakin diisi makin ringan;Pantun Nasihat;Pantun Hiburan
1651;burung nuri burung dara\nterbang tinggi ke tanah jawa\nsebelum engkau berbicara\npenuhi dengan ilmu sekujur jiwa;Pantun Nasihat;Pantun Nasihat
1652;burung nuri burung dara\nterbangnya di sekitar layangan\ncobalah cari wahai saudara\nmakin diisi makin ringan;Pantun Nasihat;Pantun Hiburan
1656;Burung nuri hinggap di dahan\nDaun hijau tampak menawan\nJangan tinggi hati berlebihan\nKarena sombong awal kehancuran;Pantun Nasihat;Pantun Nasihat
1658;Burung nuri hinggap di jati\nAngin lembut datang lagi\nRajin menata hati sendiri\nAgar hidup lebih berarti;Pantun Nasihat;Pantun Nasihat
1659;Burung nuri hinggap di jati\nDaun kering jatuh ke tanah\nJika ingin hidup berarti\nJangan suka berbuat salah;Pantun Nasihat;Pantun Nasihat
1661;Burung nuri hinggap rendah\nDaun kering jatuh ke tanah\nJika ingin hidup berkah\nTunaikan amanah jangan salah;Pantun Nasihat;Pantun Nasihat
1663;Burung nuri terbang beriring\nSayap berkilau terkena cahaya\nJika ingin hidup tidak sering miring\nLuruskan niat dalam berkarya;Pantun Nasihat;Pantun Nasihat
1664;Burung nuri terbang berwarna\nSayap indah memikat mata\nJika ingin hidup penuh makna\nJangan lupa berbagi rasa;Pantun Nasihat;Pantun Nasihat
1665;Burung nuri terbang ceria\nSayap warna memikat pandang\nJika ingin hidup penuh karya\nBeranilah mencoba dan berkembang;Pantun Nasihat;Pantun Nasihat
1666;Burung nuri terbang ke barat\nSayap warna memikat mata\nJika ingin hidup penuh manfaat\nGunakan waktu sebaik-baiknya;Pantun Nasihat;Pantun Nasihat
1670;Burung nuri terbang ke rawa\nHinggap sebentar di pohon jati\nCita-cita jangan ditunda\nUsaha hari ini kunci nanti;Pantun Nasihat;Pantun Nasihat
1673;Burung nuri terbang ke seberang\nHinggap sebentar di dahan cemara\nIlmu dicari jangan sembarang\nAgar berguna sepanjang masa;Pantun Nasihat;Pantun Nasihat
1674;Burung nuri terbang ke seberang\nHinggap sebentar di dahan cemara\nJika ingin hidupmu gemilang\nRajin belajar sepanjang masa;Pantun Nasihat;Pantun Nasihat
1675;Burung nuri terbang ke seberang\nHinggap sebentar di dahan tua\nJika hidup ingin gemilang\nJangan tinggalkan adab mulia;Pantun Nasihat;Pantun Nasihat
1676;Burung nuri terbang ke timur\nSayap berkilau terkena cahaya\nJika ingin masa depan makmur\nKerja keraslah sejak muda belia;Pantun Nasihat;Pantun Nasihat
1679;Burung nuri terbang rendah\nHinggap sebentar di tanah\nKatanya orangnya ramah\nPinjam uang langsung menghilang entah;Pantun Nasihat;Pantun Hiburan
1681;Burung nuri terbang tinggi\nHinggap manis di pohon jati\nJangan iri pada rezeki\nKarena semua sudah terbagi;Pantun Nasihat;Pantun Nasihat
1682;Burung nuri terbang tinggi\nHinggap manis di pohon jati\nJangan simpan dengki di hati\nKarena damai itu suci;Pantun Nasihat;Pantun Nasihat
1687;Burung pelikan membawa ikan\nParuh panjang kuat sekali\nJika ingin raih impian\nPercaya diri dalam hati;Pantun Nasihat;Pantun Nasihat
1688;Burung pelikan terbang rendah\nMenyentuh air di tengah telaga\nJika ingin jauh dari resah\nPerbanyak doa setiap masa;Pantun Nasihat;Pantun Nasihat
1689;Burung perkutut berbunyi pelan\nDi sangkar kayu dekat jendela\nJika ingin hidup bertahan\nKuatkan tekad dalam dada;Pantun Nasihat;Pantun Nasihat
1690;burung perkutut dalam sangkar\ningin terbang sayap dikepakkan\nkalau berteman jangan bertengkar\nmain bersama lebih menyenangkan;Pantun Nasihat;Pantun Nasihat
1692;burung perkutut tersambar petir\nkayu jati untuk diukir\njangan takut jangan khawatir\nhatiku setia sampai akhir;Pantun Nasihat;Pantun Nasihat
1693;Burung pipit burung dara\nBagus rupanya berwarna warni\nAgar alam tetap terjaga\nJanganlah kita mengotori;Pantun Nasihat;Pantun Nasihat
1695;Burung pipit hinggap di dahan\nAngin sepoi berhembus pelan\nJika ingin masa depan\nBelajarlah sungguh-sungguh kawan;Pantun Nasihat;Pantun Nasihat
1697;Burung pipit hinggap di dahan\nBersiul riang di pagi hari\nJika ingin hidup penuh kedamaian\nJagalah lisan serta hati;Pantun Nasihat;Pantun Nasihat
1699;Burung pipit hinggap di kawat\nMenghadap senja perlahan-lahan\nJika ingin hidup terasa kuat\nBangun mental dan ketahanan;Pantun Nasihat;Pantun Nasihat
1700;Burung pipit hinggap sekawan\nDi dahan kecil tepi halaman\nJika berjaya jangan lupakan\nMereka yang pernah menghulurkan tangan;Pantun Nasihat;Pantun Nasihat
1701;Burung pipit terbang berbarengan\nHinggap manis penuh keramahan\nJaga lisan dalam percakapan\nAgar terhindar dari kesalahan;Pantun Nasihat;Pantun Nasihat
1703;Burung pipit terbang beriringan\nHinggap sebentar di pohon cemara\nJika hidup ingin penuh kebaikan\nRingankan tangan membantu sesama;Pantun Nasihat;Pantun Nasihat
1704;Burung pipit terbang ke hulu\nHinggap manis di kayu jati\nIngat selalu waktu dahulu\nSaat kita masih suci;Pantun Nasihat;Pantun Sukacita
1705;Burung pipit terbang ke hulu\nHinggap manis di kayu jati\nJika ingin sukses dahulu\nPerbaiki niat dalam hati;Pantun Nasihat;Pantun Nasihat
1707;Burung pipit terbang ke seberang\nMencari makan di tepi ladang\nJika ingin hidup dikenang orang\nBerbuat baik jangan berbilang;Pantun Nasihat;Pantun Nasihat
1708;Burung pipit terbang ke timur\nSayap kecil menembus udara\nJika ingin masa depan makmur\nDisiplin diri sejak muda belia;Pantun Nasihat;Pantun Nasihat
1709;Burung pipit terbang menjauh\nMeninggalkan sarang sementara\nJika ingin hidup terus bertumbuh\nBerani berubah tanpa ragu lama;Pantun Nasihat;Pantun Nasihat
1710;Burung pipit terbang rendah\nHinggap manis di atas batu\nJika ingin hidup berkah\nHormati ayah dan ibu;Pantun Nasihat;Pantun Nasihat
1711;Burung pipit terbang rendah\nHinggap manis di atas batu\nJika ingin hidup berkah\nHormati orang tua selalu;Pantun Nasihat;Pantun Nasihat
1712;Burung pipit terbang rendah\nHinggap sebentar di atas dahan\nJangan takut pada susah\nKarena itu jalan keberhasilan;Pantun Nasihat;Pantun Nasihat
1713;Burung pipit terbang rendah\nHinggap sebentar di dahan tua\nJika ingin hidup berkah\nHormati orang yang lebih tua;Pantun Nasihat;Pantun Nasihat
1714;Burung pipit terbang rendah\nHinggap sebentar di pohon cemara\nJika hati selalu ramah\nBanyak sahabat datang menyapa;Pantun Nasihat;Pantun Nasihat
1715;Burung pipit terbang rendah\nHinggap sebentar di rerumputan\nHidup damai jauh dari resah\nJika sabar jadi pegangan;Pantun Nasihat;Pantun Nasihat
1716;Burung pipit terbang rendah\nMencari biji di halaman\nJika ingin hidup penuh berkah\nJaga sikap dalam pergaulan;Pantun Nasihat;Pantun Nasihat
1717;Burung pipit terbang tinggi\nHinggap manis di pohon jati\nKatanya bangun setiap pagi\nAlarm bunyi tetap mimpi lagi;Pantun Nasihat;Pantun Nasihat
1719;Burung prenjak bersuara nyaring\nTerbang cepat di atas pagar\nJika ingin cita tak asing\nBerani tampil dan belajar;Pantun Nasihat;Pantun Nasihat
1720;Burung punai hinggap di batu\nBatu besar dekat muara\nJika ingin tekad menyatu\nKuatkan niat dalam jiwa;Pantun Nasihat;Pantun Nasihat
1724;Burung rajawali membelah awan\nSayap lebar kuat sekali\nJika ingin hidup berkesan\nTinggalkan manfaat bagi negeri;Pantun Nasihat;Pantun Nasihat
1725;Burung rajawali terbang tinggi\nMelihat luas hamparan awan\nJika ingin sukses nanti\nBerani mencoba dan bertahan;Pantun Nasihat;Pantun Nasihat
1726;Burung rajawali terbang tinggi\nMembelah awan luas sekali\nJika ingin cita tercapai nanti\nJangan berhenti mencoba lagi;Pantun Nasihat;Pantun Nasihat
1728;Burung selasih burung tempua\nHinggap berdendang di pohon jambu\nSemangat merdeka kian membara\nHingga hari ini diulang lagu;Pantun Nasihat;Pantun Nasihat
1729;Burung serindit menyisir awan\nHinggap sebentar di dahan sena\nJika amanah dijunjung tuan\nTeguhlah bangsa tidak ternoda;Pantun Nasihat;Pantun Nasihat
1730;Burung serindit terbang berdua\nHinggap sebentar di dahan ara\nWalau jauh terpisah jarak kita\nKasih bertaut tiada terlera;Pantun Nasihat;Pantun Nasihat
1731;Burung serindit terbang berdua\nMenyentuh awan bersuara rawan\nJika kasih bukan sengketa\nMengapa kita saling menjauhan;Pantun Nasihat;Pantun Nasihat
1733;Burung serindit terbang beriring\nHinggap sebentar di pohon ara\nJika niat bersih tak sumbing\nDatang berkat tanpa diminta;Pantun Nasihat;Pantun Kiasan
1735;Burung serindit terbang melayang\nSinggah dihinggap di ranting mati\nDuit ringgit dipandang orang\nJarang dipandang bahasa budi;Pantun Nasihat;Pantun Kiasan
1736;Burung serindit terbang melayang\nTerhenti hinggap di ranting mati\nBukan ringgit dipandang orang\nTetapi memandang bahasa dan budi;Pantun Nasihat;Pantun Kiasan
1737;Burung serindit terbang melintas\nHinggap sejenak di batang jati\nJika ingin hidup berkualitas\nIsi waktu dengan hal berarti;Pantun Nasihat;Pantun Nasihat
1739;Burung srigunting ekor panjang\nTerbang lincah di atas rawa\nJika ingin hidup dikenang\nTinggalkan jejak penuh makna;Pantun Nasihat;Pantun Nasihat
1740;Burung sriti terbang berputar\nMenyambar angin di udara\nJika ingin langkahmu benar\nPikirkan matang sebelum bicara;Pantun Nasihat;Pantun Nasihat
1741;Burung tekukur bersuara merdu\nDi atas dahan pohon cemara\nJika ingin hidup bersatu\nSaling hormat sesama saudara;Pantun Nasihat;Pantun Nasihat
1742;Burung tekukur terbang rendah\nMencari makan di tepi rawa\nJika ingin jauh dari resah\nPerbanyak doa setiap masa;Pantun Nasihat;Pantun Nasihat
1743;Burung tempua beranyam sarang\nDi pohon sena rimbun berdaun\nBudi bahasa tiang terbilang\nTegak bangsa sepanjang tahun;Pantun Nasihat;Pantun Kiasan
1745;Burung tempua membuat sarang\nAnyamannya rapi di hujung dahan\nJika berjanji jangan ditentang\nTepati kata sepanjang zaman;Pantun Nasihat;Pantun Nasihat
1746;Burung tempua menyulam sarang\nAnyamannya rapi tiada tercela\nJika usaha tidak berkurang\nCita tercapai dengan rela;Pantun Nasihat;Pantun Nasihat
1751;Burung terbang di tepi huma\nSinggah sebentar di hujung kota\nWarga emas milik bersama\nTerbelakkah ia slogan semata;Pantun Nasihat;Pantun Kiasan
1756;Burung walet terbang berputar\nMencari makan di udara luas\nJika ingin hidup benar\nJangan tergoda oleh yang culas;Pantun Nasihat;Pantun Nasihat
1757;Burung walet terbang berputar\nMencari makan di udara\nJika ingin hidupmu benar\nJaga amanah dengan setia;Pantun Nasihat;Pantun Nasihat
1758;burungburung saling kicau menyahuti\ntetapi jangan sampai ada kelahi\nsesama teman harus saling hormati\njangan malah saling memaki;Pantun Nasihat;Pantun Nasihat
1761;cabe hijau jadikan acar\nmakan nasgor di hari selasa\nsekolah tempat aku belajar\nmengenal ilmu tulis dan membaca;Pantun Nasihat;Pantun Nasihat
1765;cahaya bintang berpendarpendar\nmalam hari tak usah bermain gitar\ndi rumah semua belajar\nsupaya menjadi keluarga pintar;Pantun Nasihat;Pantun Nasihat
1766;Cahaya dini menyinsing hari\nEmbun bergemerlap bak permata\nJika budi menghiasi diri\nNama dikenang sepanjang masa;Pantun Nasihat;Pantun Nasihat
1767;Cahaya fajar menyingkap kabut\nMenyentuh sawah menghijau luas\nJika tutur lembut terpaut\nHati keras pun luluh beralas;Pantun Nasihat;Pantun Nasihat
1770;cahaya pagi terasa hangat\nsarapan pagi makan ketupat\npergi sekolah penuh semangat\nniscaya banyak ilmu didapat;Pantun Nasihat;Pantun Nasihat
1771;Cahaya senja memerah saga\nBurung kenari pulang ke dahan\nJika muafakat dijaga bersama\nKukuhlah ikatan sepanjang zaman;Pantun Nasihat;Pantun Nasihat
1775;campur kelapa dengan es\nrasanya sungguh amat segar\njika ingin jadi orang sukses\njangan suka malas belajar;Pantun Nasihat;Pantun Nasihat
1776;campur minuman dengan batu es\nrasanya segar hilangkan gerah\njika ingin hidup sukses\nterus berusaha jangan menyerah;Pantun Nasihat;Pantun Nasihat
1781;cantik nian pulau sikuai\npasirnya putih teramat indah\nsebelum materi aku mulai\nmarilah serentak mengucap basmallah;Pantun Nasihat;Pantun Nasihat
1782;cantik nian wajah pengantin\nbanyak hati yang tertambat\npergi ke sekolah haruslah rajin\npenuh semangat supaya hebat;Pantun Nasihat;Pantun Nasihat
1784;cantik sekali wajah pengantin\nbanyak hati yang tertambat\npergi sekolah harus rajin\npenuh semangat agar hebat;Pantun Nasihat;Pantun Nasihat
1785;cantik sungguh si bunga kejora\nbuat hiasan di hari raya\nmarilah sahut seruan negara\nbangsa membaca bangsa berjaya;Pantun Nasihat;Pantun Nasihat
1786;cari kerja sesungguhnya susah\napalagi tidak ada keahlian\ntapi banyak termasuk mudah\nmemang lah malas cari makan;Pantun Nasihat;Pantun Nasihat
1790;celana melorot pakai sabuk\nsakit tangan kena kaca\njika sudah kenal fesbuk\njangan lupa dunia nyata;Pantun Nasihat;Pantun Nasihat
1791;Cempaka gugur di anjung balai\nHarumnya tinggal di ruang lama\nJika janji tidak terlalai\nMengapa renggang di celah masa;Pantun Nasihat;Pantun Nasihat
1793;Cempaka kuning di anjung seri\nHarumnya menusuk hingga ke kalbu\nJika tekun mengasah diri\nCemerlang akal bersinar selalu;Pantun Nasihat;Pantun Nasihat
1795;Cempaka kuning harum mewangi\nDi anjung istana permai berseri\nJika amanah tidak dikhianati\nMakmurlah negeri sepanjang hari;Pantun Nasihat;Pantun Nasihat
1797;Cempaka putih di serambi istana\nHarumnya lembut menyentuh rasa\nJika akal dijaga sempurna\nTerselamat insan dari angkara;Pantun Nasihat;Pantun Nasihat
1798;Cempaka putih gugur ke riba\nHarumnya tinggal di ruang balai\nJika benar tutur bicara\nSegala sengketa mudah terlerai;Pantun Nasihat;Pantun Nasihat
1802;cempedak diluar pagar\ntarik galah tolong jolokkan\nsaya anak baru belajar\nkalo salah tolong tunjukkan;Pantun Nasihat;Pantun Nasihat
1803;Cengal di laman tegak berdiri\nBawa ke titi penghias karangan\nModal insan citra bestari\nTerjamin kualiti apa acuan;Pantun Nasihat;Pantun Nasihat
1806;cerana kesumba indah melati\ncantik tersemat dambaan puteri\nilmu ditimba sepenuh hati\nkekuatan umat minda bestari;Pantun Nasihat;Pantun Nasihat
1807;cerdik cerdik si nahkoda\nbawa berlayar ke tengah samudera\nsalam sembah pembuka bicara\nselamat datang untuk semua;Pantun Nasihat;Pantun Nasihat
1809;cerita lama si kera sakti\nbunga dahlia harum mewangi\njadilah anak yang berbakti\nkepada ibu selalu menyanyangi;Pantun Nasihat;Pantun Nasihat
1810;cerita wayang gatot kaca\nhatinya sedih sangat merana\nsedikit bicara banyak membaca\nitulah tanda insan bijaksana;Pantun Nasihat;Pantun Nasihat
1811;cik limah bersama anak lelaki\nduduk makan keropok lekor\nyang mengejar tidak berkaki\nyang dikejar tidak berekor;Pantun Nasihat;Pantun Hiburan
1812;Cindai bercorak penuh berpita\nPakaian anak Panglima Garang\nEmas dan perak pengaruh dunia\nBudi apa dijunjung orang;Pantun Nasihat;Pantun Kiasan
1819;coklat merah warna keledai\ndidalam kandang sambil makan ramban\njika rajin belajar pangkal pandai\nsebagai kunci dalam kehidupan;Pantun Nasihat;Pantun Nasihat
1821;cuaca cerah di pagi hari\nberangkat sekolah diantar papa\njadilah pramuka yang berbakti\npada manusia dan alam semesta;Pantun Nasihat;Pantun Nasihat
1823;cuaca gelap semakin redup\nmasakan boleh kembali terang\nbudi bahasa amalan hidup\nbarulah kekal dihormati orang;Pantun Nasihat;Pantun Nasihat
1824;cuaca panas sangat menyengat\nkepala berpayungkan sekeping kardus\nujian sekolah harus semangat\nagar mendapat nilai yang bagus;Pantun Nasihat;Pantun Nasihat
1825;cuaca siang amat panas\nanak bermain pakai kerudung\nsering tidur didalam kelas\nketika ditanya jawabnya gak nyambung;Pantun Nasihat;Pantun Hiburan
1826;cuaca siang sangatlah panas\nmelihat kontraktor membuat aspal\nini ujian kenaikan kelas\nmari kita semangat menghapal;Pantun Nasihat;Pantun Nasihat
1827;cuaca sore sedang berawan\nmelihat angsa berenang di kali\ntolongmenolonglah sesama teman\nsaling tunjukkan rasa peduli;Pantun Nasihat;Pantun Nasihat
1828;cuci baju di hari minggu\nsetelah itu sapu halaman\nmeski banyak teman yang baru\nsahabat lama jangan lupakan;Pantun Nasihat;Pantun Nasihat
1831;daerah kumuh banyak kuman\nkarena jarang dibersihin\nubahlah nasib dengan pendidikan\nsekolah dan belajar selalu rajin;Pantun Nasihat;Pantun Nasihat
1835;dahan pohon ada yang teguh\nnamun dahan bengkok tak boleh ditebang\nguru mendidik harus sungguhsungguh\nbukan cuma demi memperoleh uang;Pantun Nasihat;Pantun Nasihat
1836;dalam diam hamba merenung\nmenekur diri dosa hina\ntak salah bunda mengandung\nhanya diri sesat terlena;Pantun Nasihat;Pantun Kiasan
1838;dalam kotak ada belalang\nbelalang hijau jangan dimakan\ndalam kitab sudah dilarang\nperbuatan jahat jangan lakukan;Pantun Nasihat;Pantun Nasihat
1839;dalam menyendiri aku kalut\njiwa seakan gundah gulana\nmalam ini terlalu berkabut\ntiada teman salah siapa;Pantun Nasihat;Pantun Nasihat
1841;Dalam perlak ada kebun\nDalam kebun ada tanaman\nDalam gelak ada pantun\nDalam pantun ada mainan;Pantun Nasihat;Pantun Hiburan
1842;dalam satu musik ada irama\ndi suatu warung sembari makan\ntersenyumlah ketika bercengkrama\njanganlah lupa untuk berjabat tangan;Pantun Nasihat;Pantun Nasihat
1845;danau tempat tinggal buaya\nyang terlihat hanya satu saja\nsekolah tidak membuat kaya\ndi sana bukan tempat kerja;Pantun Nasihat;Pantun Nasihat
1846;dapat gelang di pekarangan\nnamun gelang sudah karatan\nsiapa buang sampah sembarangan\ntentu pacarnya orangutan;Pantun Nasihat;Pantun Hiburan
1847;dapat koran dari kota\nbaju batik dari menantu\nsemua pelajaran aku suka\ngurunya baik slalu membantu;Pantun Nasihat;Pantun Sukacita
1848;dapat oleholeh buah zaitun\nbuah zaitun dari jakarta\nmencari ilmu harus dengan tekun\nniscaya sukses di depan mata;Pantun Nasihat;Pantun Nasihat
1851;Dapur kotor mahu disental\nHabis tertumpah kuah laksa\nJatidiri hendaklah kental\nSemangat waja membangunkan bangsa;Pantun Nasihat;Pantun Nasihat
1852;dapur tungku keluarnya api\nmalumalu ingin kue lapis\nhari minggu cuma nonton tipi\nmau jalan dompet dah menipis;Pantun Nasihat;Pantun Hiburan
1853;dari arah timur terbit mentari\nsemua orang pergi bergegas\nbelajar harus setiap hari\njika ingin juara kelas;Pantun Nasihat;Pantun Nasihat
1854;dari brastagi sampai kendari\nnyari duku sama ikan teri\nselamat pagi wahai bidadari\nsenyumlah agar pagiku berseri;Pantun Nasihat;Pantun Kasih Sayang
1856;dari desa memetik cengkeh\nbanyak ditanam di tepi ladang\ntekunlah beramal soleh\nwalau rintangan selalu menghadang;Pantun Nasihat;Pantun Nasihat
1857;dari desa pergi ke kota\nmalam hari balik ke desa\nbetapa nikmatnya masa remaja\nsaat bebas berteman dan berkarya;Pantun Nasihat;Pantun Sukacita
1858;Dari emas biarlah permata\nDalamnya digali berbatu-batu\nAlam ternoda di depan mata\nMasihkan saja dibiar begitu;Pantun Nasihat;Pantun Nasihat
1860;dari irian ke pulau jawa\nmembawa sekarung beras ketan\ncukup sekian pantun saya\nsampai jumpa di lain kesempatan;Pantun Nasihat;Pantun Sukacita
1861;dari jakarta menuju semanggi\njangan lupa harus hatihati\nsejak kecil bercitacita tinggi\nkejarlah itu sampai mati;Pantun Nasihat;Pantun Nasihat
1862;dari jauh datang bertamu\nberpisah lama bertemu jua\ntak terbatas jasa darimu\nsampai mati selalu kujaga;Pantun Nasihat;Pantun Kasih Sayang
1864;dari kapas dijadikan benang\ndari benang menjadi kain\nsudah lepas jangan dikenang\nlebih baik cari yang lain;Pantun Nasihat;Pantun Nasihat
1867;Dari Krukut ke Cianjur\nMakan duku sambil berkumur\nJangan takut berkata jujur\nKelak hidup menjadi makmur;Pantun Nasihat;Pantun Nasihat
1868;dari lebah jadilah madu\ndari padi jadilah nasi\nselalulah menuntut ilmu\nsebagai bekal diri ini;Pantun Nasihat;Pantun Nasihat
1869;dari lombok ke pulau jawa\nsangat jauh perjalanannya\ndengarkan nasehat orang tua\nkarena sudah banyak pengalamannya;Pantun Nasihat;Pantun Nasihat
1873;dari mana hendak ke mana\ndari desa hendak ke kota\njika boleh saya bertanya\nbunga yang cantik siapa yang punya;Pantun Nasihat;Pantun Kasih Sayang
1874;dari mana hendak ke mana\ndari jepang ke bandar cina\nkalau boleh abang bertanya\nbunga yang kembang siapa yang punya;Pantun Nasihat;Pantun Kasih Sayang
1875;dari mana hendak kemana\ntinggi rumput dari padi\nhari mana bulan yang mana\ndapat kita bertemu lagi;Pantun Nasihat;Pantun Sukacita
1881;Dari Mekkah menuju Jeddah\nTiba di sana ketemu mertua\nMari kita rajin beribadah\nJangan menunggu sampai tua;Pantun Nasihat;Pantun Agama
1882;Dari pantai mendapat kerang\nHendak dimasak gunakan arang\nBerbicara janganlah sembarang\nKarena bisa menyakiti orang;Pantun Nasihat;Pantun Nasihat
1884;dari riau pindah ke tasik\ndapatlah rumah dipinggir sumur\ncuba lakukan kegiatan fisik\njuga olah raga yang teratur;Pantun Nasihat;Pantun Nasihat
1886;dari seram ke pulau buru\ndalam kota beli pepaya\nanak baik menghormati guru\nberbakti jua pada orangtua;Pantun Nasihat;Pantun Nasihat
1887;dari serang ke pulau buru\nsinggah kota beli pepaya\nanak baik menghormati guru\ntak lupa berbakti pada orang tua;Pantun Nasihat;Pantun Nasihat
1893;dari tungkal pergi siantan\nsinggah berlabuh di kuala maras\nselamat tinggal handai dan taulan\nkita berpisah karena tugas;Pantun Nasihat;Pantun Nasihat
1894;dari turki memasak kebab\ntambah sayur juga tomat\ncari ilmu harus beradab\nkepada guru mestilah hormat;Pantun Nasihat;Pantun Nasihat
1895;daripada masakan basi\nlebih baik makanan baru\ndaripada saling memaki\nlebih baik saling membantu;Pantun Nasihat;Pantun Nasihat
1896;Datang kemari bawa alpukat\nJangan lupa membungkus tomat\nJalani hari dengan bertobat\nSemoga kita selalu selamat;Pantun Nasihat;Pantun Nasihat
1897;datang tamu dari etiopia\nnegeri jauh di afrika\nsudah pandai akhlak mulia\nitulah anak idaman orang tua;Pantun Nasihat;Pantun Nasihat
1899;daun arab di atas menjangan\nanak udang mati diraba\ndalam kitab ada larangan\nyang haram jangan cobacoba;Pantun Nasihat;Pantun Nasihat
1900;daun basah habis hujan\naroma bumi naik perlahan\ncintau dating membawa harapan\ndisaat hidup terasa membosankan;Pantun Nasihat;Pantun Nasihat
1902;daun gugur di musim senyap\ntanah basah menyimpan cerita\ncinta tak harus selalu lengkap\ncukup jujur dan setia rasa;Pantun Nasihat;Pantun Nasihat
1905;daun jatuh dengan melayang\nhujan jatuh di atas batu\nmemakan tiada kenyang\nsudah makan jadilah abu;Pantun Nasihat;Pantun Kiasan
1907;daun keladi daun talas\ndiambil sepotong dalam kertas\njika pagi hari sudah malas\nnanti rezekimu akan tergilas;Pantun Nasihat;Pantun Nasihat
1908;Daun keladi tumbuh di rawa\nDisiram hujan setiap hari\nJika hati jauh dari dusta\nHidup tenang tanpa iri;Pantun Nasihat;Pantun Nasihat
1909;Daun kelapa dianyam tikar\nTikar digelar di ruang tamu\nIlmu diamalkan jadi sinar\nMenyinari hidup sepanjang waktu;Pantun Nasihat;Pantun Nasihat
1910;daun kelapa jadikan atap\nsisanya untuk buat sapu lidi\npantas saja bau tak sedap\nternyata ada yang belum mandi;Pantun Nasihat;Pantun Hiburan
1911;daun kelapa jadikan sapu\nuntuk bersihkan sekitar halaman\ndemi masa depan anak dan cucu\npekerjaan siap diselesaikan;Pantun Nasihat;Pantun Nasihat
1912;Daun kelapa jatuh ke pasir\nPasir basah terkena ombak\nOrang sabar tak mudah tersingkir\nWalau hidup terasa sesak;Pantun Nasihat;Pantun Nasihat
1913;Daun kelor tumbuh di pekarangan\nHijau segar terkena hujan\nJangan mundur dalam perjuangan\nWalau badai menghadang jalan;Pantun Nasihat;Pantun Nasihat
1915;Daun ketapang gugur ke pasir\nDisapu ombak lalu tenggelam\nJika berkata jagalah tafsir\nAgar tak melukai diam-diam;Pantun Nasihat;Pantun Nasihat
1916;Daun ketapang gugur perlahan\nTertiup angin ke tepi jalan\nJika ingin hidup bertahan\nKuatkan sabar dalam cobaan;Pantun Nasihat;Pantun Nasihat
1917;Daun lebar ditanam di pekarangan\nDisiranmnya pakai air di gelas\nTidak pernah lapuk oleh air hujan\nTidak pernah habis terkena panas;Pantun Nasihat;Pantun Nasihat
1918;Daun mangga gugur ke tanah\nTertiup angin ke tepi jalan\nJika ingin jauh dari resah\nDekatkan diri pada kebaikan;Pantun Nasihat;Pantun Nasihat
1920;daun nipah kacangnya rapat\nhidangan tetamu di kuala maran\nbuku menyimpan berjuta maklumat\nfakta ilmu cereka hiburan;Pantun Nasihat;Pantun Nasihat
1923;Daun pandan diikat tali\nDisimpan rapi di atas para\nHidup tenang jauhkan dengki\nAgar damai rasa di jiwa;Pantun Nasihat;Pantun Nasihat
1924;Daun pandan disimpul rapi\nDisimpan ibu di dalam peti\nHarta dunia jangan diimpi\nTenang jiwa lebih berarti;Pantun Nasihat;Pantun Nasihat
1925;Daun pandan harum baunya\nDisimpan rapi dalam laci\nCita-cita harus dijaga\nAgar tak hilang ditelan hari;Pantun Nasihat;Pantun Nasihat
1926;daun pandan wangi baunya\nboleh dibuat bunga rampai\ntolong menolong sesama keluarga\nhubungan erat ukhwah tercapai;Pantun Nasihat;Pantun Nasihat
1927;daun pisang besar daunya\npohon bambu tinggi pohonya\nsantri pintar banyak ilmunya\ntidak membaca sedikit ilmunya;Pantun Nasihat;Pantun Nasihat
1928;Daun pisang tertiup angin\nJatuh perlahan ke tanah lapang\nOrang sabar berhati yakin\nTak goyah walau rintangan datang;Pantun Nasihat;Pantun Nasihat
1931;Daun selasih di tepi laman\nDisiram embun waktu fajar\nBudi bahasa jadi pegangan\nAgar hidup sentiasa wajar;Pantun Nasihat;Pantun Nasihat
1937;Daun selasih melambai perlahan\nDisapa bayu di waktu dini\nJika budi jadi pakaian\nHarumlah nama sepanjang hari;Pantun Nasihat;Pantun Kiasan
1938;Daun selasih tumbuh di taman\nDipetik dara saat senja\nJika hidup ingin berteman\nIkhlaskan niat tanpa cela;Pantun Nasihat;Pantun Nasihat
1940;Daun sirih ditaruh di nampan\nNampan perak berkilau cahaya\nJika ingin hidup berkesan\nJadilah insan penuh makna;Pantun Nasihat;Pantun Nasihat
1941;Daun sirih tersusun rapi\nDiletakkan di atas nampan\nJika ingin hidup berarti\nBerbuat baik tanpa paksaan;Pantun Nasihat;Pantun Nasihat
1942;Daun sirih tumbuh merambat\nDirangkai rapi dalam lipatan\nJika ingin hidupmu selamat\nJaga adab dalam pergaulan;Pantun Nasihat;Pantun Nasihat
1943;daun sirih ulam cik da\nmakan sekapur lalu mati\nwalaupun banyak ilmu di dada\nbiar merunduk resmi padi;Pantun Nasihat;Pantun Kiasan
1944;daun talas di dalam beca\nkereta kencana ditarik kuda\nbarang siapa malas membaca\ntentu ilmunya sejengkalpun tak ada;Pantun Nasihat;Pantun Nasihat
1945;Daun talas tumbuh di rawa\nTerkena hujan sepanjang hari\nJika ingin damai di jiwa\nBersihkan prasangka dalam hati;Pantun Nasihat;Pantun Nasihat
1946;daun talas wadah kecambah\nbawa sekarung ke tengah pasar\nsiapa yang malas waktu sekolah\nakan menyesal di waktu besar;Pantun Nasihat;Pantun Nasihat
1947;Daun terap di atas dulang\nAnak udang mati di tuba\nDalam kitab ada yang terlarang\nYang haram jangan dicoba;Pantun Nasihat;Pantun Nasihat
1948;Daun tetap di atas dulang\nAnak udang mati dituba\nDalam kitab ada terlarang\nPerbuatan haram jangan dicoba;Pantun Nasihat;Pantun Nasihat
1949;dayung perahu ke daratan\ndayungnya pakai tongkat sakti\npercuma cantik juga menawan\njikalau hidup tak ada hati;Pantun Nasihat;Pantun Nasihat
1950;dayung perahu tuju haluan\nmembawa rokok bersama rempah\nkalau ilmu tidak diamalkan\nibarat pokok tidak berbuah;Pantun Nasihat;Pantun Kiasan
1951;dayungdayung perahu sampan\nsebilah kayu untuk titian\nberjuang untuk kehidupan\nsiapkan bekal tuk kematian;Pantun Nasihat;Pantun Nasihat
1952;dengan mesin waktu jiwa\nnobita jadi balita lagi\nwalaupun bertaruh nyawa\nkalau untukmu pasti aku jalani;Pantun Nasihat;Pantun Nasihat
1953;dengan tuan melakukan ronda\nbadannya kurus bau keringat\nmeski cobaan sedang melanda\nhati harus tetaplah semangat;Pantun Nasihat;Pantun Nasihat
1954;dengar lagu berirama\ntersenyumlahlah si adik manja\nmari main bersamasama\njangan duduk sendiri saja;Pantun Nasihat;Pantun Nasihat
1955;dengar musik yang berirama\ntertawa dengan adik yang manja\nmari kita bermain bersamasama\njangan suka duduk sendiri saja;Pantun Nasihat;Pantun Nasihat
1957;dengerin kata kakakmu\nkatanya dia butuh lilin\naku selalu ada untukmu\ntapi cintamu malah untuk yang lain;Pantun Nasihat;Pantun Kasih Sayang
1960;di antara padi dengan selasih\nyang mana satu tuan luruhkan\ndi antara budi dengan kasih\nyang mana satu tuan turutkan;Pantun Nasihat;Pantun Nasihat
1961;di aquarium banyak ikan\ndikasih makan setiap hari\ntak banyak yang bisa aku aturkan\nhanya minta maaf dari lubuk hati;Pantun Nasihat;Pantun Nasihat
1964;Di bawah kolong tersimpan peti\nPeti ditutup oleh Permadi\nJangan sombong jikalau sakti\nKarena hidup tiada yang abadi;Pantun Nasihat;Pantun Nasihat
1965;di bawah pohon rambutan\nada dua bibit kelapa sawit\njangan suka ngeliat poto mantan\nbiar hatimu tak makin sakit;Pantun Nasihat;Pantun Nasihat
1966;di bawah pohon yang mati\nmereka asyik membaca buku\nakan datang waktunya nanti\nkau akan menyesal tlah pergi dariku;Pantun Nasihat;Pantun Nasihat
1967;di bulan ramadhan banyak bertobat\nmemohonkan ampun kepada allah\norang beriman hidup bermanfaat\nsembarang kerja membawa faedah;Pantun Nasihat;Pantun Nasihat
1969;di bulan ramadhan orang tarawih\nsudah sembahyang membaca quran\norang beriman hidupnya salih\ndadanya lapang lakunya sopan;Pantun Nasihat;Pantun Nasihat
1970;di dalam karung ada kucing\nmati tewas tak bernyawa\nhanya bermodal bambu runcing\nuntuk membela negara tercinta;Pantun Nasihat;Pantun Nasihat
1971;di dalam kolam terdapat batu\ndi dalam kolam ada ikan patin\nbila kita bisa membagi waktu\npastilah kita menjadi disiplin;Pantun Nasihat;Pantun Nasihat
1972;di dalam semak ada kemumu\nmenuju taman perlahanlahan\njika sekolah memberi ilmu\nmaka hidup berikan tantangan;Pantun Nasihat;Pantun Nasihat
1975;di depan ada rawarawa\ndibuat mandi beberapa badak\ntak bisa kutahan tawa\nmelihat tikus sedang berbedak;Pantun Nasihat;Pantun Nasihat
1976;di goa penuh dengan kelelawar\nmasuk kedalam cahaya kian sirna\njangan berani untuk pergi melamar\njika mengaji saja belum sempurna;Pantun Nasihat;Pantun Nasihat
1979;di halaman rumah ada mangga\nambil bambu untuk penggalah\nhari jumat adalah hari raya\ndatanglah ke masjid sebelum khutbah;Pantun Nasihat;Pantun Nasihat
1980;di hutan banyak kunangkunang\nberkedip hingga malam berlalu\nuntuk itu dan bapak tersayang\nmaafkan segala kesalahanku;Pantun Nasihat;Pantun Nasihat
1981;di hutan lebat ada seekor kancil\nsangat gesit saat lari dan melompat\ntelah bersekolah sedari kecil\nketika dewasa menjadi hebat;Pantun Nasihat;Pantun Nasihat
1982;Di hutan terdapat seekor rusa\nSeekor rusa yang bermata dua\nBudaya itu harus dijaga\nSudah tugas dan kewajiban kita;Pantun Nasihat;Pantun Nasihat
1985;di jam gadang banyak badut\nmembuat anakanak jadi gembira\npria mana yang tak terpincut\ningin kenal denganmu sang jelita;Pantun Nasihat;Pantun Nasihat
1986;di kamar tidur teronggok cermin\ncermin dipakai untuk berdandan\ndi tanah lapang kami bermain\nbermain gundu juga layangan;Pantun Nasihat;Pantun Sukacita
1987;di kebun binatang ada burung hantu\nmeski jelek ia cakap memekik\nmeski telah tinggi berilmu\ntetaplah berakhlak baik;Pantun Nasihat;Pantun Nasihat
1988;di kebun binatang banyak hewan\nada rusa dan burung kenari\nhappy ultah untukmu kawan\nsehat selalu dan murah rezeki;Pantun Nasihat;Pantun Nasihat
1989;di kebun binatang melihat buaya\nbanyak sisik dan besar giginya\nselamat berbuka untuk semua\ndari aku dan keluarga;Pantun Nasihat;Pantun Nasihat
1990;di lampung ada sekolah gajah\ngajah bermain di tepi hutan\nkalau pandai bersikap ramah\ntentu banyak mempunyai teman;Pantun Nasihat;Pantun Nasihat
1991;di langit tinggi tuhan istiwa\nsifatnya tak bisa dijabarkan\nselalu hormat pada yang tua\norang tua tempat keberkahan;Pantun Nasihat;Pantun Nasihat
1992;di lantai ada kapur barus\nkapur dimainkan anak kucing\ndaripada berbadan kurus\ndisenggol dikit langsung terpanting;Pantun Nasihat;Pantun Hiburan
1993;di lantai bentangkan tikar\ntempat duduknya para tamu\nsebelum acara kita gelar\nadakah yang ingin bertanya dulu;Pantun Nasihat;Pantun Nasihat
1996;di manakah hidupnya ikanikan\ndi laut dalam mereka berenang\nsalahnya orang dimaafkan\njiwa besar hatimu lapang;Pantun Nasihat;Pantun Nasihat
1997;di medsos dan televisi\nlagi pada ngomongin politik\ntak hanya punya bodi seksi\nkamu juga baik dan cantik;Pantun Nasihat;Pantun Kasih Sayang
1998;di meja ada sambal kacang\ncampur dengan makan bakwan\nstatusku berteriak lantang\nmohon maafkan segala kesalahan;Pantun Nasihat;Pantun Nasihat
1999;di padang masyar akan berkumpul\nseluruh umat manusia\nwalaupun pedang yang tumpul\nkalau diasah kan tajam jua;Pantun Nasihat;Pantun Kiasan
2001;di pagi hari petani menyemai\npadi disemai disiram sudah\njika ingin hidup damai\njangan lupa kerjakan ibadah;Pantun Nasihat;Pantun Nasihat
2003;di pantai banyak anak nelayan\nikut berangkat mencari ikan\nayo kawan jagalah kebersihan\nkarena sebagian dari iman;Pantun Nasihat;Pantun Nasihat
2004;di pantai banyak pohon kelapa\ndi kebun banyak pohon duku\nbiarlah orang berkata apa\nhanya kaulah terbaik untukku;Pantun Nasihat;Pantun Nasihat
2006;di pasar malam bertemu mantan\nmantan ditemani seorang pacar\nsalam pertemuan hai temanteman\nsaya disini hendak belajar;Pantun Nasihat;Pantun Nasihat
2007;Di pekan tamu membeli ambal\nIndah gemilang tampak pesona\nLedakan ilmu bercorak global\nPelajar cemerlang berhasnya di mana;Pantun Nasihat;Pantun Nasihat
2009;di pohon cendana ada benalu\nbentuknya panjang tapi berduri\nketahuilah terlebih dahulu\njangan bicara jika tidak mengerti;Pantun Nasihat;Pantun Nasihat
2010;di puncak gunung ada perunggu\nsaat dicari tidak ketemu\nmasa depan sedang menunggu\nanak berprestasi penuh ilmu;Pantun Nasihat;Pantun Nasihat
2013;Di saat senja membuat kolak\nKolak pisang dicampur rujak\nSiapa suka memperindah akhlak\nDisukai orang karena bijak;Pantun Nasihat;Pantun Nasihat
2015;di samping rumah ada taman\nbanyak sayuran dan bungabunga\nketika sd mencari teman\nsaat dewasa berkesan jadinya;Pantun Nasihat;Pantun Nasihat
2016;di sana gunung di sini gunung\ndi dekat gunung sawah pematang\nayo santai dan jangan bingung\nmelihat kucing ingin terbang;Pantun Nasihat;Pantun Hiburan
2017;di sana kosong di sini kosong\ntidak ada batang tembakau\nbukan saya berkata bohong\nada kata memikul kerbau;Pantun Nasihat;Pantun Hiburan
2018;di sawah ada banyak jangkrik\nada juga katak dan serangga\nraihlah pendidikan yang baik\nselagi masih berusia muda;Pantun Nasihat;Pantun Nasihat
2020;di selokan banyak sampah\nsehingga air tidak berjalan\nsebelum pergi sekolah\njangan lupa untuk sarapan;Pantun Nasihat;Pantun Nasihat
2021;di sini kosong di sana kosong\ntidak terdapat batang tembakau\nbukannya aku berkata yang bohong\nada satu katak memikul kerbau;Pantun Nasihat;Pantun Hiburan
2022;di sore hari langitnya jingga\ndi waktu hujan awan kelabu\nbarang yang kini aku terima\nsatu sepeda dari pamanku;Pantun Nasihat;Pantun Sukacita
2023;di subuh hari ayam berkokok\nibu langsung memasak makanan\nmasih sekolah jangan merokok\nkalau merokok pasti penyakitan;Pantun Nasihat;Pantun Nasihat
2024;di sungai banyak ikan teri\nkalau tongkol adanya di lautan\nkami menyusun sepuluh jari\nsalah dan silap harap maafkan;Pantun Nasihat;Pantun Sukacita
2025;di suruh mengambil barang\nbarangnya ada di ruang tamu\njangan hanya mencela orang\nlihatlah dulu bagaimana dirimu;Pantun Nasihat;Pantun Nasihat
2026;di taman bunga ada kembang mawar\nmerah indah pada warna kelopak\nanak rajin selalu belajar\nsukses menunggu dewasa kelak;Pantun Nasihat;Pantun Nasihat
2027;Di tamann ada pohon manggis\nBuahnya kecil dan bolong-bolong\nNgaku teman saat ingin gratis\nTapi hilang kalau dimintai tolong;Pantun Nasihat;Pantun Hiburan
2028;di tengah hutan ada si kancil\ntengah berjalan bersama lutung\nmenabung mulai semenjak kecil\nsaat dewasa mendapat untung;Pantun Nasihat;Pantun Nasihat
2030;Di tengah laut melihat karang\nKarang hitam dibuat arang\nSupaya hidup berjalan terang\nJanganlah suka perdaya orang;Pantun Nasihat;Pantun Nasihat
2033;Di tepi sungai duduk terkenang\nTerkenang teman yang sudah lama\nJangan disebut jangan dikenang\nLupakan sahaja sengketa lama;Pantun Nasihat;Pantun Nasihat
2035;di ujung jalan tempat berjumpa\nmengenang masa yang telah lalu\nsarapan pagi jangan lupa\nagar badan sehat selalu;Pantun Nasihat;Pantun Nasihat
2036;di waktu malam turun hujan\nsudah pagi mulailah terang\nsemakin dalam ilmu seorang insan\nsemakin terasa jiwanya tenang;Pantun Nasihat;Pantun Nasihat
2037;di waktu pagi muncul mentari\nsuara burung pun bersahutan\ntatkala hujan turun di sini\nkami selalu hujanhujanan;Pantun Nasihat;Pantun Nasihat
2039;dia hobi donasi buku\nhingga kini tak berhenti\njangan ragukan cintaku\ncintaku ini setulus hati;Pantun Nasihat;Pantun Nasihat
2041;dia selalu bawa lilin\nsetiap kali mendaki\nuntuk apa nyari yang lain\nkalau cintamu udah aku miliki;Pantun Nasihat;Pantun Kasih Sayang
2042;diam termenung banyak berpikir\nduduk terpekur di bawah pinang\nsiapa yang selalu berdzikir\ntentu jiwanya akan tenang;Pantun Nasihat;Pantun Nasihat
2043;Dikebun ada pohon Nangka\nBuahnya manis di atas dahan\nBilangnya sabar tak pernah murka\nTapi gosip terus sepanjang jalan;Pantun Nasihat;Pantun Hiburan
2044;dimana kuang hendak bertelur\ndiatas lata dirongga batu\ndimana tuan hendak tidur\ndiatas dada dirongga susu;Pantun Nasihat;Pantun Hiburan
2047;dina merenung suaranya sumbang\nduduk bersantai dan telah pasrah\ndia berdengung tapi bukan kumbang\npunya belalai namun bukan gajah;Pantun Nasihat;Pantun Hiburan
2048;dinding rumah banyak hiasan\nrumah kecil lagi mungil\nbelajar jangan malasmalasan\njika ingin jadi orang berhasil;Pantun Nasihat;Pantun Nasihat
2049;dinding rumah dari batu bata\nlantai dari semen coran\nsabtu pagi telah dibuka\nkuucapkan salam untuk kalian;Pantun Nasihat;Pantun Nasihat
2050;dingin malam selimuti kalbu\nselimut tebal warnanya biru\nmeskipun jarak membelenggu\ntapi doaku selalu untukmu;Pantun Nasihat;Pantun Nasihat
2051;dingin rasanya daun telinga\npedih pula kedua mata\nmari kita tanam bunga\nagar semarak lingkungan kita;Pantun Nasihat;Pantun Nasihat
2052;dingindingin beli sekoteng\nlebih nikmat ditambah rawon\nwahai pemuda jangan sok ganteng\nwajahmu mirip pantat pawon;Pantun Nasihat;Pantun Hiburan
2058;disangka nenas ditengah padang\nrupanya urat jawijawi\ndisangka panas hingga petang\nkiranya hujan tengah hari;Pantun Nasihat;Pantun Kiasan
2059;disapa kenangan dengan kasar\nmelalui semerbak setangkai mawar\njadikan moral pegangan dasar\nnorma jangan sampai kau tawar;Pantun Nasihat;Pantun Nasihat
2060;disini gunung disana gunung\nditengahtengah pohon kelapa\njanganlah adik merasa canggung\nhanya karena belum berjumpa;Pantun Nasihat;Pantun Kasih Sayang
2061;ditaman ada pohon waru\ndisekitarnya banyak batu\naku mendapat sepeda baru\nkarena dikelas juara satu;Pantun Nasihat;Pantun Sukacita
2062;ditengah laut berlayarlah kapal\nperlahan mendekat menuju teluk\nberkat guru aku mengenal\nmana yang baik dan buruk;Pantun Nasihat;Pantun Sukacita
2064;dongeng lama tentang kancil\nlomba lari dengan si rusa\nbelajar selalu di masa kecil\nsebagai bekal saat dewasa;Pantun Nasihat;Pantun Nasihat
2065;dopet kecil berwarna biru\nberukir cantik karya seniman\nberilah salam kepada guru\nitulah tanda anak budiman;Pantun Nasihat;Pantun Nasihat
2067;dua musim dalam setahun\nmusim banjir air melimpah\nuang kertas bukanlah daun\njangan dihambur seperti sampah;Pantun Nasihat;Pantun Nasihat
2068;Dua paya satu perigi\nSeekor bujuk anak haruan\nTuan di sana saya di sini\nBagai pungguk rindukan bulan;Pantun Nasihat;Pantun Kiasan
2069;dua pulau terpisah selat\nhujan turun sangat lebat\ndatang sekolah jangan telat\nitulah tanda murid yang hebat;Pantun Nasihat;Pantun Nasihat
2073;Dua tiga empat lima\nEnam tujuh delapan sembilan\nKita hidup tak akan lama\nJangan lupa siapkan bekalan;Pantun Nasihat;Pantun Nasihat
2074;dua tiga kucing berlari\nmana nak sama si kucing belang\ndua tiga boleh ku cari\nmanakan sama ayahku seorang;Pantun Nasihat;Pantun Kasih Sayang
2075;Dua tiga kucing berlari\nMana nak sama si kucing belang\nVirus baru namanya selsema babi\nAkibatnya banyak nyawa melayang;Pantun Nasihat;Pantun Dukacita
2076;dua tiga para nelayan\nberlayar ke laut mencari ikan\nindahnya sekolah menjadi kenangan\nakan kurindukan sepanjang zaman;Pantun Nasihat;Pantun Sukacita
2077;duduk bengong itu bukan merenung\nmata jelalatan seperti siluman\napa guna punya ilmu segunung\nkalau tidak pernah mau diamalkan;Pantun Nasihat;Pantun Nasihat
2080;duduk di atas kasur busa\nsambil menekuk kedua paha\nmenang kalah jangan memaksa\nyang penting sudah mau usaha;Pantun Nasihat;Pantun Nasihat
2081;duduk manis di bibir pantai\nlihat gadis aduhai jelita\nmasa muda kebanyakan santai\nsudah renta sulit bersantai ria;Pantun Nasihat;Pantun Nasihat
2083;duduk melamun bukan merenung\nmata melihat ekor siluman\napa guna ilmu segunung\nkalau tidak diamalkan;Pantun Nasihat;Pantun Nasihat
2084;duduk melamun di atas kursi\nbikin tape pakai ragi\nsaya sarapan dengan nasi\ndua piring ditambah lagi;Pantun Nasihat;Pantun Hiburan
2085;duduk melamun tuan raja\nmenatap lukisan ular naga\nhidup ini harus bekerja\nberupaya sekuat tenaga;Pantun Nasihat;Pantun Nasihat
2086;duduk santai di atas bangku\nsambil memandang bunga melati\nlama sudah kutunggutunggu\npuas sudah kunantinanti;Pantun Nasihat;Pantun Nasihat
2087;duduk santai di atas dipan\nsambil menunggu ibu bidan\npagi hari kita sarapan\nsupaya kuat sekujur badan;Pantun Nasihat;Pantun Nasihat
2088;duduk santai di atas kursi\nmenunggu penjual jamu keliling\nhari senin datang lagi\nsaatnya berpisah hai bantal guling;Pantun Nasihat;Pantun Nasihat
2093;duhai cantik anak wali kota\nparasnya menarik hati\nilmu itu sangat berguna\nuntuk itu harus kau cari;Pantun Nasihat;Pantun Nasihat
2095;duhai selasih janganlah tinggi\nkalaupun tinggi berdaun jangan\nduhai kekasih janganlah pergi\nkalaupun pergi bertahun jangan;Pantun Nasihat;Pantun Nasihat
2096;Duka tersentak renggut ceria\nSelaksa tanya bantah problema\nKetika jejak di sudut usia\nTersisa hanya sebuah nama;Pantun Nasihat;Pantun Nasihat
2100;durian mentah busuk sebelah\ndibelah dengan sebuah pahat\njalan kaki menuju sekolah\nuntuk menuntut ilmu bermanfaat;Pantun Nasihat;Pantun Nasihat
2103;ekonomi sedang sulit\nseadanya saat menjamu\nkamu jangan pelitpelit\njika untuk kedua orang tuamu;Pantun Nasihat;Pantun Nasihat
2105;elok adat karena dikaji\nelok kaji karena sunnah\nelok umat karena berbudi\nelok berbudi karena lillah;Pantun Nasihat;Pantun Agama
2106;elok berjalan kekandang belut\nbelutnya lepas datanglah sepat\nelok berbini penyanyi dangdut\nperut kenyang goyangan dapat;Pantun Nasihat;Pantun Hiburan
2107;elok budi karena ikhlas\nelok kerja karena niat\nelok kaji karena dibahas\nelok manusia karena syariat;Pantun Nasihat;Pantun Nasihat
2108;elok gerak tari serimpi\nmelayu punya tari zapin\nbadan kurus kurang nutrisi\nbisa diterbangkan oleh angin;Pantun Nasihat;Pantun Hiburan
2110;elok langkah karena pedoman\nelok laku karena beramal\nelok manusia karena beriman\nelok ilmu karena beramal;Pantun Nasihat;Pantun Nasihat
2111;elok namanya kota siantar\nbersih asri orangnya rukun\nwalau jumpa hanya sebentar\nkesan terpahat sepanjang tahun;Pantun Nasihat;Pantun Nasihat
2112;elok rupanya kumbang janti\ndibawa itik pulang petang\ntidak kata besar hati\nmelihat ibu sudah datang;Pantun Nasihat;Pantun Nasihat
2115;Emas perak intan suasa\nCantik bersinar cahaya berkilauan\nBiar berbeza agama dan bangsa\nMimpi bersama kukuhkan perpaduan;Pantun Nasihat;Pantun Nasihat
2116;emas perak tersimpan di rongga\nbanyak yang suka mutiara\nberbuat baik kepada tetangga\nniscaya diri banyak saudara;Pantun Nasihat;Pantun Nasihat
2117;emas tempawan buatmu puteri\nbusana indah buat rupawan\nsudilah tuan tampilkan diri\nbersama madah kata aluan;Pantun Nasihat;Pantun Kiasan
2120;Embun dini di pucuk padi\nBerkilau halus bagai permata\nJika adab menghiasi diri\nMulialah insan di mata dunia;Pantun Nasihat;Pantun Nasihat
2122;Embun halus di hujung lalang\nDisinari fajar nan menyingsing\nJika sabar menjadi tulang\nSegala payah tunduk mengiring;Pantun Nasihat;Pantun Nasihat
2123;Embun jatuh di atas rumput\nMengilap indah tersentuh cahaya\nJika iman jangan luput\nHidup tenteram sepanjang masa;Pantun Nasihat;Pantun Nasihat
2127;Embun menitis di daun sena\nDitiup bayu menjelang dini\nJika benar teguhlah kata\nJanji terpahat sampai ke mati;Pantun Nasihat;Pantun Nasihat
2131;Embun pagi di hujung daun\nBerkilau indah diterpa mentari\nJika waktu jangan melamun\nGunakan hari sebaiknya diri;Pantun Nasihat;Pantun Nasihat
2132;Embun pagi di hujung daun\nBerkilau indah kena cahaya\nJika waktu jangan melamun\nGunakan masa sebaiknya;Pantun Nasihat;Pantun Nasihat
2133;Embun pagi di hujung rumput\nBerkilau indah diterpa cahaya\nJika semangat jangan surut\nBangkit kembali walau terluka;Pantun Nasihat;Pantun Nasihat
2135;Embun pagi jatuh di daun\nDaun hijau tampak berseri\nBila tekad terus terbangun\nCita-cita mendekat sendiri;Pantun Nasihat;Pantun Nasihat
2136;Embun pagi jatuh ke bunga\nBunga segar tampak berseri\nJika niat tetap terjaga\nMasa depan cerah menanti;Pantun Nasihat;Pantun Nasihat
2137;Embun pagi jatuh perlahan\nBerkilau sebelum mentari tinggi\nJika rajin menanam kebaikan\nHasilnya kembali pada diri;Pantun Nasihat;Pantun Nasihat
2138;Embun pagi jatuh setitis\nMenyapa bunga di tepi jalan\nTutur santun wajah yang manis\nMenenangkan hati mengikat kawan;Pantun Nasihat;Pantun Nasihat
2140;Embun senja jatuh ke tanah\nBerkilau indah sebelum malam\nJika amal dijaga amanah\nBahagia hadir mendalam;Pantun Nasihat;Pantun Nasihat
2144;enak rasanya buah langsat\nsaat dimakan manis rasanya\nmari jaga badan sehat\nsehat kunci segalanya;Pantun Nasihat;Pantun Nasihat
2145;enak rasanya makan ketan\napalagi dimakan pakai tangan\nmungkin dia teman orangutan\nbuang sampah selalu sembarangan;Pantun Nasihat;Pantun Nasihat
2146;enak tidaknya satu masakan\ndapat diterka dari rasanya\nbaik buruknya seorang insan\nbisa dilihat dari tingkahnya;Pantun Nasihat;Pantun Nasihat
2151;engku nur membeli belah di pekan\nmembeli sirih dank kelapanya\njatah usia makin terkurangkan\nmarilah ingat kepadanya;Pantun Nasihat;Pantun Nasihat
2153;eratkan kursi dengan paku\nkayunya dari pohon beringin\nrinduku padamu takkan membeku\nmeski rabu ini begitu dingin;Pantun Nasihat;Pantun Nasihat
2154;erpental tinggi ke antariksa\nbumi tampak kecil dari atas sana\nkita boleh terkena bencana\ntapi jangan lupa belajar membaca;Pantun Nasihat;Pantun Nasihat
2155;es doger rasanya segar\nbuat cemilan makan telur asin\nadik manis cepatlah besar\nbiar segera abang nikahin;Pantun Nasihat;Pantun Kasih Sayang
2158;gadis aceh berhati gundah\nmenanti teruna menghulur tepak\ngula manis sirih menyembah\nadat dijunjung di pinggir tidak;Pantun Nasihat;Pantun Kiasan
2161;gadis cantik membawa belati\nbelati dibawa bersama peti\njangan suka bersedih hati\nwalau perpisahan menghampiri;Pantun Nasihat;Pantun Nasihat
2163;gadis desa sering dipingit\nmaka tak kenal si hidung belang\ngantungkan citacita setinggi langit\nlalu gapai dengan berjuang;Pantun Nasihat;Pantun Nasihat
2164;Gadis kecil kuning langsat\nTubuhnya sintal dan singsat\nHidup ini hanya sesaat\nJauhkan diri dari yang sesat;Pantun Nasihat;Pantun Nasihat
2165;gadis manis kuning langsat\nmemintal kain membuat bantal\nhidup di dunia hanya sesaat\ngunakan waktu untuk beramal;Pantun Nasihat;Pantun Nasihat
2166;gadis manis pakai kebaya\nwarna biru motif serupa\njika kelak sudah berjaya\nbapak guru jangan dilupa;Pantun Nasihat;Pantun Nasihat
2167;gajah besar berwarna abuabu\nlari ketakutan dikejar ular\njika ingin punya banyak ilmu\nmaka harus rajin dalam belajar;Pantun Nasihat;Pantun Nasihat
2168;gajah perang melawan gajah\nseekor pelanduk mati di tengah\njika kau tidak masuk sekolah\nayah bunda pastilah resah;Pantun Nasihat;Pantun Nasihat
2169;gajah sirkus sedang dilatih\ndilatih pelan oleh yang punya\njanganlah engkau bersedih\nsedih itu tiada gunanya;Pantun Nasihat;Pantun Nasihat
2170;galah besar bergalah kecil\ngalah kecil kita lapisi\nsalah besar kita perkecil\nsalah kecil kita habisi;Pantun Nasihat;Pantun Nasihat
2174;gatal di kulit terkena kadas\nsembuh karena makan pepes\njika merasa kurang cerdas\nbelajarlah tekun pasti sukses;Pantun Nasihat;Pantun Nasihat
2178;gelas seloki ada airnya\ngadis manis tolong pinangkan\ncari rezeki cari berkahnya\nwalau sedikit menenangkan;Pantun Nasihat;Pantun Nasihat
2181;Gendang dipalu bertalu-talu\nTari zapin di balai desa\nJika hidup mahu bersatu\nJaga rukun sesama bangsa;Pantun Nasihat;Pantun Nasihat
2182;gerbangnya belum di buka\nsaat mereka pinjam buku\njangan dengerin mereka\npercayalah cuma kamu kekasihku;Pantun Nasihat;Pantun Kasih Sayang
2183;gersang nian bukit cadas\ndahan pohon usai dipangkas\njadilah murid yang cerdas\nselalu kerjakan tiap tugas;Pantun Nasihat;Pantun Nasihat
2184;gesek biola tiup serunai\nsayu dara berhati walang\nputih mata si burung punai\nkayu ara ditunggu hilang;Pantun Nasihat;Pantun Nasihat
2185;Gesek rebab petik kecapi\nBurung tempua membuat sarang\nApa sebab jadi begini\nKaram berdua basah seorang;Pantun Nasihat;Pantun Kiasan
2188;gigi taring seperti macan\ntajam menggigit sakit sekali\npergi ke taman untuk kencan\nkencan bareng lelaki berdasi;Pantun Nasihat;Pantun Nasihat
2189;gudeg dari yogyakarta\nempekempek dari palembang\ntutur kata harus kita jaga\nbertingkah laku jangan sembarang;Pantun Nasihat;Pantun Nasihat
2190;gudeg manggar di yogyakarta\nterbuat dari buah kelapa\nhidup jangan berputus asa\nharapan harus terus dijaga;Pantun Nasihat;Pantun Nasihat
2192;gula jawa gula batu\nboleh beli di pasar baru\nhormatilah seorang ibu\nagar hidupmu tak mengalami semu;Pantun Nasihat;Pantun Nasihat
2193;gula pasir gula jawa\ndiminum bersama es kelapa\njika dikau bijaksana\napa binatang nan banyak kakinya;Pantun Nasihat;Pantun Hiburan
2195;gulai hangat di kuali\nsudah dingin di mangkuk gelas\nguruku sangat baik sekali\nrindu ingin duduk di kelas;Pantun Nasihat;Pantun Sukacita
2196;gulai pisang sambal belacan\nsarapan pagi hidangan terkini\nandai siang bakal hujan\nangan jadi harapan basi;Pantun Nasihat;Pantun Kiasan
2197;Gulai umbut pucuk paku\nNasi terletak di muka pintu\nLemah lembut puteri Melayu\nBijak memasak menjahit baju;Pantun Nasihat;Pantun Kiasan
2198;gulali manis dirasa\ndiraba sambil bersukaria\nteratur lah dalam berpuasa\nkau kan rasakan manfaatnya;Pantun Nasihat;Pantun Nasihat
2199;gunakan pisau yang sudah diasah\nmasaklah daging yang sudah di cacah\nbelajar sungguh sungguh tak kenal lelah\ndi akhir masa dapat banyak faedah;Pantun Nasihat;Pantun Nasihat
2204;gunung ciremai mengesankan\nbanyak tergambar dalam lukisan\nbelajar itu kadang membosankan\nbosan itu satu rintangan;Pantun Nasihat;Pantun Nasihat
2205;Gunung daik berdiri kukuh\nAwan putih menyentuh puncak\nJika tekad sudah sungguh\nJangan mudah goyah dan retak;Pantun Nasihat;Pantun Nasihat
2206;Gunung hijau dipagari awan\nSungai mengalir di kaki bukit\nJika ingin capai tujuan\nBersabar hati walau sedikit;Pantun Nasihat;Pantun Nasihat
2207;Gunung hijau tampak permai\nAwan tipis menyentuh puncak\nJika hidup ingin damai\nJangan iri jangan tamak;Pantun Nasihat;Pantun Nasihat
2208;gunung jati anak rara santang\ndicintai juga disayang\nwalau banyak godaan datang\nteguh hatiku tak pernah goyang;Pantun Nasihat;Pantun Nasihat
2210;gunung merapi tumbuh salak\npagi pagi membuat kolak\nterkenang guru yang sangat galak\nrupanya agar aku mempunyai akhlak;Pantun Nasihat;Pantun Nasihat
2212;Gunung tinggi berkabut putih\nBurung terbang melintas awan\nJika hidup ingin bersih\nSucikan niat dalam perbuatan;Pantun Nasihat;Pantun Nasihat
2213;Gunung tinggi diselimuti kabut\nAir terjun jatuh ke batu\nJika hidup tak mahu surut\nTerus berusaha tanpa jemu;Pantun Nasihat;Pantun Nasihat
2215;guru dan murid duduk bersahaja\nmembuka lembaran cerita agama\nhidup didunia tidak berguna\nkarena ilmu dia tak berpunya;Pantun Nasihat;Pantun Nasihat
2219;habis manis sepah dibuang\nhabis gelap terbitlah terang\nhabis uang jadilah ngutang\ntak sanggup bayar motor melayang;Pantun Nasihat;Pantun Nasihat
2221;habis sholat jangan lupa doa\nuntuk ayah dan juga bunda\nsejak kecil jadilah bertaqwa\nketika besar dekat dengannya;Pantun Nasihat;Pantun Nasihat
2224;Halia ini tanam tanaman\nKe barat juga akan condongnya\nDunia ini pinjam pinjaman\nAkhirat juga akan sungguhnya;Pantun Nasihat;Pantun Nasihat
2225;halo siapa sih namamu\nyang selalu duduk dibangku depan\nbersungguhsungguh menuntut ilmu\nkarena ilmu penerang kehidupan;Pantun Nasihat;Pantun Nasihat
2228;harapkan untung menggamit\nkain dibadan didedahkan\nharapkan guruh dilangit\nair tempayan dicurahkan;Pantun Nasihat;Pantun Nasihat
2230;harga cabe lagi murah\nbeli juga buah kelapa\njadi cewek jangan suka marah\nkalau suka marah cepat tua;Pantun Nasihat;Pantun Nasihat
2231;harga mangga sembilan ribu\nditambah pula beli apel merah\njika ingin disayang ibu\njangan sering buatnya marah;Pantun Nasihat;Pantun Nasihat
2232;harga tiket berbeda tarif\nnonton di bioskop bersama istri\nkeep spirit dan berpikir positif\ndi selasa pagi yang cerah ini;Pantun Nasihat;Pantun Nasihat
2233;harganya tak boleh di tawar\nsaat membeli bunga mawar\naku bukanlah pemberi mawar\naku ini adalah pejuang mahar;Pantun Nasihat;Pantun Nasihat
2234;hari cerah langit biru\npergi ke hutan berburu rusa\ndirgahayu indonesia ku\ntetap semangat dan merdeka;Pantun Nasihat;Pantun Nasihat
2236;hari gelap lampu padam\nsinar lilin terang temaram\njangan suka menaruh dendam\norang dendam tak pernah tentram;Pantun Nasihat;Pantun Nasihat
2238;hari hujan berangkat sekolah\nbertudung dengan daun talas\nmeski kita akan berpisah\njasa guru takkan terbalas;Pantun Nasihat;Pantun Nasihat
2239;hari hujan jalannya basah\nburung hingga di atas meja\njangan suka berkeluh kesah\nlebih baik fokus bekerja;Pantun Nasihat;Pantun Nasihat
2240;hari hujan makan talas\nperahu besar belum berlabuh\nkalau sudah di dalam kelas\ndengarkan guru jangan bergaduh;Pantun Nasihat;Pantun Nasihat
2243;Hari ini hujan deras sekali\nHujannya ditemani petir dan kilat\nJika kamu memiliki mimpi\nHarus belajar dengan giat;Pantun Nasihat;Pantun Nasihat
2244;hari ini kita bersama\nmencari ilmu di sekolah\ntiga tahun kita bersama\nhari ini semua kan berpisah;Pantun Nasihat;Pantun Nasihat
2245;hari ini menjual jagung\nhari esok menjual jelai\nhari ini kita berkampung\nhari esok kita bercerai;Pantun Nasihat;Pantun Kiasan
2246;Hari jumat hujan lebat\nAwan mendung hitam pekat\nRayuanmu sungguh hebat\nMampu membuatku terpikat;Pantun Nasihat;Pantun Kasih Sayang
2247;hari jumat kedatangan tamu\nsuguhkan mereka goreng kacang\nsemenjak semesta menghadirkanmu\ndunia yang gelap menjadi terang;Pantun Nasihat;Pantun Kasih Sayang
2249;hari lebaran pakaian baru\ndibeli dengan uang tabungan\nistirahat kerja di hari minggu\nmenghabiskan hari bersama teman;Pantun Nasihat;Pantun Nasihat
2250;hari libur bangun pagipagi\nuntuk segera pergi membabat\nultah mah ultah aja sendiri\nyang ada malah usia makin singkat;Pantun Nasihat;Pantun Hiburan
2256;hari mendung sediakan payung\nagar tidak dibasahi hujan\nmeski pagi ini cuaca mendung\ntetap semangat buatmu kawan;Pantun Nasihat;Pantun Nasihat
2258;hari minggu bangun pagi\nsarapan roti dan air kopi\njawablah pertanyaanku ini\nbinatang apa tanduknya di kaki;Pantun Nasihat;Pantun Hiburan
2259;hari minggu bangun pagi\nuntuk mencuci tas dan pakaian\nsekolah adalah jembatan diri\ndalam perjalanan meraih impian;Pantun Nasihat;Pantun Nasihat
2260;hari minggu berjalan santai\nmenuju pusat kota kendari\nsebelum presentasi dimulai\nizinkan saya memperkenalkan diri;Pantun Nasihat;Pantun Sosial Budaya
2261;hari minggu cuacanya indah\nberlibur yang tepat di hari minggu\nbapak guru yang terlihat gagah\nsalam hormat kami untukmu;Pantun Nasihat;Pantun Nasihat
2262;hari minggu cuci sepatu\nsepatu dijemur di pagi hari\nsampai jumpa di lain waktu\nsalam pembuka mempertemukan lagi;Pantun Nasihat;Pantun Nasihat
2266;hari minggu menjemur kain\nsetelah itu pergi membabat\njangan terlalu banyak main\nkarena tubuh perlu istirahat;Pantun Nasihat;Pantun Nasihat
2267;Hari minggu pergi berburu\nBerburu rusa bersama teman\nAnak baik hormati guru\nItu namanya murid budiman;Pantun Nasihat;Pantun Nasihat
2269;hari minggu pergi ke pasar\nbeli sayur dan juga beras\ntiap hari harus belajar\npasti akan menjadi cerdas;Pantun Nasihat;Pantun Nasihat
2271;hari minggu sudah siang\nsetelah siang menuju petang\nditunggutunggu tidak datang\nsekali datang menagih utang;Pantun Nasihat;Pantun Nasihat
2272;hari minggu sudahlah siang\nsetelah siang menuju petang\nditunggu tunggu gak juga datang\nsekali datang kok nagih utang;Pantun Nasihat;Pantun Nasihat
2273;hari panas anak mimisan\nperut lapar makan ketan\nsiapa pandai menjaga lisan\nniscaya selamat seluruh badan;Pantun Nasihat;Pantun Nasihat
2274;hari panas badannya gerah\ntetap bekerja meskipun lelah\nmasa depanmu akan cerah\njika belajar rajin di sekolah;Pantun Nasihat;Pantun Nasihat
2275;hari panas jangan ke laut\nkalau ke laut kapal terhalang\nhati panas jangan diturut\nkalau diturut akal pun hilang;Pantun Nasihat;Pantun Nasihat
2276;hari panas makan tebu\nmelihat sungai duduk di batu\nbetapa hebat perjuangan ibu\nmendidikmu sepanjang waktu;Pantun Nasihat;Pantun Nasihat
2277;hari panas matahari menyengat\nanak kecil bermain layanglayang\nmenjalani hidup dengan semangat\nagar masa depan terang benderang;Pantun Nasihat;Pantun Nasihat
2278;Hari panas mencucuk benang\nBenang menjahit baju kebaya\nAir jernih lubuknya tenang\nJangan disangka tiada buaya;Pantun Nasihat;Pantun Nasihat
2280;hari panas minum selasih\nsayang sedang sakit gigi\njika rumah selalu bersih\nkuman bakteri akan pergi;Pantun Nasihat;Pantun Nasihat
2281;hari panas sangat dahaga\ningin membeli es puter\njika ditanya citacita\naku ingin menjadi dokter;Pantun Nasihat;Pantun Nasihat
2282;Hari panas terik mentari\nHujan turun tidak diramal\nTeknologi maklumat era terkini\nRevolusi global mula diperkenal;Pantun Nasihat;Pantun Kiasan
2284;hari raya banyak bendera\nbendera berkibar aneka rupa\ndunia ini hanya sementara\nmau tak mau kan mati jua;Pantun Nasihat;Pantun Nasihat
2285;hari raya kami makan ketupat\ntak lupa minum the poci\nkalau mau ditinggikan derajat\nmilikilah iman dan ilmu di hati;Pantun Nasihat;Pantun Nasihat
2286;hari raya makan ayam bakar\nperut kenyang hatiku gembira\ncontoh ciri orang yang pintar\nmereka yang baik akhlaknya;Pantun Nasihat;Pantun Nasihat
2287;hari raya makan ketupat\nrumah kampung di pedalaman\ndimana ilmu hendak didapat\npada guru yang berpengalaman;Pantun Nasihat;Pantun Nasihat
2289;hari raya masak ketupat\nmasak ayam dada dan paha\nilmu tidak mungkin didapat\nbila badan berlehaleha;Pantun Nasihat;Pantun Nasihat
2291;hari raya pakai baju baru\nbanyak datang para tamu\ndengarkan apa perintah guru\nsupaya pandai jadi milikmu;Pantun Nasihat;Pantun Nasihat
2301;hari yang panas amat teriknya\ntanah merah debu beterbangan\nanak malas buruk tabiatnya\ntidak malu diri ketinggalan;Pantun Nasihat;Pantun Nasihat
2306;harum mewangi si bunga melati\nsemerbak mekar di taman bunga\nbelajarlah terus hingga nanti\nikuti semua alur dan prosesnya;Pantun Nasihat;Pantun Nasihat
2307;harum sekali mangga kueni\npetik langsung dari dahan\ntemanteman semua berani\nloncat ke danau basahbasahan;Pantun Nasihat;Pantun Nasihat
2309;harum sungguh bunga kamboja\nbunga karangan cantik tersemat\njanganlah membaca kulit sahaja\nteliti lah kandungan sehingga tamat;Pantun Nasihat;Pantun Nasihat
2313;hati baik tiada dengki\npadi tua jadi jerami\nsiapa ingin banyak rezeki\nmari sambung silaturahmi;Pantun Nasihat;Pantun Nasihat
2314;hati begitu sedih rasanya\nkarena kita akan berpisah\njangan lupakan kisah kita\nyang tercipta selama sekolah;Pantun Nasihat;Pantun Nasihat
2318;hati senang senyum ceria\nberdendang bernyanyi sepanjang hari\nindonesia bumi yang kaya\nmelimpah ruah hasil alam negeri;Pantun Nasihat;Pantun Nasihat
2319;Hati tertekan curam bahagia\nHidup sirnalah membentuk lara\nAbadi bukanlah di dalam dunia\nHidup hanyalah tuk sementara;Pantun Nasihat;Pantun Nasihat
2320;hatihati jangan menginjak paku\npaku terinjak sakit rasanya\nada perawan tetanggaku\npilih yang bawa sedan walaupun tua;Pantun Nasihat;Pantun Kiasan
2321;hatihati kalau meludah\njangan sampai kena sepatu orang\nminta maaf itu memang mudah\ntapi tak guna jika masih diulang;Pantun Nasihat;Pantun Nasihat
2322;hatihati main di taman\ntaman banyak kumbang lebahnya\nhatihati dalam berteman\npilih teman berakhlak mulia;Pantun Nasihat;Pantun Nasihat
2323;hatihati membawa barang\njangan sampai isinya tumpah\nhatihati di negeri seberang\njangan sampai berbuat salah;Pantun Nasihat;Pantun Nasihat
2332;Hendak dulang diberi dulang\nDulang berisi sagu mentah\nHendak pulang ku beri pulang\nTinggalkan pantun barang sepatah;Pantun Nasihat;Pantun Nasihat
2333;Hendak gugur gugurlah nangka\nJangan ditimpa si ranting pauh\nHendak tidur tidurlah mata\nJangan dikenang orang yang jauh;Pantun Nasihat;Pantun Nasihat
2334;Hendak gugur gugurlah nangka\nJangan menimpa putik pauh\nHendak tidur tidurlah mata\nJangan mengenang si dia yang jauh;Pantun Nasihat;Pantun Nasihat
2336;hendak menebang nibung berduri\ndibuat pagar tepi perigi\npantun dikarang melepas diri\nentahkan bila berjumpa lagi;Pantun Nasihat;Pantun Kiasan
2340;hewan berpunuk unta namanya\ntinggal di arab dengan hebatnya\npahlawan tanpa tanda jasa\nnamamu akan menjadi cerita;Pantun Nasihat;Pantun Sukacita
2341;hewan jerapah lehern ramping\nhewan gajah besar badan\nkerjakan dulu yang pentingpenting\nyang lainnya bisa belakangan;Pantun Nasihat;Pantun Nasihat
2344;hidup aman di dalam kota\nada pemimpin bernama raja\nburuhburuh rajin bekerja\naskar bertugas setiap masa;Pantun Nasihat;Pantun Nasihat
2347;hidup di dunia tidak akan lama\nke akhirat lah tempat berpulang\nrendah hatilah pada sesama\nniscaya diri akan disayang;Pantun Nasihat;Pantun Nasihat
2348;hidup ini penuh pancaroba\nbagai musim empat kejadian\nsekrup jadi rapuh binasa\nsampai ekstrim sempat karatan;Pantun Nasihat;Pantun Kiasan
2351;hidup senang karena iman\nnafsu maksiat bakal terkekang\nbagaimana disebut teman\ndia menusuk dari belakang;Pantun Nasihat;Pantun Kiasan
2352;hidup tenang di dalam desa\npunya pemimpin jumlahnya satu\nburuhburuh rajin bekerja\naskar bertugas setiap waktu;Pantun Nasihat;Pantun Nasihat
2353;hidup tentram di dalam gua\npunya raja jumlahnya cuma satu\npara buruh rajin bekerja\npantang menyerah itulah aku;Pantun Nasihat;Pantun Nasihat
2356;hilang kancil pergi ke mana\nkancil pergi ke dalam gua\ngalau hati gundah gulana\nsaat harus memilih antara dua;Pantun Nasihat;Pantun Nasihat
2358;hilir lorong mudik lorong\nbertongkat batang temberau\nbukan saya berkata bohong\nkatak memikul paha kerbau;Pantun Nasihat;Pantun Hiburan
2359;hilir rakit berkajang kain\ndimana teluk singgah bertimba\nniatku tidak pada yang lain\nadinda seorang tidaklah dua;Pantun Nasihat;Pantun Nasihat
2360;hindari bermain di semak belukar\nwaspada ular akan memangsa\ngigih dan rajin kami belajar\nsupaya pintar serta bijaksana;Pantun Nasihat;Pantun Nasihat
2361;hingga singgah dalam sekejap mata\nmenangkap ikan di ujung rawa\nkuat gagah insan manusia\nsaat taklukan bisikan hawa;Pantun Nasihat;Pantun Nasihat
2362;Hitam manggis putih isinya\nBerbatu jauh bau cempedak\nBerbuat baik sesama manusia\nJanganlah kita tolak-menolak;Pantun Nasihat;Pantun Nasihat
2363;hitam manis cucu beta\nsenyumnya menawan rasa\nanak baik tak pernah lupa\nberibadah kepada sang kuasa;Pantun Nasihat;Pantun Nasihat
2364;hitam putih warna keledai\nduduk bersila di atas dipan\nrajin belajar pangkal pandai\nitulah kunci dalam kehidupan;Pantun Nasihat;Pantun Nasihat
2365;hitam putih warna panda\nhujan gerimis belum reda\ngadis manis memang menggoda\napalagi emaknya masih janda;Pantun Nasihat;Pantun Nasihat
2366;hitam warna batu nisan\njangan sembarang diletakan\nhatihati dengan lisan\njangan mengucap yang menyakitkan;Pantun Nasihat;Pantun Nasihat
2367;hitam warna burung gagak\nburung kecil sangat pintar\nkakinya satu berdiri tegak\nkepala besar suka berputar;Pantun Nasihat;Pantun Nasihat
2371;hormatilah siapapun gurumu\nagar ilmu menjadi bermanfaat\ngiatlahlah dalam mencari ilmu\nagar kau jadi bermartabat;Pantun Nasihat;Pantun Nasihat
2372;huja malam turun perlahan\njalan basah memantulkan lampu\nalam menjaga dalam kesunyian\nmenghapus resah yang membeku;Pantun Nasihat;Pantun Nasihat
2373;hujan angin tak jadi pergi\nhujan reda pergi ke pantai\ndi sekolah jangan berkelahi\njika berkelahi tak jadi pandai;Pantun Nasihat;Pantun Nasihat
2374;hujan berhenti angin berlalu\nterang kembali langit biru\njangan suka malumalu\nkalau diperintah oleh guru;Pantun Nasihat;Pantun Nasihat
2376;hujan dan petir menggelegar\nkilat terang menyambarnyambar\nmeskipun tanggung jawabmu besar\naku wanita penunggu yang sabar;Pantun Nasihat;Pantun Nasihat
2378;hujan deras di siang hari\npulang ke rumah memakai payung\npergi sekolah di pagi hari\nuntuk belajar ilmu hitung;Pantun Nasihat;Pantun Nasihat
2382;hujan gerimis deraslah amat\nada kilat bertabrakan\nhari kamis malam jumat\nyang mau kumat dipersilahkan;Pantun Nasihat;Pantun Hiburan
2383;hujan gerimis di kota singapur\nsepeda jatuh tersandung batu\njangan menangis di atas kasur\nnanti kasurnya banyak kutu;Pantun Nasihat;Pantun Hiburan
2384;Hujan gerimis membasuh bumi\nDaun kering gugur perlahan\nJika ikhlas menyinari diri\nSegala payah jadi kemudahan;Pantun Nasihat;Pantun Nasihat
2385;Hujan gerimis menyiram huma\nSawah menghijau berpetak-petak\nIlmu diwaris jangan dipersenda\nAkal dijaga janganlah rosak;Pantun Nasihat;Pantun Kiasan
2386;hujan gerimis rintikrintik\nmenerpa atap dari bambu\nguru yang mengajar sungguh cantik\nmenambah semangat menuntut ilmu;Pantun Nasihat;Pantun Sukacita
2387;hujan lebat akhir januari\nmemekarkan bunga di sekitaran\njangan malas belajar setiap hari\nsejak buaian sampai ke kuburan;Pantun Nasihat;Pantun Nasihat
2391;hujan lebat di sore selasa\npelangi hadir saat hujan reda\nmelatih diri dengan pramuka\njadilah anak yang berguna;Pantun Nasihat;Pantun Nasihat
2394;hujan malam turun perlahan\ncahaya lampu memantul jalan\nalam menjaga dalam keheningan\nmenyimpan damai dalam kegelapan;Pantun Nasihat;Pantun Nasihat
2395;hujan pun turun di januari\nmembuat banjir di sekitaran\nkita belajar sepanjang hari\ndari buaian sampai kuburan;Pantun Nasihat;Pantun Nasihat
2396;Hujan rahmat membasahi bumi\nTanah subur tumbuhlah padi\nJika ikhlas memenuhi diri\nDatang berkat tak disedari;Pantun Nasihat;Pantun Nasihat
2397;hujan reda langitnya cerah\npelangi muncul alangkah indah\njangan menyerah karena lelah\nkarena impianmu amatlah indah;Pantun Nasihat;Pantun Nasihat
2398;Hujan renyai membasahi padi\nPetani tersenyum hasil dilihat\nJika berilmu rendahkan diri\nAgar dihormat sepanjang hayat;Pantun Nasihat;Pantun Nasihat
2399;Hujan renyai membasuh bumi\nDaun kering luruh berganti\nJika gagal jangan berhenti\nCuba lagi dengan tekad murni;Pantun Nasihat;Pantun Nasihat
2401;Hujan rintik menyapa bumi\nMenyubur tanah ladang pusaka\nJika ilmu mengisi diri\nTajam akal bercahaya mata;Pantun Nasihat;Pantun Nasihat
2405;hujan turun bulan januari\nmembuat banjir di sekitaran\nmari belajar sepanjang hari\ndari buaian hingga kuburan;Pantun Nasihat;Pantun Nasihat
2406;hujan turun di sore hari\nsetelah reda muncul pelangi\nterimakasih sudah berbagi\nsebagai teman selama ini;Pantun Nasihat;Pantun Nasihat
2412;hujan turun mulai pagi\nmembuat banjir tak terhindarkan\nmari belajar sepanjang hari\ndari buaian hingga ke kuburan;Pantun Nasihat;Pantun Nasihat
2413;hujan turun rintikrintik\nduduk berdua di teras rumah\ningin punya cewek cantik\nsyaratnya rumah dan mobil mewah;Pantun Nasihat;Pantun Hiburan
2414;hujan turun rintikrintik\nduduk santai di teras rumah\nkalau ingin punya cewek cantik\nsyaratnya mobil dan rumah mewah;Pantun Nasihat;Pantun Hiburan
2416;hujan turun sangat sedikit\nsudah duduk lalu bangkit\nlingkungan kotor banyak penyakit\npenyakit datang selalu menjangkit;Pantun Nasihat;Pantun Nasihat
2419;hutan bakau menjadi taman\nagar pantai tiada hancur\njika engkau ingin berteman\njauhkan dusta besarkan jujur;Pantun Nasihat;Pantun Nasihat
2420;hutan hijau bernaung salju\ncahaya jatuh di sela ranting\ncintamu teduh memeluk hatiku\ndisaat dunia terasa asing;Pantun Nasihat;Pantun Kasih Sayang
2421;hutan hijau mesti lestari\nwarisan untuk cucu nanti\nberteman dengan bijak bestari\nbelajar hikmah kehidupan ini;Pantun Nasihat;Pantun Nasihat
2423;hutan rimba tumbuh lebat\nkarena sering diguyur hujan\njadilah kakak yang hebat\nagar kelak jadi tauladan;Pantun Nasihat;Pantun Nasihat
2424;hutanpinus beraroma tanah\ndaun kering jatuh perlahan\nalam mengajarkan arti pasrah\npada siklus yang tak tertahan;Pantun Nasihat;Pantun Kiasan
2426;Ibu dan ayah pergi ke pasar\nMembeli buah dan juga beras\nDi sekolah rajinlah belajar\nAgar dewasa jadi orang cerdas;Pantun Nasihat;Pantun Nasihat
2428;ibu marni jahit pakaian\ngunting lipatan dengan kain\nmelalui kata kusampaikan\nmohon maaf lahir dan batin;Pantun Nasihat;Pantun Nasihat
2429;ibu memakai sebuah gelang\nperut lapar segera makan\nlima waktu janganlah hilang\ndimanapun selalu tunaikan;Pantun Nasihat;Pantun Nasihat
2430;ibu memasak asapnya ngepul\nkeluarkan asap dari jendela\nsemua kawan mari berkumpul\nwaktu berbuka hampir tiba;Pantun Nasihat;Pantun Nasihat
2433;ibu menjahit baju busana\nsimpan jarum dalam leci\nkini malam telah tiba\nbesok kita ukir kisah lagi;Pantun Nasihat;Pantun Nasihat
2434;ibu nak jahit kain menjadi baju\nbukan nak kafani jenazah\npergi ke sekolah nak cari ilmu\nbukan sekedar nak cari ijazah;Pantun Nasihat;Pantun Nasihat
2438;ibu rina jualan jamu\njualannya pakai sepeda\naku ingin sekali bertemu\nwalau hanya sedetik saja;Pantun Nasihat;Pantun Kasih Sayang
2439;ibu sedang membeli sebotol jamu\nuntuk saudaranya di kota mataram\nsapalah orang disekitarmu\nagar tak terjadi salah paham;Pantun Nasihat;Pantun Nasihat
2445;ikan belanak masih merah\ndalam plastik ia dibawa\njadi anak jangan pemarah\nkalau pemarah lekas tua;Pantun Nasihat;Pantun Nasihat
2449;ikan blanak sekarang murah\ndijual ke pasar seekor dua\nwahai anak jangan pemarah\nkalau marah lekas tua;Pantun Nasihat;Pantun Nasihat
2454;ikan mabuk terkena tuba\nambil ketika tuba mendera\njika petang sudah tiba\npulang ke rumah dengan segera;Pantun Nasihat;Pantun Nasihat
2455;ikan matang di atas garangan\nbaca buku baca quran\nbersamasama menjaga lingkungan\nbersih dari segala kotoran;Pantun Nasihat;Pantun Nasihat
2456;ikan mujair dalam kolam\ndia pintar pandai melompat\nsiang telah berganti malam\nsemoga sahabat selalu sehat;Pantun Nasihat;Pantun Nasihat
2457;ikan mujair dalam kolam\nsungguh indah dan mahal harganya\nkerja siang hingga malam\ndemi menggapai citacita;Pantun Nasihat;Pantun Nasihat
2458;ikan nila berpindah kolam\nmencari kawan namanya tiram\njika ilmu semakin dalam\njiwa berani hatinya tentram;Pantun Nasihat;Pantun Nasihat
2460;ikan panggang diambil tikus\nkabur ia ke kolong parit\njika enggan cermat serta serius\nmenjadi cerdas amatlah sulit;Pantun Nasihat;Pantun Nasihat
2461;ikan pari loncat ke selokan\nbisabisa mati kurang makan\ndidik diri jadi dermawan\nsedekah jariah sebagai bekalan;Pantun Nasihat;Pantun Nasihat
2464;ikan sepat dalam pemilar\nambil jambu pakai gantar\nilmu didapat dengan belajar\nsemakin belajar semakin pintar;Pantun Nasihat;Pantun Nasihat
2467;Ikan siakap ikan berduri\nBoleh dimasak dengan kari\nJika sikap suka mencuri\nNanti hidup akan dibenci;Pantun Nasihat;Pantun Nasihat
2468;Ikan siakap ikan tenggiri\nDikejar tuntung ke bawah rakit\nRajin dan cekap pengendalian diri\nMengapa untung tidak membukit;Pantun Nasihat;Pantun Nasihat
2469;ikan tak hanya bisa dipepes\ntapi juga bisa dibakar\njika kamu akan menghadapi tes\njangan lupa untuk belajar;Pantun Nasihat;Pantun Nasihat
2470;Ikan tenggiri di atas papan\nDipotong rapi oleh nelayan\nJika hidup mahu aman\nJangan lupa pada kawan;Pantun Nasihat;Pantun Nasihat
2471;ikan teri dimakan buaya\nbuaya satu terinya seribu\nbelajarlah meraih citacita\nmembuat bangga ayah dan ibu;Pantun Nasihat;Pantun Nasihat
2472;ikat jembatan dengan kuat\nagar tak hanyut ke dalam parit\nkalau ingin tau nikmatnya sehat\ndapat dirasa ketika sakit;Pantun Nasihat;Pantun Nasihat
2473;ikat kursi dengan rotan\nkarena kayunya sudah tua\nselamat bertemu malam kawan\nsemoga selalu dalam lindungannya;Pantun Nasihat;Pantun Nasihat
2475;ikatlah tali dengan kuat\nagar sapi qurban bisa disembelih\nbelajar main rajin dan giat\nkala lingkungan sekolah sangat bersih;Pantun Nasihat;Pantun Nasihat
2476;ikut nahkoda naik perahu\npergi berlayar ke pulau seribu\nbukan menggoda atau merayu\ntapi kenyataannya memang begitu;Pantun Nasihat;Pantun Kasih Sayang
2477;ikut upacara pagi hari\nbarisberbaris dengan teratur\nsuka keluar malam hari\nkalau siang malah tidur;Pantun Nasihat;Pantun Hiburan
2478;ilmu insan setitik embun\ntiada umat sepandai nabi\nkala nyawa tinggal diubun\nturutlah ilmu insan nan mati;Pantun Nasihat;Pantun Nasihat
2481;indah bunga di tengah taman\njemur baju jemur kain\nke sekolah banyak teman\nselain belajar kita bermain;Pantun Nasihat;Pantun Nasihat
2482;indah laut indah karang\nindah karang ikan berlabuh\njangan suka sering begadang\nkarena dapat merusak tubuh;Pantun Nasihat;Pantun Nasihat
2491;indah sungguh bunga di taman\ndisusun orang buat ucapan\ningin kuselam hatimu teman\nbegitu sukarnya mencari jawaban;Pantun Nasihat;Pantun Kasih Sayang
2492;Indah sungguh pohon gaharu\nBaunya wangi sewangi kasturi\nInternet pengacau generasi baru\nBagaimana mungkin jadi begini;Pantun Nasihat;Pantun Nasihat
2493;indah wajahnya beralis tebal\njalan berlenggang kaki pun pegal\ndunia hanya sebagai bekal\nmulai sekarang kerjakan amal;Pantun Nasihat;Pantun Nasihat
2495;indahnya lautan dalam alunan\nmenyapa kita seolah nyata\njangan engkau memberi harapan\njika hanya bisa berdusta;Pantun Nasihat;Pantun Nasihat
2496;indonesia beragam budaya\nbanyak suku bangsa dan adat\ndari rabu ke rabu berikutnya\nsekali sahabat tetaplah sahabat;Pantun Nasihat;Pantun Nasihat
2498;indramayu kota mangga\nmangga matang enak rasanya\nalam sekitar kotor tak terjaga\nhidup terancam banyak bahaya;Pantun Nasihat;Pantun Nasihat
2499;induk ayam masuk ke kandang\nsenja datang menuju malam\nkanda jemput adik di seberang\nwalau raga harus tenggelam;Pantun Nasihat;Pantun Kasih Sayang
2500;induk kucing bermain sapu\nanak kucing tertidur pulas\nisilah cerita masa mudamu\ndengan mencari wawasan luas;Pantun Nasihat;Pantun Nasihat
2501;Induk ngengat membuat kesal\nKayu sebatang pecah pinggirnya\nTidak mengingat asal muasal\nBagai kacang lupa kulitnya;Pantun Nasihat;Pantun Kiasan
2502;ingat dongeng batu belah\ntelur tua sudah menetas\nbelajar jangan merasa lelah\nilmu luas tiada batas;Pantun Nasihat;Pantun Nasihat
2503;ingin rasa memakan kari\nkari cendawan batang keladi\ngirang rasa tidak terperi\nbertemu tuan yang baik budi;Pantun Nasihat;Pantun Nasihat
2507;ini awal bulan januari\nrencana ingin mendaki gunung\nkalau tuan bijak bestari\nbinatang apa tanduk di hidung;Pantun Nasihat;Pantun Hiburan
2510;insan gembira di hari raya\nminum madu dari lebah\ncitacita harus mulia\nagar hidup mendapat berkah;Pantun Nasihat;Pantun Nasihat
2511;intan itu logam mulia\nbegitu juga dengan permata\nwahai ayah dan ibu tercinta\nsehatsehatlah kalian disana;Pantun Nasihat;Pantun Kasih Sayang
2514;istirahat di dekat perhentian\nlebih nyaman duduk di taman\ncewek cantik dan pengertian\ncocoknya dijadikan sebagai teman;Pantun Nasihat;Pantun Kasih Sayang
2515;istirahat santai di atas dipan\nperlu istirahat karena lelah\npegang erat tiket masa depan\ntiket berada di sekolah;Pantun Nasihat;Pantun Nasihat
2517;istri berharap suami berharap\nmakin lama makin ngantuk\nistri berkurap suami berkurap\ncapek tangan kaki meggaruk;Pantun Nasihat;Pantun Nasihat
2518;istri hamil nyidam mentimun\nmentimun langka diganti roti\najarilah anak bersopan santun\nkelak besar kan dihormati;Pantun Nasihat;Pantun Nasihat
2519;itik duduk di atas papan\nnampaknya sebentar lagi mati\nharta ini cuma titipan\njadi jangan tinggi hati;Pantun Nasihat;Pantun Nasihat
2522;jadi cewek suka berpalin\nberharap bisa terus mujur\nbelajar itu haruslah disiplin\ntekun belajar tak lupa jujur;Pantun Nasihat;Pantun Nasihat
2523;jadi kuli bukan anganangan\ntiap hari tubuh keringatan\nsetiap kali berangkat kondangan\npengen sekali sanggup gandengan;Pantun Nasihat;Pantun Nasihat
2524;jadikan nasi sebagai pelekat\nagar layangan terbang tinggi\nmasuk pramuka banyak manfaat\nmenambah teman dan relasi;Pantun Nasihat;Pantun Nasihat
2525;jafar makan roti bakar\ndi dalamnya ada selai banyak\nbelajar agar lebih pintar\npintar otak dan baik akhlak;Pantun Nasihat;Pantun Nasihat
2526;jaga lisan bila berkata\nsemua pasti ada catatannya\njika insan tekun bekerja\nkesuksesan di depan mata;Pantun Nasihat;Pantun Nasihat
2527;jagoan silat namanya pitung\ngolok tajam ada di pinggang\naku suka belajar berhitung\nkalau besar jadi pedagang;Pantun Nasihat;Pantun Hiburan
2528;jagonya ternyata kalah\npemenangnya baru di culik\naku tanpamu tak masalah\naku masih punya manteman yang baik;Pantun Nasihat;Pantun Sukacita
2529;jagung ditanam tumbuh subur\nhasil panen dijual per karung\nkampung tenggelam tempuh kabur\nambil jerigen bakal mengapung;Pantun Nasihat;Pantun Nasihat
2531;jahit pakaian dari kain\nuntuk dipakai ketika lebaran\njadilah kamu anak yang rajin\nbanyak ilmu banyak teman;Pantun Nasihat;Pantun Nasihat
2535;jalan jalan di pagi hari\nbertemu dengan si eja\nayah dan ibu memberi hati\nanak baik membalas segalanya;Pantun Nasihat;Pantun Nasihat
2537;jalan jalan ke cikampek\nhanya untuk beli balon udara\njanganlah saling mengejek\nkarena kita semua bersaudara;Pantun Nasihat;Pantun Nasihat
2538;jalan jalan ke cilacap\nnaik motor ke arah barat\nhendak berkata tidak terucap\nbibir berkata terasa berat;Pantun Nasihat;Pantun Nasihat
2539;jalan jalan ke hutan bertemu musang\npergi bersama dengan lala\npergi jauh ke kota seberang\nmembanting tulang untuk keluarga;Pantun Nasihat;Pantun Nasihat
2541;jalan jalan ke kota kendari\njangan lupa makan sinonggi\njika anda ingin mandiri\nbelajarlah selagi dini;Pantun Nasihat;Pantun Nasihat
2545;jalan jalan ke pangandaran\njangan lupa untuk rehat\njangan lupa cuci tangan\nlindungi diri agar selalu sehat;Pantun Nasihat;Pantun Nasihat
2548;jalan jalan ke tanjung baru\ntidak lupa membawa buah tangan\nlihat saja muka si badu\nseperti orang tidak dikasih makan;Pantun Nasihat;Pantun Nasihat
2549;jalan jalan kota jakarta\nbanyak rumah berbentuk filla\ningin jadi wanita sempurna\npakek alami produk indonesia;Pantun Nasihat;Pantun Nasihat
2551;jalan jalan pake sepeda\npake topi di kepala\njagalah perkataan yang mulia\nterutama kepada orang tua;Pantun Nasihat;Pantun Nasihat
2554;jalan ke desa memang rata\nlantai tanah setiap rumah\nkenali olehmu sang pencipta\njadilah hambanya yang qonaah;Pantun Nasihat;Pantun Nasihat
2556;jalan ke kota memakai dasi\ntidak lupa memakai baju batik\nmasa muda cuma datang sekali\nharus dimanfaatkan dengan baik;Pantun Nasihat;Pantun Nasihat
2557;jalan ke ladang bertemu sumur\npiring jatuh terpecahpecah\nmataku mungkin sudah lamur\nliat orang terlihat gajah;Pantun Nasihat;Pantun Nasihat
2559;jalan ke pantai dengan pacar\npulangnya ketika hari senja\nada tekat yang harus dikejar\ndi pagi rabu yang ceria;Pantun Nasihat;Pantun Sukacita
2563;jalan pagi pakai kaki\nkaki bersih menginjak tanah\ntak usah diragukan lagi\nlakilaki yang nyari nafkah;Pantun Nasihat;Pantun Nasihat
2564;Jalan pulang melihat kecebong\nKecebong lompat ke dalam gerbong\nJadi orang janganlah sombong\nSombong itu temannya pembohong;Pantun Nasihat;Pantun Nasihat
2566;jalan setapak sangat sempit\nterbang ke atas burung gelatik\ndaripada uang untuk kredit\nmenabung itu lebih baik;Pantun Nasihat;Pantun Nasihat
2567;jalan setapak tempat meniti\nberhenti sesaat memetik melati\nmencari ilmu jangan berhenti\ndari kecil hingga ke mati;Pantun Nasihat;Pantun Nasihat
2568;jalan sore naik delman\ntak terasa sudah senja\nbanyak teman mengaku teman\njika dikira ada perlunya saja;Pantun Nasihat;Pantun Hiburan
2569;jalan wisata ke bukittinggi\njangan lupa naik bendi\ntekadkan nurani tegarkan diri\nsampai jam berbuka sudah menanti;Pantun Nasihat;Pantun Nasihat
2571;Jalan-jalan bersama raja\nPengawal datang membawa tenda\nBersenang-senang boleh saja\nTapi ibadah jangan ditunda;Pantun Nasihat;Pantun Nasihat
2572;Jalan-jalan ke daerah Tuban\nBerputar-putar naik delman\nBerbuat baik itu kewajiban\nBagi orang yang beriman;Pantun Nasihat;Pantun Nasihat
2576;Jalan-jalan naik kereta\nHendak menuju negeri Melaka\nIbu bapa menjaga kita\nMengapa perlu menghormati mereka;Pantun Nasihat;Pantun Nasihat
2577;Jalan-jalan setelah seminar\nTiba di rumah sesudah ashar\nOrang beriman jiwanya bersinar\nJauh gelisah dan juga gusar;Pantun Nasihat;Pantun Nasihat
2580;jalanjalan ada angin topan\nlangsung lari ke rumah abdul\ncarilah teman yang tahu sopan\njangan cari yang amburadul;Pantun Nasihat;Pantun Nasihat
2583;jalanjalan ke batu jajar\nluasnya sawah berhektarhektar\nsiapa kecil tekun belajar\nsaat dewasa akan pintar;Pantun Nasihat;Pantun Nasihat
2586;jalanjalan ke desa siraman\njangan lupa membeli roti\njangan buang sampah sembarangan\nnanti bisa mengundang bakteri;Pantun Nasihat;Pantun Nasihat
2587;jalanjalan ke gunung salak\njangan lupa membeli kemiri\nkalau bumi kita rusak\npasti kita yang akan merugi;Pantun Nasihat;Pantun Nasihat
2588;jalanjalan ke kalimantan\njangan lupa membeli ayam\njangan buang sampah sembarangan\ndaripada banyak bencana alam;Pantun Nasihat;Pantun Nasihat
2590;jalanjalan ke kediri\njangan lupa bensin diisi\nsapu kamar setiap hari\nsupaya rumah nyaman dan rapi;Pantun Nasihat;Pantun Nasihat
2591;jalanjalan ke kota bahari\npulangnya membawa sebungkus soto\nsaya berdiri di mimbar ini\nuntuk membawakan sebuah pidato;Pantun Nasihat;Pantun Sukacita
2592;jalanjalan ke kota banjar\nbeli bunga untuk hiasan\ngigih dan tekun dalam belajar\ntekun mendatangkan kesuksesan;Pantun Nasihat;Pantun Nasihat
2593;jalanjalan ke kota banjar\njalan basah turun hujan\ntugas kita hanya belajar\nsupaya lulus dalam ujian;Pantun Nasihat;Pantun Nasihat
2594;jalanjalan ke kota banjar\njalan retak ditutup tikar\nkalau bukan karena belajar\nbagaimana otak bisa pintar;Pantun Nasihat;Pantun Nasihat
2595;jalanjalan ke kota banjar\njangan lupa beli pepaya\nkalau kamu rajin belajar\nkelak nanti pasti berjaya;Pantun Nasihat;Pantun Nasihat
2596;jalanjalan ke kota banjar\njangan lupa membeli babat\njika kamu ingin jadi pintar\nmaka belajarlah dengan giat;Pantun Nasihat;Pantun Nasihat
2598;jalanjalan ke kota blitar\njangan lupa membeli sukun\njika kamu ingin pintar\nbelajarlah dengan tekun;Pantun Nasihat;Pantun Nasihat
2600;jalanjalan ke kota kediri\ndisana banyak burung merpati\nmeskipun sudah ada pengganti\njangan lupakan aku disini;Pantun Nasihat;Pantun Nasihat
2602;jalanjalan ke kota lama\nmampir beli burung dara\nmeski kita semua tak sama\ntapi kita tetap saudara;Pantun Nasihat;Pantun Nasihat
2603;jalanjalan ke kota medan\nhendak membeli satu tempayan\nbekerja sampai sakit badan\nbadan sakit habislah uang gajian;Pantun Nasihat;Pantun Nasihat
2607;jalanjalan ke kota padang\nbersama adik dan juga abang\nangin bertiup dengan sedang\nlayanglayang pastilah terbang;Pantun Nasihat;Pantun Nasihat
2608;jalanjalan ke kota padang\npergilah adik dengan abang\nangin bertiup dengan sedang\nlayanglayang pasti terbang;Pantun Nasihat;Pantun Nasihat
2609;jalanjalan ke kota padang\nsempatkan sebentar makan rendang\nmalam tak tidur mata begadang\nkamis terlambat ember melayang;Pantun Nasihat;Pantun Nasihat
2611;jalanjalan ke kota semarang\ntidak lupa membeli kemeja\njika ingin memperoleh uang\nrajinlah kamu bekerja;Pantun Nasihat;Pantun Nasihat
2613;jalanjalan ke negeri kedah\nlihat bunga banyak merekah\nhendaknya belajar beribadah\nagar hidup beroleh berkah;Pantun Nasihat;Pantun Nasihat
2615;jalanjalan ke pantai cemara\nmelihat nelayan berkacamata\nmasa muda jangan banyak tertawa\nnanti gigimu kering tak tersisa;Pantun Nasihat;Pantun Hiburan
2617;jalanjalan ke pariaman\njangan lupa naik kuda bendi\nbau mulut tak tertahankan\nkarena jarang gosok gigi;Pantun Nasihat;Pantun Hiburan
2619;jalanjalan ke pasar malam\nnaik wahana sampai lelah\nsaat kecil berbaju hitam\nsudah besar bajunya merah;Pantun Nasihat;Pantun Hiburan
2620;jalanjalan ke pasar sitra\nmembeli duku manis rasanya\nmandi sendiri haruslah bisa\nagar tidak merepotkan bunda;Pantun Nasihat;Pantun Nasihat
2621;jalanjalan ke pasaraya\ndompet uang lupa dibawa\nmemaafkan adalah akhlak mulia\nitulah tanda orang berwibawa;Pantun Nasihat;Pantun Nasihat
2622;jalanjalan ke pekanbaru\njangan lupa membeli duku\nandai semua dunia membencimu\nibulah tempat untuk mengadu;Pantun Nasihat;Pantun Nasihat
2623;jalanjalan ke pekanbaru\nmembeli duku dan buah pir\nkalau kita suka membantu\npahala akan selalu mengalir;Pantun Nasihat;Pantun Nasihat
2624;jalanjalan ke pinggir rawa\ndi pinggir rawa ada tomat\nselalu ingat nasehat orang tua\nsupaya hidup selalu selamat;Pantun Nasihat;Pantun Nasihat
2625;jalanjalan ke polinia\njalan kecil banyak keloknya\njika ingin bahagia di dunia\ndengan ilmu itulah syaratnya;Pantun Nasihat;Pantun Nasihat
2628;jalanjalan ke sawojajar\ndisana banyak batu koral\nsekolah tempat kita belajar\nbelajar ilmu serta moral;Pantun Nasihat;Pantun Nasihat
2629;jalanjalan ke selat malaka\nkaki tersandung jadilah luka\nsekali saja kita durhaka\ntuhan pun pasti akan murka;Pantun Nasihat;Pantun Nasihat
2632;jalanjalan ke taman mini\npulangnya membeli soto\nsaya berada di mimbar ini\nuntuk membawakan sebuah pidato;Pantun Nasihat;Pantun Sukacita
2633;jalanjalan ke taman mini\nsinggah sebentar membeli kuaci\npidato saya sampai disini\nlain waktu kita sambung lagi;Pantun Nasihat;Pantun Nasihat
2638;jalanjalan ke yogyakarta\nsampai disana main trampolin\nmeski sering bercekcok kata\nnamun persahabatan tetap terjalin;Pantun Nasihat;Pantun Nasihat
2639;jalanjalan keliling desa\ntidak lupa teman diajak\nmanusia hidup di dunia\nharus cari ilmu yang banyak;Pantun Nasihat;Pantun Nasihat
2642;jalanjalan lihat kembang api\nsambil ke pasar beli lapis\nbersama teman cuma nonton tipi\ngaragara kantong menipis;Pantun Nasihat;Pantun Nasihat
2643;jalanjalan makan kacang\nkacang enak ditanam di tanah\nuntuk suamiku yang tersayang\njangan lelah mencari nafkah;Pantun Nasihat;Pantun Kasih Sayang
2645;jalanjalan menengok padi\nbiar panen tidak rugi\nbangun pagi pergi mandi\njangan lupa menggosok gigi;Pantun Nasihat;Pantun Nasihat
2646;jalanjalan naik jerapah\njerapah suka makan sukun\njika ingin rejeki melimpah\nbekerjalah selalu dengan tekun;Pantun Nasihat;Pantun Nasihat
2648;jalanjalan naik pesawat\njangan lupa beli gelang\nbelajarlah dengan giat\nmasa depan jadi gemilang;Pantun Nasihat;Pantun Nasihat
2650;jalanjalan naik sepeda\nnaik sepeda keliling kota\nhari ini kita wisuda\njangan lupa kenangan kita;Pantun Nasihat;Pantun Nasihat
2652;jalanjalan pergi ke pantai\ndi pantai banyak pasir kasar\njika kau ingin jadi pandai\nmaka harus rajinlah belajar;Pantun Nasihat;Pantun Nasihat
2653;jalanjalan salah alamat\nsampai pula ke bukit tinggi\nkepada orang tua mesti hormat\nitulah tanda anak berbakti;Pantun Nasihat;Pantun Nasihat
2654;jalanjalan sampai lamongan\njangan lupa jajan soto\nswadaya sudah lagi tak zaman\nyang ada sekarang adalah swafoto;Pantun Nasihat;Pantun Hiburan
2656;jambu merah dari malaka\ntaman main banyak rusa\njangan pernah palingkan muka\nsaat berjumpa dengan manusia;Pantun Nasihat;Pantun Nasihat
2657;jambu subur jambu pertukal\ntumbuh rindang lebat buahnya\nilmu itu kekayaan yang kekal\npenyuluh hidup kuasai dunia;Pantun Nasihat;Pantun Nasihat
2658;jamu pahit sangat manjur\nwalau pahit saat dirasa\nsiapa yang selalu jujur\nakan disayang oleh manusia;Pantun Nasihat;Pantun Nasihat
2659;jamu pahit terasa di lidah\nminum selalu hingga lusa\nilmu memang harus berkah\nagar tidak menjadi siasia;Pantun Nasihat;Pantun Nasihat
2660;jamur liar jangan dimakan\nnanti bisa keracunan\nhari ini adalah kenyataan\nketika besar menjadi kenangan;Pantun Nasihat;Pantun Nasihat
2662;jangan berjalan di semak belukar\nbanyak ular yang hendak memangsa\nrajin rajin anakku belajar\nsupaya kelak cerdas dan bijaksana;Pantun Nasihat;Pantun Nasihat
2664;jangan bermain keramik nanti pecah\nterkena kakimu bisa berdarah\ndengan giat belajar di sekolah\nmasa depan akan lebih cerah;Pantun Nasihat;Pantun Nasihat
2665;jangan bersembunyi di kolong\ndi kolong meja ada hewan\njanganlah engkau menjadi sombong\norang sombong sedikit kawan;Pantun Nasihat;Pantun Nasihat
2666;jangan cepat mengayuh sepeda\nkarena jalan masih panjang\nselamat siang di hari selasa\nwalaupun sekarang sudah siang;Pantun Nasihat;Pantun Nasihat
2667;Jangan diinjak tangan yang gatal\nKarena bisa sebabkan luka\nAyo perbanyak kumpulkan bekal\nBekal utama adalah takwa;Pantun Nasihat;Pantun Nasihat
2670;jangan dipetik selagi kuncup\nbiar tumbuh bersama duri\nmenghormat orang tua selagi hidup\nlebih mulia daripada kenduri;Pantun Nasihat;Pantun Nasihat
2671;jangan engkau suka menyolong\nnanti engkau tidak punya teman\nmarilah kita saling menolong\ngotong royong membantu teman;Pantun Nasihat;Pantun Nasihat
2672;jangan genggam mawar berduri\nbisa tertancap di sela jari\nhari minggu kesekian kali\nnasib ngenes seperti ini;Pantun Nasihat;Pantun Nasihat
2673;jangan genggang mawar berduri\nbusuk baunya si gulai pete\nsemangat kerja di senin pagi\ningat bon yang sudah mengode;Pantun Nasihat;Pantun Hiburan
2674;jangan hanya beranganangan\nwujudkan untuk mencapai bahagia\njangan lupakan bakti pahlawan\nkarenanya kita bisa merdeka;Pantun Nasihat;Pantun Nasihat
2676;jangan injak mawar berduri\nnanti kakimu bisa berdarah\nbetapa sedihnya hatiku ini\nberpisah dengan teman sekolah;Pantun Nasihat;Pantun Nasihat
2677;jangan injak pecahan kaca\nnanti kaki bisa terluka\nrabu hadir dengan indahnya\nkilau mentari perlahan menyapa;Pantun Nasihat;Pantun Nasihat
2678;jangan kamu menuai padi\nbila sudah malam hari\ngosoklah gigi setiap hari\ngigimu sudah kuning sekali;Pantun Nasihat;Pantun Nasihat
2679;jangan kita cari binahong\nnanti kita cari cemilan lokum\njangan sebar berita bohong\nnanti berurusan dengan hukum;Pantun Nasihat;Pantun Nasihat
2680;jangan kumbang dijolokan\nwalau hanya untuk mainan\njangan membantu dalam keburukan\nkarena berujung pada penyesalan;Pantun Nasihat;Pantun Nasihat
2681;jangan lawan sebuah pantangan\nkarena itu berisi larangan\ncinta itu tak harus dikatakan\nhanya perlu untuk diperjuangkan;Pantun Nasihat;Pantun Nasihat
2682;jangan lihat jika sakau\njika rindu tak tertahankan\nhargailah kami si anak rantau\nberjuang keras hanya untuk makan;Pantun Nasihat;Pantun Dukacita
2683;jangan lupa kembeli semangka\nsaat kamu menuju pekanbaru\nbiarlah orang berkata apa\nhanya kaulah terbaik untukku;Pantun Nasihat;Pantun Nasihat
2684;jangan lupa menggosok gigi\nsebelum berangkat ke sekolah\njangan suka membalas budi\nkarena budi tidak bersalah;Pantun Nasihat;Pantun Hiburan
2685;jangan lupa untuk sarapan\nagar semakin semangat belajar\ntanam bunga membuat taman\nlingkungan asri udara segar;Pantun Nasihat;Pantun Nasihat
2688;jangan memakan sabut kelapa\nmakan buahnya lebih utama\njanganlah suka banyak bicara\nbanyak mendengar lebih utama;Pantun Nasihat;Pantun Nasihat
2689;jangan menambal dinding kayu\nrekatkan dengan besi paku\njangan menggombal jangan merayu\nkalau kau siap pinanglah aku;Pantun Nasihat;Pantun Kasih Sayang
2690;jangan mengipasngipas arang\nkalau dikipas banyak baranya\njangan memanasmanaskan orang\nkalau panas banyak maraknya;Pantun Nasihat;Pantun Hiburan
2693;jangan menyentuh labalaba\nracunnya amat bahaya sekali\nsatu dan lain saling bersapa\nbukti persahabatan yang abadi;Pantun Nasihat;Pantun Nasihat
2695;jangan mkan di dalam kamar\nnanti lupa dan ketinggalan\njangan biarkan hati terbakar\nnanti merana berkepanjangan;Pantun Nasihat;Pantun Nasihat
2697;jangan pakai baju merah\nwarna merah banteng suka\njangan suka marahmarah\nmarah itu banyak ruginya;Pantun Nasihat;Pantun Nasihat
2698;jangan patahkan atap mengkuang\natap patah kumbangpun lalu\njangan patahkan cakap orang\ncakap patah orangnya malu;Pantun Nasihat;Pantun Nasihat
2700;jangan pegang kayu yang lapuk\nnanti tuan bisa terjungkang\nselasa kadang menjadi buruk\nketika bangun teringat hutang;Pantun Nasihat;Pantun Hiburan
2701;jangan pegang kayu yang rapuh\nagar selamat sampai ke darat\nmeski jarak membentang jauh\nbukan berarti hilang sahabat;Pantun Nasihat;Pantun Nasihat
2702;jangan pegang kayu yang rapuh\nnanti kamu jatuh ke tanah\nkerjakan dengan sungguhsungguh\nsetelah itu bertawakallah;Pantun Nasihat;Pantun Nasihat
2704;jangan pergi mandi di lombong\nemak dan kakak sedang mencuci\njangan suka bercakap bohong\nsemua kawan akan membenci;Pantun Nasihat;Pantun Nasihat
2705;jangan ragukan indahnya cempaka\nketika mekar di pagi hari\ntak mengapa aku jadi roda\nasal menghantarkanmu meraih mimpi;Pantun Nasihat;Pantun Kasih Sayang
2706;jangan remehkan burung hantu\nsebab burung pun bisa memekik\njanganlah sombong jika berilmu\nsebab hal itu tidaklah baik;Pantun Nasihat;Pantun Nasihat
2707;jangan remehkan si burung hantu\nsebab dia pun pandai memekik\njanganlah sombong bila berilmu\nsebab hal itu tidaklah baik;Pantun Nasihat;Pantun Nasihat
2710;jangan sombong jangan angkuh\ndi dalam pagar ada kemumu\nbelajar itu bersungguhsungguh\nagar cepat masuknya ilmu;Pantun Nasihat;Pantun Nasihat
2711;jangan suka bermain api\nkalau tidak ingin jadi luka\nputus cinta jangan disesali\njangan khawatir pasti ada gantinya;Pantun Nasihat;Pantun Nasihat
2712;jangan suka bermain duri\nnanti tertusuk sakit sekali\njangan suka menang sendiri\nnanti tidak ada yang menemani;Pantun Nasihat;Pantun Nasihat
2713;jangan suka bermain kaca\nnanti tangan bisa terluka\njangan buta karena cinta\nniscaya hidupmu akan binasa;Pantun Nasihat;Pantun Nasihat
2714;jangan suka bermain kain\nkain jatuh di besi berkarat\njangan terlalu banyak main\nkarena tubuh perlu istirahat;Pantun Nasihat;Pantun Nasihat
2715;Jangan suka bermain tali\nKalau tak ingin terikat olehnya\nPutus cinta jangan disesali\nPasti kan datang cinta yang lainnya;Pantun Nasihat;Pantun Nasihat
2716;jangan suka jadi plagiat\nagar kamu tidak digugat\nayo kamu belajar giat\naku yakin kamu semangat;Pantun Nasihat;Pantun Nasihat
2717;jangan suka makan mentimun\nmentimun itu banyak getahnya\njangan suka banyak melamun\nmelamun itu tiada gunanya;Pantun Nasihat;Pantun Nasihat
2718;jangan suka makan sambil bicara\nitu tidak sopan namanya\njangan suka saling mencela\napalagi dengan teman kita;Pantun Nasihat;Pantun Nasihat
2719;jangan suka membuka dada\ndada terbuka lapuk bajunya\njangan suka mengadaada\nmengadaada buruk lakunya;Pantun Nasihat;Pantun Nasihat
2720;jangan suka mencabut padi\nkalau dicabut hilang buahnya\njangan suka menyebut budi\nkalau disebut hilang tuahnya;Pantun Nasihat;Pantun Nasihat
2721;jangan suka mengambil kelapa\nbanyak semut di pepohonannya\njangan sering menanam cinta\njauh lebih baik menanam bunga;Pantun Nasihat;Pantun Nasihat
2722;jangan takar pedasnya lada\nbisa mengalir si air mata\nmeski jarak memisahkan kita\nkenangan manis takkan terlupa;Pantun Nasihat;Pantun Nasihat
2726;jangan tidur sambil mendengkur\nnanti mengganggu yang lainnya\nutamakan makan buah sayur\nmineral vitamin komponennya;Pantun Nasihat;Pantun Nasihat
2727;Janganlah kau suka mengolok\nBisa-bisa rugi akhirnya\nIalah daun tak punya pokok\nSetiap bangunan memilikinya;Pantun Nasihat;Pantun Kiasan
2728;janganlah makan batang kelapa\nmakanlah saja buah kelapa\njangan terlalu lama berduka\ncepatlah bangkit dengan segera;Pantun Nasihat;Pantun Nasihat
2729;janganlah suka makan ketimun\nketimun muda pahit rasanya\njanganlah suka banyak melamun\nmelamun itu tiada manfaatnya;Pantun Nasihat;Pantun Nasihat
2730;jantung berdetak hati berdebar\nmelihat harimau dalam ikatan\nkalau kita orang penyabar\nbanyak yang tentram bila berdekatan;Pantun Nasihat;Pantun Nasihat
2732;jaring yang rusak dimanamana\noleh nelayan langsung dibuang\nmeski hanya tinggal nama\nperjuanganmu akan tetap dikenang;Pantun Nasihat;Pantun Nasihat
2733;jarum patah dalam saku\nnyamuk masuk dalam kelambu\nbanyakbanyak membaca buku\nkarena buku jembatan ilmu;Pantun Nasihat;Pantun Nasihat
2734;jati jajar ada di hulu\njauh menempuh perjalanan\nbanyak belajar dahulu\nbersenangsenang kemudian;Pantun Nasihat;Pantun Nasihat
2735;jati jajar jalannya berputar\nujung jalan menuju kota\nrajin belajar menjadi pintar\nkalau malas bodohlah kita;Pantun Nasihat;Pantun Nasihat
2737;jatijajar tempat kompeni\nperjanjian dibuat tak ditepati\ntekun belajar semenjak dini\npersiapan untuk esok nanti;Pantun Nasihat;Pantun Nasihat
2740;jatuh tersungkur jangan tertawakan\nlangsung beri pertolongan saja\nsemangat juang para pahlawan\npatut dicontoh para pemuda;Pantun Nasihat;Pantun Nasihat
2743;jauh rezeki jangan dipikirkan\nbekerja berdoa kepada tuhan\njika pendidikan disingkirkan\nbersiaplah hadapi kesusahan;Pantun Nasihat;Pantun Nasihat
2744;jauh rezeki tak perlu dipikirkan\nbekerja dan berdoa pada tuhan\napabila pendidikan disingkirkan\nbersiap hadapi kesulitan;Pantun Nasihat;Pantun Nasihat
2745;jauhi mangga punya getah\nkarena belum matang seutuhnya\nhari apa yang penuh berkah\nhari jumatlah jawabannya;Pantun Nasihat;Pantun Nasihat
2746;jauhi singa dari dirinya\nagar tak sampai jatuh di gigitan\nkami berjuang untuk keluarga\nagar setiap hari bisa makan;Pantun Nasihat;Pantun Nasihat
2747;jemur dulu baju piyama\nbuat hadiah untuk pesta\ntidur makan kita bersama\nhidup sendiri aku tak bisa;Pantun Nasihat;Pantun Nasihat
2748;jemur pakaian di tengah hari\nketika sore angkat lagi\njagalah kebersihan diri sendiri\nmandi minimal dua kali sehari;Pantun Nasihat;Pantun Nasihat
2750;Jentayu burung jentayu\nHinggap di balik pokok mayang\nBunga kembang akan layu\nBudi baik bilakah hilang;Pantun Nasihat;Pantun Nasihat
2751;Jerami kering dipintal-pintal\nDibuat tali mengikat senduk\nDunia material makin mengental\nGoyahkah peribadi di hujung tanduk;Pantun Nasihat;Pantun Nasihat
2754;jika bertamu ke rumah pacar\nbawakan hadiah jika sempat\njika ingin darah lancar\nmakanlah makanan yang sehat;Pantun Nasihat;Pantun Nasihat
2756;jika engkau hendak ke dusun\njanganlah lupa membawa beras\nbelajarlah selalu dengan tekun\nsupaya kita dapat naik kelas;Pantun Nasihat;Pantun Nasihat
2757;jika gelap nyalakan lilin\nbeli lilin warnanya merah\nsekolah itu harus disiplin\nagar masa depan lebih cerah;Pantun Nasihat;Pantun Nasihat
2758;jika hendak kamu melamar\njangan banyak tulis dihapus\njika siswa rajin belajar\nsudah tentu pasti lulus;Pantun Nasihat;Pantun Nasihat
2760;jika hendak menyantap somai\njanganlah lupa memakai garpu\njikalau ingin menjadi pandai\nrajinrajinlah membaca buku;Pantun Nasihat;Pantun Nasihat
2761;jika hendak pergi berlayar\ncarilah dulu batu permata\njika kita orang terpelajar\nbaik berilmu daripada berharta;Pantun Nasihat;Pantun Nasihat
2762;jika hendak pergi ke kalimantan\nayo buruan mumpung gratisan\nsungguh tak enak hidup sendirian\nlebih baik cepet nikahan;Pantun Nasihat;Pantun Hiburan
2764;jika ikan di dalam kolam\nakan susah mencari makan\njika kita rusakan alam\nbala musibah akan diturunkan;Pantun Nasihat;Pantun Nasihat
2770;jika kamu menjahit baju\njangan jahit ditengah malam\nlihatlah gadis cantik itu\nmuka putih lehernya hitam;Pantun Nasihat;Pantun Hiburan
2771;jika kamu pergi ke dusun\njangan lupa membawa beras\nbelajarlah kamu dengan tekun\nagar nanti jadi naik kelas;Pantun Nasihat;Pantun Nasihat
2773;jika ke kedai pergi berbelanja\nbelikan saya susu dan senduk\njika pandai katakan ia\nsemakin berisi semakin merunduk;Pantun Nasihat;Pantun Nasihat
2774;jika ke kota beli kain kaca\nbeli pita dua seuntai\nrajin menulis rajin membaca\nitu pertanda anak yang pandai;Pantun Nasihat;Pantun Nasihat
2775;jika kita makan petai\njangan lupa makan buah duku\njika kita ingin pandai\nrajinrajinlah membaca buku;Pantun Nasihat;Pantun Nasihat
2777;jika lapar jangan dipaksa\npergi keluar mencari makan\nsaya kekantin karena terpaksa\nperut lapar tak tertahankan;Pantun Nasihat;Pantun Hiburan
2778;jika malam menyalakan lampu\nbuku di rak tampak acakacakan\nbilangnya kelas sudah disapu\nmengapa sampah masih berserakan;Pantun Nasihat;Pantun Nasihat
2779;jika malam telah menjamu\njangan lupa nyalakan lilin\nraihlah citacitamu\ndengan belajar segiat mungkin;Pantun Nasihat;Pantun Nasihat
2780;jika mau pedas tambah ketumbar\nmadu manis cap sarang lebah\nhormati guru saat mengajar\nsupaya ilmu mu menjadi berkah;Pantun Nasihat;Pantun Nasihat
2782;jika naik ke atas bukit\nkuatkan kaki dan tulang rusuk\njika gigi kita sakit\nnanti baunya sangat busuk;Pantun Nasihat;Pantun Hiburan
2783;jika padi dimakan tekukur\njangan lempar dengan lumpur\njika nanda tiada bersyukur\nartinya hidup dalam kufur;Pantun Nasihat;Pantun Nasihat
2784;jika panas meminum nira\ntambah juga dengan buah kelapa\njika kepalanya menghadap utara\nekornya pasti ada di belakangnya;Pantun Nasihat;Pantun Nasihat
2786;jika perahu sudah melaju\nmari kita banyak berdoa\njika ingin negeri maju\npendidikan harus utama;Pantun Nasihat;Pantun Nasihat
2787;jika pergi ke padang datar\njangan lupa pulang berlabuh\njika kita ingin pintar\nbelajar lah sungguh sungguh;Pantun Nasihat;Pantun Nasihat
2788;jika pergi ke pulau madura\nharus lewat sebuah selat\nrajinlah berolahraga\nagar tubuh menjadi sehat;Pantun Nasihat;Pantun Nasihat
2789;jika perut terasa mulas\nmungkin tangan tidak dibilas\njika hati sudah ikhlas\nberbuat baik tak menuntut balas;Pantun Nasihat;Pantun Nasihat
2790;jika petang langitnya merah\ncahaya surya merah merona\nkesehatan adalah anugerah\nharus selalu dipelihara;Pantun Nasihat;Pantun Nasihat
2791;Jika petang suasana sepi\nHanya angin yang menderu\nAda juga karapan sapi\nSapi balapan tambah seru;Pantun Nasihat;Pantun Hiburan
2792;jika pohon harus dipanjat\nkaki jangan melompatlompat\njika ingin naik derajat\nilmu dan iman harus diangkat;Pantun Nasihat;Pantun Nasihat
2794;jika sehat harus berolahraga\nolahraga setiap hari\nuntuk suamiku yang tercinta\njangan lelah jemput rejeki;Pantun Nasihat;Pantun Kasih Sayang
2797;jika terdapat banyak lalat\npenyakit akan mudah menyebar\nhari kamis harus semangat\nbanyak kredit yang harus dibayar;Pantun Nasihat;Pantun Nasihat
2798;jika terjumpa ular tedung\ncarilah buluh kayu pemukul\nberani buat beranilah tanggung\ntangan menjinjing bahu memikul;Pantun Nasihat;Pantun Kiasan
2799;jika tidak pernah diasah\nsi belati akan menumpul\njika tidak dikasih nafkah\nnanti dapur takkan mengepul;Pantun Nasihat;Pantun Nasihat
2802;jika tuan pergi ke sawah\njangan lupa bawa perbekalan\nada kawan kini pemarah\ndengan gaya rada kecentilan;Pantun Nasihat;Pantun Nasihat
2806;jikalau ada bangunan roboh\nmaka benahi supaya benar\njikalau ada teman yang bodoh\nmaka bimbinglah supaya pintar;Pantun Nasihat;Pantun Nasihat
2808;jikalau ada kasur yang basah\njemurlah ia di tanah datar\njikalau teman berbuat salah\nnasihatilah supaya sadar;Pantun Nasihat;Pantun Nasihat
2809;jikalau ada melati putih\nmarilah cium harum wanginya\njikalau ada teman bersedih\nmarilah kita hibur dirinya;Pantun Nasihat;Pantun Nasihat
2814;jikalau kita bertanam padi\nsenanglah makan adikberadik\njikalau kita bertanam budi\norang yang jahat menjadi baik;Pantun Nasihat;Pantun Nasihat
2815;jikalau lengang dalam negeri\nmarilah kita pergi ke kota\nheran tercengang kucing berdiri\nmelihat tikus naik kereta;Pantun Nasihat;Pantun Hiburan
2816;jikalau nanti berjumpa jalak\njanganlah lupa diberi makan\njikalau nanti beruang banyak\njanganlah lupa disedekahkan;Pantun Nasihat;Pantun Nasihat
2818;jikalau sudah di tanah batak\njanganlah lupa beli durian\njikalau sudah beruang banyak\njanganlah lupa disedekahkan;Pantun Nasihat;Pantun Nasihat
2819;jikalau sungai semakin meriak\nair pun mengalir sampai lautan\nsesudah dapat ilmu banyak\njangan lupa ajarkan juga amalkan;Pantun Nasihat;Pantun Nasihat
2821;jikalau tuan tajuk cendana\nambil gantang jemurkan pala\njikalau tuan memang bijaksana\nbinatang apa ekor di kepala;Pantun Nasihat;Pantun Nasihat
2822;jikalau tuan tajuk cendana\nambil gantang sukatkan pulut\njikalau tuan bijak bijaksana\nbinatang apa tanduk di mulut;Pantun Nasihat;Pantun Hiburan
2824;jinakjinak burung merpati\nlebih jinak burung lelaki\nburung merpati dipegang lari\nburung lelaki dipegang berdiri;Pantun Nasihat;Pantun Hiburan
2825;jingganya senja berwarna merah\ntanda sudah di penghujung hari\nsalam pertama kurang meriah\nbiar kuulang sekali lagi;Pantun Nasihat;Pantun Sukacita
2827;Jong perak melabuh sauh\nSahaya rebah tidak terbunggah\nAndai akhlak dibuang jauh\nApa musibah datang menyinggah;Pantun Nasihat;Pantun Kiasan
2828;Jual beras di luar negeri\nBeras merah banyak dicari\nKerja keras setiap hari\nJadwal ibadah jangan dihindari;Pantun Nasihat;Pantun Nasihat
2829;jual betik dengan kandil\nkandil buatan orang inggris\nmelihat buaya menyandang bedil\ndan kerbau tegak berbaris;Pantun Nasihat;Pantun Hiburan
2833;juragan pisau makan buah\nbuah kotor kena tinta\njangan risau jangan gundah\nkarena derita bumbu cinta;Pantun Nasihat;Pantun Nasihat
2834;kabut asap tiada menepi\ndada sesak matapun nyeri\nsungguh biadab manusia ini\nmencari kesenangan untuk sendiri;Pantun Nasihat;Pantun Nasihat
2837;kacang kulit dimakan gajah\ndilihat orang gajahnya malu\nsebelum kita pergi sekolah\nlebih baik sarapan dulu;Pantun Nasihat;Pantun Nasihat
2838;kacang polong jambu batu\nbuah mangga buah kemumu\nsuka menolong dan membantu\nbanyak orang yang menyukaimu;Pantun Nasihat;Pantun Nasihat
2840;kacang tumbuh dari dalam tanah\ndipanen untuk para tetangga\nagar kelak mawaddah dan sakinah\njaga akhlak berumah tangga;Pantun Nasihat;Pantun Nasihat
2841;kain batik banyak sekodi\nperca banyak dalam goni\nturun ke sawah menanam padi\nbermain lumpur seperti petani;Pantun Nasihat;Pantun Hiburan
2842;kain batik banyak sekodi\nperca tersimpan di dalam goni\nturun ke sawah menanam padi\nbermain lumpur bareng petani;Pantun Nasihat;Pantun Hiburan
2844;kain batik dijahit jadi baju\nbukan buat mengkafani jenazah\nberangkat ke sekolah menggali ilmu\nbukan cuma buat mencari ijazah;Pantun Nasihat;Pantun Nasihat
2845;Kain batik dijemur pagi\nTerbentang luas di halaman\nJika hidup ingin terpuji\nJaga tingkah dan perbuatan;Pantun Nasihat;Pantun Nasihat
2846;Kain batik dilipat rapi\nDisimpan dalam almari kayu\nJika ingin hidup berarti\nIlmu dicari sepanjang waktu;Pantun Nasihat;Pantun Nasihat
2849;kain batik selendang batik\nberi berjambul benang sutera\nhamba bertanya kepada adik\nberapa banyak kaki berkuda;Pantun Nasihat;Pantun Hiburan
2854;kain dijahit jadilah baju\nbukan menjadi nisan jenazah\nsekolah untuk mencari ilmu\nbukan sekadar dapat ijazah;Pantun Nasihat;Pantun Nasihat
2858;kain mahal dari sutra\nkainnya lebar tertusuk kawat\nkan kujaga negeri tercinta\ntenaga besar badanku kuat;Pantun Nasihat;Pantun Nasihat
2859;kain panjang kain batik\nlama terpakai jadi lusuh\ningin jadi kakak yang baik\nadik manis mesti diasuh;Pantun Nasihat;Pantun Kasih Sayang
2861;Kain putih dibentang luas\nDijemur di bawah mentari\nJika hati mahu ikhlas\nNiatkan amal kerana Ilahi;Pantun Nasihat;Pantun Nasihat
2862;Kain putih dibentang luas\nDijemur di bawah mentari\nJika hidup ingin bernas\nGunakan waktu dengan cermat sekali;Pantun Nasihat;Pantun Nasihat
2865;kain robek segera dijahit\nrobek karena perihal kawat\nsaya sudah buat bait\nberapa bait yang saudara buat;Pantun Nasihat;Pantun Nasihat
2867;kain songket kain batik\nbeli satu banyak coraknya\nsiapa yang sholatnya baik\nmaka baik pula amal lainnya;Pantun Nasihat;Pantun Nasihat
2869;Kain sutra berwarna merah\nDipakai indah saat pesta\nJangan menyerah karena lelah\nSukses menanti yang percaya;Pantun Nasihat;Pantun Nasihat
2870;kain tenun belinya di sumbawa\nkain batik belinya di pekalongan\nkalau ingin jadi sarjana\nsekolah yang benar jangan kau abaikan;Pantun Nasihat;Pantun Nasihat
2871;Kain tenun benang sutera\nDitatah emas di tepinya\nJika hidup mahu sejahtera\nHemat belanja bijaksana;Pantun Nasihat;Pantun Nasihat
2872;kain tenun dari sumbawa\nkain batik dari pekalongan\njika ingin jadi mahasiswa\nsekolah dasar jangan diabaikan;Pantun Nasihat;Pantun Nasihat
2873;kain yang rapi dalam lipatan\njanganlah adik kusut kusutkan\nkalaulah hendak membeli jajanan\nlihatlah label pada makanan;Pantun Nasihat;Pantun Nasihat
2874;Kajang Pak Malau kajang berlipat\nKajang hamba mengkuang layu\nDagang Pak Malau dagang bertempat\nDagang hamba musafir lalu;Pantun Nasihat;Pantun Nasihat
2875;Kajang tuan kajang berlipat\nKajang hamba mengkuang layu\nDagang tuan dagang bertempat\nDagang hamba terbuang lalu;Pantun Nasihat;Pantun Nasihat
2876;Kakak belajar buat anyaman\nAnyaman indah bentuk ayakan\nApa tanda orang beriman\nKata-katanya menentramkan;Pantun Nasihat;Pantun Nasihat
2878;kakak makan durian medan\ndurian loncat seperti katak\nkalau tak pandai berdandan\nlamalama kayak kuntilanak;Pantun Nasihat;Pantun Hiburan
2880;kakek berjalan dengan tongkat\nmaklum karena sudah tua\nmalming datang begitu cepat\nsedang aku masih sendiri jua;Pantun Nasihat;Pantun Nasihat
2881;kakek rahman sudah bercucu\nusianya memang sudah tua\naku ingin sekali bertemu\nlwalau hanya sedetik saja;Pantun Nasihat;Pantun Nasihat
2883;kakek suka membaca koran\nminum kopi makan ketan\nmari kita tenangkan pikiran\nkonsentrasi menjelang ujian;Pantun Nasihat;Pantun Nasihat
2884;Kakek tua dipanggil abah\nMakan talas juga kecambah\nSikap serakah bawa musibah\nRasa ikhlas harus ditambah;Pantun Nasihat;Pantun Nasihat
2885;Kakek tua dipanggil Abah\nSuka tidur suara mendengkur\nSikap serakah membawa musibah\nKurang bersyukur membuat tersungkur;Pantun Nasihat;Pantun Nasihat
2889;kaki luka tidak sengaja bata\nwaktu lari dikejar singa\njangan suka menanam cinta\nludang keringh baik menanam bunga;Pantun Nasihat;Pantun Nasihat
2890;kaki tempat badan bertumpu\njatuh terpeleset di jalan yang licin\nbila ingin diluaskan kuburmu\npupuk amal baik dan ibadah rajin;Pantun Nasihat;Pantun Nasihat
2891;kala mentari menyambut fajar\nlangitnya berwarna jingga\njika sudah siap belajar\nbuka bukumu juga telinga;Pantun Nasihat;Pantun Nasihat
2892;kala senja telah jingga\ntandanya siang akan berganti\nketika sabtu telah tiba\nsenyum sahabat selalu dinanti;Pantun Nasihat;Pantun Nasihat
2896;Kalau ada buluh di hutan\nBoleh kita pergi mencari\nSegeralah pergi dapatkan rawatan\nKalau sudah bersimptom di diri;Pantun Nasihat;Pantun Nasihat
2900;kalau ada si kembang baru\nbunga kenangan dikupas jangan\nkalau ada sahabat baru\nsahabat lama dibuang jangan;Pantun Nasihat;Pantun Nasihat
2901;Kalau ada sumur di ladang\nBoleh saya menumpang mandi\njika ada umur yang panjang\nBoleh kita berjumpa lagi;Pantun Nasihat;Pantun Sukacita
2902;kalau ada sumur di ladang\nboleh saya menumpang mandi\nsiapa yang kuat begadang\npasti payah bangun pagi;Pantun Nasihat;Pantun Nasihat
2903;kalau ada sumur diladang\nbolehlah kita menggosok gigi\nkalau anda di warung padang\nbolehkah kita ditraktir lagi;Pantun Nasihat;Pantun Hiburan
2904;kalau anda lagi di pantai\ntidak lupa menggelar tikar\nkalau anda ingin sekali pandai\njangan lupa rajin terus belajar;Pantun Nasihat;Pantun Nasihat
2905;kalau anda pergi ke taman\npaling enak sambil makan buah\njika ingin punya banyak teman\nmaka jagalah ukhuwah islamiyah;Pantun Nasihat;Pantun Nasihat
2906;kalau angin bertiup di darat\nambillah jala turunkan sampan\nkalau hidup hendak selamat\nayah dan bunda kita muliakan;Pantun Nasihat;Pantun Nasihat
2907;kalau banyak bertanam puding\ndi mana busut di sana seminai\nkalau bijak dalam berunding\ndi mana kusut di sana selesai;Pantun Nasihat;Pantun Nasihat
2909;kalau berbaris harus sejajar\ndaripada nanti bisa terbongkar\ntekunlah selalu untuk belajar\nnasihat guru janganlah diingkar;Pantun Nasihat;Pantun Nasihat
2910;kalau bergalah jangan berkayuh\nkalau berkayuh jangan basah\nkalau bersusah jangan mengeluh\nkalau mengeluh bertambah susah;Pantun Nasihat;Pantun Nasihat
2911;kalau berkitab membaca syair\nbanyaklah orang datang mendengar\nkalau cakap tiada berpikir\nbanyaklah orang yang bertengkar;Pantun Nasihat;Pantun Nasihat
2912;kalau berkitab sambil menulis\njangan sampai dawat terbuang\nkalau bercakap di dalam majelis\njangan sampai mengumpat orang;Pantun Nasihat;Pantun Nasihat
2913;kalau berlibur main ke dufan\njangan bermain korakora\nkalau salah saling bermaafan\ndada lapang banyak saudara;Pantun Nasihat;Pantun Nasihat
2914;kalau bukan karena bulan\ntidaklah bintang meninggi hari\nkalau bukan karena tuan\ntidaklah aku sampai di sini;Pantun Nasihat;Pantun Kasih Sayang
2916;kalau busut ranairanai\nmanakah bulu menjadi sirih\nkalau kusut tidak selesai\nmanakah keruh menjadi jernih;Pantun Nasihat;Pantun Kiasan
2920;kalau emas dikata suasa\ntentu kuningan seperti tembaga\nkalau tidak rela berusaha\nmeminta mintalah kerjanya;Pantun Nasihat;Pantun Nasihat
2921;kalau gelap bawalah senter\njalan ke depan jangan mundur\ningatlah pesan ibu dokter\nsikat gigi sebelum tidur;Pantun Nasihat;Pantun Nasihat
2922;kalau hendak memangsa tikus\ncarilah di kolong kolong parit\nkalau tidak cermat dan serius\ningin pintar sangatlah sulit;Pantun Nasihat;Pantun Nasihat
2923;Kalau hendak membeli cermin\nBelilah cermin tembus cahaya\nKalau awak menjadi pemimpin\nJadilah pemimpin lurus bicara;Pantun Nasihat;Pantun Nasihat
2924;kalau hendak memetik sukun\npetik sukun berpohon rendah\nkalau belajar dengan tekun\nilmu didapat dengan mudah;Pantun Nasihat;Pantun Nasihat
2925;kalau hendak merebus belera\ncencang dulu tampak putihnya\nkalau hendak memutus perkara\ntimbang lah dulu baik buruknya;Pantun Nasihat;Pantun Nasihat
2928;kalau informasinya kurang\ntanyalah langsung ke penghulu\njangan percaya omongan orang\naku masih setia kek dulu;Pantun Nasihat;Pantun Nasihat
2929;kalau ingin batu permata\nmenyelamlah ke samudera\nkalau ingin sebuah cinta\naku siap memberikannya;Pantun Nasihat;Pantun Kasih Sayang
2931;kalau ingin menyeberang pulau\nkapal dibantu tiupan angin\ntak usah ingat yang jauh dirantau\nsiapa tahu telah berkawin;Pantun Nasihat;Pantun Kasih Sayang
2932;kalau ingin naik keledai\njangan pergi seorang diri\nkalau ingin menjadi pandai\nrajin belajar setiap hari;Pantun Nasihat;Pantun Nasihat
2933;kalau jalan jalan ke danau toba\nkalau datang jangan lupa berkemah\ndan kalau sudah tiba senja menyapa\ncepat cepat kembali pulang kerumah;Pantun Nasihat;Pantun Nasihat
2935;kalau kaki tertusuk duri\nsakit ke hati terasa hancur\nkalau tidur dia berdiri\nkalau berdiri dia tidur;Pantun Nasihat;Pantun Nasihat
2937;kalau kamu lagi di pantai\njangan lupa menggelar tikar\nkalau kamu ingin pandai\njangan lupa rajin belajar;Pantun Nasihat;Pantun Nasihat
2939;kalau kamu pergi ke dusun\njangan lupa bawa beras\nbelajarlah dengan tekun\nsupaya kamu naik kelas;Pantun Nasihat;Pantun Nasihat
2941;kalau kancil sedang dikejar\nia lari ke tengah pasar\nketika kecil rajin belajar\nakan pandai di waktu besar;Pantun Nasihat;Pantun Nasihat
2942;kalau keladi sudah ditanam\njanganlah lagi meminta talas\nkalau budi sudah ditanam\njanganlah lagi meminta balas;Pantun Nasihat;Pantun Kiasan
2945;kalau kita menebang jati\nbiar serpih tumbangnya jangan\nkalau kita mencari ganti\nbiar lebih kurang jangan;Pantun Nasihat;Pantun Nasihat
2946;kalau kita pergi ke pangkalan\nlebih baik makan di sawah\nkalau kita tidak ada keperluan\nlebih baik diam di rumah;Pantun Nasihat;Pantun Nasihat
2947;kalau kita rajin bekerja\npasto rezeki akan diberkahi\nilmu berguna bekal dewasa\ntaat kepada perintah illahi;Pantun Nasihat;Pantun Nasihat
2948;kalau kita tidak bergalah\njangan takut membentang kajang\nkalau kita tidak bersalah\njangan takut ditantang orang;Pantun Nasihat;Pantun Nasihat
2949;kalau kita tidak bersuluh\njangan takut berjalan malam\nkalau kita tidak bermusuh\njangan takut makan setalam;Pantun Nasihat;Pantun Kiasan
2950;kalau ku tahu manisnya susu\ntak kan kucampur dengan gula\nkalau ku tau cintamu palsu\ntak kan ku mulai dari pertama;Pantun Nasihat;Pantun Nasihat
2951;kalau libur pergi berenang\nistirahat di tengah taman\nberhijab hatiku semakin tenang\nbersimpuh kepadanya semakin nyaman;Pantun Nasihat;Pantun Nasihat
2952;kalau makan buah semangka\njangan lupa buang bijinya\nkalau dijalan betemu tetangga\nada baiknya saling bertegur sapa;Pantun Nasihat;Pantun Nasihat
2955;kalau memagar rumpun bawang\npagar dahulu lapis berlapis\nkalau mendengar pengaduan orang\ndengarkan dulu habishabis;Pantun Nasihat;Pantun Nasihat
2956;kalau memang gigi sudah ompong\nsegeralah pergi ke dokter gigi\njangan jadi anak yang sombong\npasti kan rugi di kemudian hari;Pantun Nasihat;Pantun Nasihat
2957;kalau menangguknangguk udang\ntangguk dianyam rapatrapat\nkalau duduk di tempat orang\nduduklah dengan duduk bersifat;Pantun Nasihat;Pantun Nasihat
2958;kalau mencari belut di tengah sawah\njangan lupa bawa senter\nkalau tetap harus keluar rumah\njangan lupa pakai masker;Pantun Nasihat;Pantun Nasihat
2959;kalau menulis di atas meja\njangan menulis di waktu malam\nyang punya rumah di luar saja\norang lain duduk di dalam;Pantun Nasihat;Pantun Nasihat
2962;kalau nelayan membawa jala\nbeli satu diberi lima\nkalau orang bernama ella\nmungkin edannya sudah lama;Pantun Nasihat;Pantun Hiburan
2963;kalau nona pergi ke lampung\nbiar saya yang bawakan barangnya\nkalau nona ingin jadi burung\nbiar saya yang jadi ranting kayunya;Pantun Nasihat;Pantun Kasih Sayang
2965;kalau panas pakailah topi\nsiangsiang jalan sepi\ntemanku bernama rafi\nkena kurap dekat pipi;Pantun Nasihat;Pantun Hiburan
2971;kalau rotan dipanjat benalu\nsekerat disimpan di dalam bakul\nkalau beban sudah ke bahu\nberat ringan wajib dipikul;Pantun Nasihat;Pantun Kiasan
2973;kalau sampan terbawa arus\nasal jangan dibawa buaya\nada enaknya jadi orang kurus\nmakan piring tak ada yang percaya;Pantun Nasihat;Pantun Hiburan
2975;kalau sudah bertanam ubi\nrawatlah kebun jangan bosan\nkalau sudah bertanam budi\njangan berharap balasan insan;Pantun Nasihat;Pantun Kiasan
2977;kalau sudah duduk berdamai\njangan lagi diajak perang\nkalau sunah sudah dipakai\njangan lagi dibuangbuang;Pantun Nasihat;Pantun Nasihat
2980;kalau sulit merendam pekasam\nrendamlah daun buah selasih\nkalau kulit hitam legam\ndirendam setahun tak akan putih;Pantun Nasihat;Pantun Hiburan
2981;Kalau tahu peria itu pahit\nTidak ku gulai dengan petola\nKalau tahu bercinta itu sakit\nTidak ku mulai dari semula;Pantun Nasihat;Pantun Dukacita
2982;kalau tajam bila perang\njangan bermain sembarangan\nlebih baik putus sekarang\nhidup sendiri tak berpacaran;Pantun Nasihat;Pantun Nasihat
2984;kalau tanduk menjadi gading\nambillah sirih agak seganggang\nkalau duduk dalam berunding\npikiran jernih dada pun lapang;Pantun Nasihat;Pantun Nasihat
2985;kalau tangkap ikan di laut lepas\njanganlah sampai memakai pukat\nbekerja lah dengan ikhlas\nniscaya rejeki akan dekat;Pantun Nasihat;Pantun Nasihat
2986;kalau tidak karena puan\ntidak bintang meninggi hari\nkalau tidak karena tuan\ntidak beta sampai kemari;Pantun Nasihat;Pantun Nasihat
2987;kalau tidak karena unggas\ntidaklah rusak padi di sawah\nkalaulah tidak karena tugas\ntidaklah kita akan berpisah;Pantun Nasihat;Pantun Dukacita
2988;kalau tilam sudahlah basah\njemur sekarang di atas atap\nbudaya etam sangatlah indah\nsungguh sayang janganlah lenyap;Pantun Nasihat;Pantun Nasihat
2989;kalau tuan bawa keladi\nbawa juga si pucuk rebung\nkalau tuan bijak bestari\napa binatang tanduk di hidung;Pantun Nasihat;Pantun Hiburan
2990;kalau tuan bawa merpati\nbawakan juga sarang burung\nkalaulah tuan bijak bestari\nbinatang apa yang tanduk di hidung;Pantun Nasihat;Pantun Hiburan
2991;kalau tuan berbudi bahasa\ncobalah tebak di dalam peti\nwahai pahlawan tanpa tanda jasa\nselamat datang di sekolah kami;Pantun Nasihat;Pantun Sukacita
2992;kalau tuan ingin berenang\npilihlah kolam yang dalam\nbadan ini sungguh tak tenang\nkalau mulut sedang panas dalam;Pantun Nasihat;Pantun Nasihat
2994;kalau tuan ke jakarta\njangan lupa ke kota tua\ndingin cuaca mulai terasa\nselamat malam untuk yang dicinta;Pantun Nasihat;Pantun Nasihat
2995;kalau tuan ke kota tua\njangan kupa naik sepeda\nbuang sampah pada tempatnya\nlingkungan bersih dan terjaga;Pantun Nasihat;Pantun Nasihat
2996;kalau tuan ke kota tua\njangan lupa naik sepeda\nmurid rajin banyak ilmunya\nmurid malas banyak bohongnya;Pantun Nasihat;Pantun Nasihat
2997;kalau tuan membuat dupa\nbuatlah dari kayu cendana\nbuang sampah pada tempatnya\nagar bersih senantiasa;Pantun Nasihat;Pantun Nasihat
2999;kalau tuan menangkap laba\nmasukkan saja kedalam botol\nkalau tuan sayangkan nyawa\nhindarkan minuman yang beralkohol;Pantun Nasihat;Pantun Nasihat
3002;Kalau tuan mudik ke hulu\nJangan lupakan orang di sini\nInternet pemangkin generasi baru\nMengapa boleh jadi begini;Pantun Nasihat;Pantun Nasihat
3003;kalau tuan naik keladi\nbawakan juga pucuk daun kecubung\nkalau tuan bijak bestari\nbinatang apa tanduk di hidung;Pantun Nasihat;Pantun Hiburan
3004;kalau tuan naik kuda\njangan lupa pegang tali\nselamat hari rabu untuk semua\nmari semangat tumbuhkan kembali;Pantun Nasihat;Pantun Nasihat
3006;kalau tuan pergi ke daik\nikatan sampan di kuala muda\njika puan istri yang baik\nizinkanlah suamimu kawin dua;Pantun Nasihat;Pantun Hiburan
3007;kalau tuan pergi ke jogja\njangan lupa minum es semangka\nmari kita tanam bunga\nagar semarak lingkungan kita;Pantun Nasihat;Pantun Nasihat
3011;kalau tuan pergi ke tanjung\nbelikan sahaya pisau lipat\nkalau tuan menjadi burung\nsahaya menjadi benang pengikat;Pantun Nasihat;Pantun Kiasan
3012;kalau tuan pergi ke tanjung\nkirim saya sehelai baju\nkalau tuan menjadi burung\nsahaya menjadi ranting kayu;Pantun Nasihat;Pantun Nasihat
3015;kalau tuan tajuk cendana\nambil padi sukatkan padi\nbila tuan memang bijaksana\nbinatang apa bertanduk di kaki;Pantun Nasihat;Pantun Hiburan
3016;kalaulah ada sumur di ladang\nboleh kiranya menumpang mandi\nkalaulah ada umur yang panjang\nbolehlah nanti bertemu lagi;Pantun Nasihat;Pantun Nasihat
3017;kalaulah jadi pergi ke ladang\nkain panjang cari dahulu\nkalaulah jadi pergi berdagang\ninduklah semang cari dahulu;Pantun Nasihat;Pantun Nasihat
3019;Kampung Melayu di Indrapura\nMekar indah si bunga rumput\nKitar semula agenda negara\nMengapa sukar disahut;Pantun Nasihat;Pantun Nasihat
3020;kampung nuri simpangnya empat\nditengahnya ada tugu singa\nmalming datang begitu cepat\nsedang aku tetap sendiri jua;Pantun Nasihat;Pantun Dukacita
3023;kancil jatuh kakinya luka\nuntung ditolong oleh rusa\nnaik delman siapa suka\nkita putarputar desa;Pantun Nasihat;Pantun Sukacita
3025;kancil lari tidak terkejar\nrusa lari sambil berputar\nsekarang kita mulai belajar\nsupaya jadi anak yang pintar;Pantun Nasihat;Pantun Nasihat
3026;kancil lompat lewat kawat\nhendak lari membeli jajan\nsapi siapa yang paling kuat\nitulah sapi mbah marijan;Pantun Nasihat;Pantun Hiburan
3027;Kancil melompat katak heran\nKatak lompat pelan-pelan\nSebentar lagi kita liburan\nIngin aku jalan-jalan;Pantun Nasihat;Pantun Nasihat
3028;kancil menulis di daun lontar\nketika mentari telah bersinar\nbelajar tak sekedar pintar\nnamun menjadi pribadi benar;Pantun Nasihat;Pantun Nasihat
3030;kancil punya banyak teman\nrumah lama sudah pindah\nmari pelihara bunga di taman\nsupaya sekolah tampak indah;Pantun Nasihat;Pantun Nasihat
3031;kancil sedih karena kehilangan\nsedih kalah dalam perlombaan\nbuang sampah jangan sembarangan\nlingkungan sehat jadi dambaan;Pantun Nasihat;Pantun Nasihat
3033;kancil tinggi melompatnya\nsekali lari cepat berlalu\nbuang sampah pada tempatnya\nagar sekolah kita bersih selalu;Pantun Nasihat;Pantun Nasihat
3034;Kapal belayar menuju seberang\nSinggah sebentar di Kuala Deli\nJika hidup mahu dikenang\nBerbuat baik sepenuh hati;Pantun Nasihat;Pantun Nasihat
3035;kapal berangkat penumpang melambai\nsemoga selamat ke seberang sana\nmari menuju indonesia damai\ndalam keberagaman nusa dan bangsa;Pantun Nasihat;Pantun Nasihat
3037;kapal bersandar di pelabuhan\nberlayar lagi ke begawan\npikiranku tak karuan\nrindu senyummu yang menawan;Pantun Nasihat;Pantun Kasih Sayang
3038;Kapal dagang belayar jauh\nSinggah sebentar di pelabuhan\nJika hidup ingin teguh\nSediakan ilmu dan kesabaran;Pantun Nasihat;Pantun Nasihat
3039;Kapal dagang berlabuh lama\nMengisi bekal sebelum berlayar\nJika cita hendak tercapai semua\nSusun langkah dengan sabar;Pantun Nasihat;Pantun Nasihat
3040;kapal dagang dari seberang\npenuh muatan kayu meranti\ndari jauh tuan puan datang\ndengan senyuman kami menanti;Pantun Nasihat;Pantun Kasih Sayang
3041;Kapal kecil berlayar jauh\nBerpandukan bintang di langit tinggi\nJika tekad sudah kukuh\nHalangan datang tidakkan lari;Pantun Nasihat;Pantun Nasihat
3042;Kapal kecil berlayar malam\nBintang jadi penunjuk arah\nJika hidup dalam kelam\nPegang iman jangan menyerah;Pantun Nasihat;Pantun Nasihat
3043;Kapal kecil di teluk sunyi\nSauh dilabuh menahan arus\nJika tujuan sudah dimiliki\nPegang prinsip jangan terkelus;Pantun Nasihat;Pantun Nasihat
3044;Kapal kecil menuju muara\nDibawa arus dari hulu\nJika ingin berjaya segera\nRajin berusaha sejak dulu;Pantun Nasihat;Pantun Nasihat
3045;kapal kecil nelayan berlabuh\nsaat mentari semakin ke barat\nmeski jarak membentang jauh\nbukan berarti hilang sahabat;Pantun Nasihat;Pantun Nasihat
3046;kapal nelayan di tengah lautan\nmenangkap ikan jumlah banyak\npramuka patuh pada atasan\ntidak membantah dan mengelak;Pantun Nasihat;Pantun Nasihat
3047;kapal nelayan hendak berlabuh\npetani pulang dari sawah\nmeski raga begitu jauh\nhati tetap ada di rumah;Pantun Nasihat;Pantun Nasihat
3053;karena gempa jalan terbelah\nlewat sungai naik sampan\nsebelum pergi sekolah\njangan lupa untuk sarapan;Pantun Nasihat;Pantun Nasihat
3054;karena godaan si tampan rupa\nmaka terayu putri mahkota\nmohon maaf atas segala kata\nyang mungkin mengusik lautan jiwa;Pantun Nasihat;Pantun Nasihat
3056;karena menunggak pajak\ndia banyak yang mencaricari\nsejak kita terpisah oleh jarak\nrindu menyiksaku tiap hari;Pantun Nasihat;Pantun Kasih Sayang
3057;karena sering menahan duka\nkepala pening seakan mau mati\nkarena bersaing dengan yang tua\nbanyak bujang tak dapat istri;Pantun Nasihat;Pantun Hiburan
3062;Karung beras isinya ragi\nWarnanya putih bagaikan gigi\nKerja keras sedari pagi\nDapat rejeki harus berbagi;Pantun Nasihat;Pantun Nasihat
3063;karung hilang dikasih semen\nditinggal ayam satu kabur\ngimana ente dibilang cemen\ndikasih cendol malah kabur;Pantun Nasihat;Pantun Hiburan
3067;Kata tua kata bermanfaat\nBanyak manfaat dapat dirasa\nHina bangsa tiada muafakat\nTidak muafakat umat binasa;Pantun Nasihat;Pantun Nasihat
3068;Kata tua kata bertuah\nTuah melekat seisi alam\nHina bangsa kerana lemah\nLemah akibat tidak sefaham;Pantun Nasihat;Pantun Nasihat
3070;katak jatuh ke dalam kain\nhendak hati makan bubur\nkata ibu boleh bermain\nbermain hanya di hari libur;Pantun Nasihat;Pantun Nasihat
3071;Katak teriak memanggil hujan\nBimbang dirinya dimakan ular\nKejujuran penting dalam kehidupan\nMengapa rasuah masih menular;Pantun Nasihat;Pantun Nasihat
3073;katun bukan sembarang katun\nkatun untuk baju kebaya\nini pantun bukan sembarang pantun\npantun tentang rokok yang bahaya;Pantun Nasihat;Pantun Nasihat
3075;Kayu akasia tumbuh cepat\nDaunnya rindang menahan panas\nJika ingin langkah tepat\nRancang dahulu sebelum beralas;Pantun Nasihat;Pantun Nasihat
3076;kayu bakar dibuat arang\narang dibakar memanaskan diri\njangan mudah menyalahkan orang\ncermin muka lihat sendiri;Pantun Nasihat;Pantun Nasihat
3077;Kayu bakar dibuat arang\nArang disimpan dalam lemari\nJangan mudah salahkan orang\nCermin muka lihat sendiri;Pantun Nasihat;Pantun Nasihat
3079;kayu beringin mudah dipahat\ntumbuh dekat rumah camat\nlingkungan bersih badan sehat\napapun akan terasa nikmat;Pantun Nasihat;Pantun Nasihat
3083;kayu diambil dengan gergaji\ngergaji tumpul membelah bumi\nbapakibu dan adik kami\njangan tangisi perpisahan ini;Pantun Nasihat;Pantun Nasihat
3085;Kayu gaharu harum baunya\nDisimpan rapi dalam lemari\nJika ilmu tinggi nilainya\nGunakan ia untuk berbagi;Pantun Nasihat;Pantun Nasihat
3086;Kayu gaharu harum baunya\nDisimpan rapi di dalam peti\nJika ilmu tinggi nilainya\nGunakan untuk manfaat diri;Pantun Nasihat;Pantun Nasihat
3087;kayu jati bertimbal jalan\nangin kencang patahkan dahan\nibu mati bapak berjalan\nkemana untung diserahkan;Pantun Nasihat;Pantun Kiasan
3089;Kayu jati dibuat meja\nPermukaannya halus berkilau\nJika ingin jadi manusia\nBerbudi bahasa jangan melampau;Pantun Nasihat;Pantun Nasihat
3091;kayu jati hendak diketam\nkayu jati banyak di hutan\nsungguh enak berkulit hitam\nkalau malam tidak keliatan;Pantun Nasihat;Pantun Hiburan
3092;kayu jati menjadi bangku\nambil dari puncak bukit\ncuci sepatu setiap minggu\nkalau kotor banyak penyakit;Pantun Nasihat;Pantun Nasihat
3095;Kayu mahoni dari Balikpapan\nDikirim memakai pesawat terbang\nJati ditanam penuh harapan\nSebentar tumbuh rumput ilalang;Pantun Nasihat;Pantun Kiasan
3097;kayu mempoyan kulitnya manis\npatah galah dalam paya\nlaku perempuan mulutnya manis\ncakap sepatah jangan percaya;Pantun Nasihat;Pantun Nasihat
3099;Kayu meranti dibuat papan\nDisusun rapi jadi dinding\nJika ingin capai harapan\nJangan malas belajar dan berunding;Pantun Nasihat;Pantun Nasihat
3101;Kayu meranti lurus berdiri\nDaunnya rimbun menahan panas\nJika bersih nurani diri\nSegala urusan terasa lepas;Pantun Nasihat;Pantun Nasihat
3102;Kayu meranti lurus berdiri\nDaunnya rimbun menahan panas\nJika hati bersih nurani\nSegala langkah terasa ikhlas;Pantun Nasihat;Pantun Nasihat
3105;Kayu nibung dibuat titi\nMenjadi jambatan kecil di rawa\nJika jujur dalam hati\nOrang percaya tanpa dipaksa;Pantun Nasihat;Pantun Nasihat
3107;kayu patah dimakan hama\nanak kembar memakan petai\ningatlah pepatah lama\nbelajar itu pangkal pandai;Pantun Nasihat;Pantun Nasihat
3108;kayu pintu kayu palang\nnasi gulai dari lepau\nwaktu tak bisa diputar ulang\nyang berlalu tak bisa terjangkau;Pantun Nasihat;Pantun Nasihat
3109;Kayu rengas keras batangnya\nTumbuh tinggi di hutan sunyi\nJika sabar kuat jiwanya\nTak mudah runtuh diterpa hari;Pantun Nasihat;Pantun Nasihat
3111;kayu terbakar menjadi abu\nabu disimpan di balik pintu\njanganlah kau jauh dariku\naku akan selalu sayang padamu;Pantun Nasihat;Pantun Kasih Sayang
3114;kayuh sepeda menuju pangkalan\nberhenti sebentar minum kopi\npeluh melanda ganggu pandangan\njadi berdebar maklum grogi;Pantun Nasihat;Pantun Nasihat
3115;ke anak sungai mencari ikan\nikan diternak dalam tebat\ndari kecil kita berteman\nmeski berpisah tetaplah bersahabat;Pantun Nasihat;Pantun Nasihat
3116;Ke bukit hijau melihat kabut\nKabut tipis menyelimuti\nJika ingin langkah tak surut\nTerus berusaha sepenuh hati;Pantun Nasihat;Pantun Nasihat
3117;Ke bukit hijau melihat pelangi\nWarna indah selepas hujan\nJika ingin hidup berarti\nJangan takut pada ujian;Pantun Nasihat;Pantun Nasihat
3118;Ke bukit tinggi melihat kabut\nKabut tipis menyelimuti\nJika ingin hidup tak surut\nTerus berusaha sepenuh hati;Pantun Nasihat;Pantun Nasihat
3119;Ke bukit tinggi melihat kabut\nKabut tipis turun perlahan\nJika ingin langkah tak surut\nPercaya diri dalam tindakan;Pantun Nasihat;Pantun Nasihat
3120;Ke bukit tinggi melihat mentari\nMentari pagi hangat sinarnya\nJika ingin kuat berdiri\nBangun semangat dalam jiwa;Pantun Nasihat;Pantun Nasihat
3124;ke dalam hutan berburu rusa\nrusa terjebak kakinya luka\npancasila ideologi negera\nburung garuda itu lambangnya;Pantun Nasihat;Pantun Nasihat
3126;Ke danau biru melihat perahu\nPerahu kecil berlayar pelan\nJika ingin hati tak layu\nHapus benci dan kesalahan;Pantun Nasihat;Pantun Nasihat
3127;Ke danau sunyi melihat angsa\nAngsa putih berenang tenang\nJika ingin hidup sentosa\nSaling tolong jangan berang;Pantun Nasihat;Pantun Nasihat
3128;Ke danau sunyi melihat ikan\nIkan kecil berenang riang\nJika ingin hidup berkesan\nJadilah pribadi yang tenang;Pantun Nasihat;Pantun Nasihat
3129;ke dapur mengambil talas\nuntuk bekal nanti berkemah\njika engkau ingin naik kelas\njanganlah lupa belajar di rumah;Pantun Nasihat;Pantun Nasihat
3130;Ke desa jauh membawa bekal\nBekal nasi dibungkus daun\nJika ingin sukses kekal\nTekun usaha sepanjang tahun;Pantun Nasihat;Pantun Nasihat
3131;Ke desa jauh membawa pesan\nPesan penting untuk saudara\nJika ingin hidup menawan\nTebar senyum pada semua;Pantun Nasihat;Pantun Nasihat
3132;Ke desa jauh menempuh jalan\nJalan sempit di antara sawah\nJika ingin kuat pendirian\nPegang nilai jangan berubah;Pantun Nasihat;Pantun Nasihat
3133;Ke desa jauh meniti titian\nTitian kayu di atas kali\nJika ingin kuat pendirian\nPegang teguh prinsip diri;Pantun Nasihat;Pantun Nasihat
3138;Ke desa membawa makanan\nDisambut ramah penuh senyuman\nHargai setiap perbedaan\nAgar indah dalam pergaulan;Pantun Nasihat;Pantun Nasihat
3139;Ke desa membawa rezeki\nDisambut ramah sepenuh hati\nPerbanyak sabar dan syukuri\nAgar hidup penuh berkahi;Pantun Nasihat;Pantun Nasihat
3140;Ke desa pagi membawa jajanan\nAnak kecil penuh kegembiraan\nHidup bukan sekadar tontonan\nNamun ladang untuk amalan;Pantun Nasihat;Pantun Nasihat
3141;Ke desa pagi membawa roti\nDisambut hangat oleh petani\nBelajar bersyukur setiap hari\nAgar hati tak mudah iri;Pantun Nasihat;Pantun Nasihat
3142;Ke desa pagi membawa roti\nDisambut hangat oleh petani\nJika ingin sukses nanti\nBelajarlah dengan sepenuh hati;Pantun Nasihat;Pantun Nasihat
3143;Ke desa pagi membawa roti\nDisambut hangat penuh simpati\nBangun akhlak dalam diri\nSupaya hidup terhormat nanti;Pantun Nasihat;Pantun Nasihat
3144;Ke desa pagi membawa roti\nDisambut ramah penuh ceria\nKatanya ingin hidup berarti\nKerja sebentar minta cuti saja;Pantun Nasihat;Pantun Hiburan
3146;ke eropa menonton liga\nsetelah itu beli sepatu\njangan lupa kamu berolahraga\nagar sehat setiap waktu;Pantun Nasihat;Pantun Nasihat
3147;Ke gunung membawa bekal nasi\nUdara sejuk menenangkan dada\nJika ingin hidup berprestasi\nDisiplin diri adalah kuncinya;Pantun Nasihat;Pantun Nasihat
3148;Ke gunung pergi melihat awan\nAwan putih berarak perlahan\nHidup ini penuh cobaan\nDihadapi dengan kesabaran;Pantun Nasihat;Pantun Nasihat
3149;ke hulu membuat pagar\njangan terpotong batang durian\ncari guru tempat belajar\nsupaya jangan sesal kemudian;Pantun Nasihat;Pantun Nasihat
3150;ke hulu memotong pagar\njangan terpotong batang durian\ncari guru tempat belajar\njangan jadi sesal kemudian;Pantun Nasihat;Pantun Nasihat
3152;Ke hutan bambu mencari rebung\nRebung muda dipetik hati-hati\nJika ingin hidup beruntung\nRajin usaha sepenuh hati;Pantun Nasihat;Pantun Nasihat
3153;ke hutan berburu rusa\nrusanya lepas langsung dikejar\njika ingin hidup bahagia\nsejak muda tekun belajar;Pantun Nasihat;Pantun Nasihat
3154;ke hutan cari kayu gaharu\nuntuk diolah menjadi bangku\nuntukmu sahabat baikku\nselamat ultah buatmu;Pantun Nasihat;Pantun Kasih Sayang
3155;ke hutan cari kayu jati\nuntuk diolah jadi kursi\njadilah anak yang berani\ntunjukan bakat dan potensi diri;Pantun Nasihat;Pantun Nasihat
3156;Ke hutan kecil mencari jamur\nJamur putih tumbuh di batang\nJika hidup ingin teratur\nDisiplin waktu jangan terbuang;Pantun Nasihat;Pantun Nasihat
3157;Ke hutan kecil mencari kayu\nKayu kering untuk perapian\nJika ingin hidup selalu maju\nBelajar dari pengalaman;Pantun Nasihat;Pantun Nasihat
3158;ke hutan mencari batu\nsekalian mencari kayu\nbila ingin menyerap ilmu\nturutilah kata guru;Pantun Nasihat;Pantun Nasihat
3159;Ke hutan mencari kayu jati\nKayu diikat dengan tali rotan\nJaga lisan dan jaga hati\nAgar hidup penuh kebaikan;Pantun Nasihat;Pantun Nasihat
3160;Ke hutan mencari rotan\nRotan kuat diikat tali\nJika ingin banyak kawan\nJangan sombong tinggi hati;Pantun Nasihat;Pantun Nasihat
3161;Ke hutan mencari rotan\nRotan kuat diikat tali\nJika ingin dihormati kawan\nJangan suka tinggi hati;Pantun Nasihat;Pantun Nasihat
3162;Ke hutan mencari rotan\nRotan kuat diikat tali\nJika ingin dihormati kawan\nRendahkan diri jangan tinggi hati;Pantun Nasihat;Pantun Nasihat
3163;Ke hutan mencari rotan\nRotan panjang diikat tali\nKatanya jarang ketiduran\nFilm mulai sudah mimpi lagi;Pantun Nasihat;Pantun Hiburan
3164;Ke hutan pinus melihat rusa\nUdara sejuk terasa damai\nJika ingin hidup sentosa\nSaling tolong tanpa lalai;Pantun Nasihat;Pantun Nasihat
3166;Ke hutan rimba mencari damar\nDamar diambil secukupnya\nJika ingin hidup tetap benar\nJangan tergoda oleh dunia;Pantun Nasihat;Pantun Nasihat
3169;ke kalimantan bersua suku dayak\nanak kecil bermain gasing\ntak bisa lagi ku berbuat banyak\nmemang hatimu yang ingin berpaling;Pantun Nasihat;Pantun Dukacita
3170;ke kamar mandi celananya basah\naku keringkan dengan kipas\njanganlah kamu bolos sekolah\nkalau tidak ingin naik kelas;Pantun Nasihat;Pantun Nasihat
3173;ke kampung sebelah naik sepeda\nparkirnya di rumah ketua\njika kita rajin berolahraga\nsehat dan kuatlah tubuh kita;Pantun Nasihat;Pantun Nasihat
3174;Ke kebun apel memetik buah\nApel segar jatuh ke tanah\nJika ingin hidup berkah\nJangan dekat pada yang salah;Pantun Nasihat;Pantun Nasihat
3176;Ke kebun bunga memetik mawar\nMawar merah harum baunya\nJika ingin hidup terasa segar\nSyukuri nikmat sepanjang usia;Pantun Nasihat;Pantun Nasihat
3177;Ke kebun bunga menanam mawar\nMawar merah harum baunya\nJika ingin nama bersinar\nJaga sikap dan tutur katanya;Pantun Nasihat;Pantun Nasihat
3178;Ke kebun durian memetik buah\nDurian jatuh pecah kulitnya\nJika ingin hidup berkah\nJaga amanah yang dipercayanya;Pantun Nasihat;Pantun Nasihat
3179;Ke kebun kopi memetik buah\nBuah merah jatuh ke tanah\nJika ingin hidup berkah\nJangan lalai dalam amanah;Pantun Nasihat;Pantun Nasihat
3181;Ke kebun luas menanam cabai\nCabai merah pedas rasanya\nJika ingin hidup damai\nJaga emosi dalam jiwa;Pantun Nasihat;Pantun Nasihat
3182;Ke kebun luas menanam sawi\nSawi hijau tumbuh rapi\nJika ingin rezeki diberkahi\nBekerjalah sepenuh hati;Pantun Nasihat;Pantun Nasihat
3183;Ke kebun mangga memetik buah\nMangga matang jatuh ke tanah\nJika ingin hidup berkah\nJauhi maksiat dan salah;Pantun Nasihat;Pantun Nasihat
3184;Ke kebun melihat lebah\nLebah hinggap di bunga merah\nJika ingin hidup berkah\nRajin ibadah jangan lengah;Pantun Nasihat;Pantun Nasihat
3185;Ke kebun melihat pepaya\nPepaya matang warna jingga\nJika hidup ingin berjaya\nTekun belajar sepanjang masa;Pantun Nasihat;Pantun Nasihat
3187;Ke kebun memetik delima\nDelima merah manis rasanya\nJika ingin hidup utama\nUtamakan akhlak mulia;Pantun Nasihat;Pantun Nasihat
3189;Ke kebun memetik delima\nDelima merah rasanya lezat\nJika ingin hidup mulia\nJaga akhlak setiap saat;Pantun Nasihat;Pantun Nasihat
3190;Ke kebun memetik mangga\nMangga muda rasanya asam\nJika ingin hidup sejahtera\nJangan tinggalkan ibadah malam;Pantun Nasihat;Pantun Nasihat
3192;Ke kebun memetik pepaya\nPepaya matang jatuh sendiri\nJika ingin hidup berjaya\nPercaya diri dan berani;Pantun Nasihat;Pantun Nasihat
3193;Ke kebun memetik rambutan\nRambutan merah ranum sekali\nJika ingin dihormati teman\nBersikap jujur sepenuh hati;Pantun Nasihat;Pantun Nasihat
3194;Ke kebun memetik sayuran\nSayuran hijau penuh kesegaran\nRajin membaca tambah wawasan\nAgar luas cara pandangan;Pantun Nasihat;Pantun Nasihat
3195;Ke kebun memetik seray\nSerai wangi dibawa pulang\nKatanya tak pernah lebay\nDipanggil nama langsung melayang;Pantun Nasihat;Pantun Nasihat
3196;Ke kebun pagi membawa keranjang\nKeranjang rotan diisi mangga\nJika hidup terasa panjang\nGunakan waktu untuk berkarya;Pantun Nasihat;Pantun Nasihat
3197;Ke kebun pagi memetik kopi\nKopi hitam harum baunya\nJika ingin langkah tak berhenti\nRawat tekad dan semangat jiwa;Pantun Nasihat;Pantun Nasihat
3198;Ke kebun pala memetik biji\nBiji kering dijemur rata\nJika ingin dihargai nanti\nBersikap rendah pada sesama;Pantun Nasihat;Pantun Nasihat
3199;ke kebun panen daun keladi\nuntuk dimasak sore hari\nesok hari telah menanti\ntidurlah nyenyak malam ini;Pantun Nasihat;Pantun Nasihat
3200;ke kebun panen semangka\npulangnya sekalian bawa mangga\nmeski lelah siang harinya\nmalamnya kuta tersuka cita;Pantun Nasihat;Pantun Nasihat
3201;Ke kebun tebu memotong batang\nBatang manis dibawa pulang\nJika ingin nasibmu terang\nKerja keras jangan menghilang;Pantun Nasihat;Pantun Nasihat
3202;Ke kebun teh di lereng tinggi\nDaun muda dipetik perlahan\nJika ingin dihargai nanti\nTepati janji dan perkataan;Pantun Nasihat;Pantun Nasihat
3203;Ke kebun tomat memetik merah\nTomat ranum segar rasanya\nJika ingin hidup berkah\nPerbanyak syukur dalam jiwa;Pantun Nasihat;Pantun Nasihat
3204;ke kota batu membeli ketan\njangan sampai batu hantam\nkalau siang tidak kelihatan\nsaat malam matanya seram;Pantun Nasihat;Pantun Hiburan
3205;ke kota bertemu kerabat\nsambil menjalin silaturahmi\nselamat tidur para sahabat\nsampai berjumpa esok hari;Pantun Nasihat;Pantun Sukacita
3206;Ke kota besar menaiki bis\nJalan panjang terasa melelahkan\nJika ingin mimpi tetap manis\nJangan berhenti melangkahkan;Pantun Nasihat;Pantun Nasihat
3207;Ke kota jauh membeli tinta\nTinta hitam untuk menulis\nJika ingin hidup tercipta\nSusun rencana dengan realistis;Pantun Nasihat;Pantun Nasihat
3208;Ke kota lama membeli buku\nBuku dibaca di waktu senggang\nIlmu bertambah seiring waktu\nJika rajin dan tekun berjuang;Pantun Nasihat;Pantun Nasihat
3209;Ke kota lama membeli kain\nSinggah sebentar di rumah paman\nJangan menunda pekerjaan lain\nAgar hidup penuh ketenangan;Pantun Nasihat;Pantun Nasihat
3210;ke kota pekanbaru membeli ulos\nbeli ulos penuh bergambar\nanak sekolah jangan membolos\njika membolos tak jadi pintar;Pantun Nasihat;Pantun Nasihat
3211;Ke ladang jagung melihat petani\nPetani tekun bekerja pagi\nJika ingin berhasil nanti\nRajin usaha setiap hari;Pantun Nasihat;Pantun Nasihat
3212;Ke ladang luas memetik kapas\nKapas putih lembut seratnya\nJika ingin hidup pantas\nPerbaiki diri setiap masa;Pantun Nasihat;Pantun Nasihat
3213;Ke ladang luas menanam cabai\nCabai merah tumbuh merata\nJika ingin hidup pandai\nRajin membaca dan bertanya;Pantun Nasihat;Pantun Nasihat
3214;Ke ladang luas menanam labu\nLabu besar tumbuh merata\nJika ingin maju selalu\nTingkatkan usaha setiap masa;Pantun Nasihat;Pantun Nasihat
3215;Ke ladang luas menanam singkong\nSingkong muda tumbuh subur\nJika ingin hati tak kosong\nIsi hari dengan syukur;Pantun Nasihat;Pantun Nasihat
3216;Ke ladang luas menanam wijaya\nWijaya tumbuh di tanah basah\nJika ingin hidup berjaya\nJangan lelah berbuat baik dan tabah;Pantun Nasihat;Pantun Nasihat
3217;Ke ladang luas menanam wijen\nWijen kecil tumbuh perlahan\nJika ingin hasilnya keren\nSabar proses jangan bosan;Pantun Nasihat;Pantun Nasihat
3219;Ke ladang menanam kedelai\nTanah subur setiap hari\nJika ingin hidup damai\nJauhi iri dan dengki;Pantun Nasihat;Pantun Nasihat
3220;Ke ladang padi bersama ayah\nMenyabit padi hingga petang\nJika hidup penuh amanah\nOrang percaya datang mendatang;Pantun Nasihat;Pantun Nasihat
3221;Ke ladang pergi menanam padi\nTanah subur siap digarap\nJika ingin hasil kelak menghampiri\nRawat proses dengan sikap mantap;Pantun Nasihat;Pantun Nasihat
3222;ke lapangan mengembala keledai\nbawa unta ke tengah gurun\nsebelum acara kita mulai\nizinkan saya membawakan pantun;Pantun Nasihat;Pantun Sosial Budaya
3223;ke luar kota menjual tabung\ntabung dijual lalu dibeli lagi\njangan lupa rajin menabung\nagar kau kelak tidak merugi;Pantun Nasihat;Pantun Nasihat
3225;ke mahkamah konstitusi\nmendaftarkan gugatan pemilu\njangan mengedepankan emosi\njika kamu tak ingin nantinya malu;Pantun Nasihat;Pantun Nasihat
3226;ke medan laga pergi berperang\npedang tuan di dalam peti\nbukan datang sembarang datang\ndatang mengundang sepuluh jari;Pantun Nasihat;Pantun Nasihat
3227;ke medan naik kereta api\nsinggah sejenak di sibolga\npramuka sejati bajunya rapi\ntentu sedap dipandang mata;Pantun Nasihat;Pantun Nasihat
3228;ke medan untuk beli ulos\nmembeli ulos yang penuh gambar\nrajinlah sekolah jangan bolos\nagar kelak jadi anak pintar;Pantun Nasihat;Pantun Nasihat
3229;ke mekah sudah ke arab sudah\nceritanya beraneka rupa\nbekerja sudah berdoa sudah\ntawakal jangan dilupa;Pantun Nasihat;Pantun Nasihat
3231;Ke pantai duduk beralasan\nMenatap laut penuh keheningan\nKendalikan hawa keinginan\nAgar kuat menahan godaan;Pantun Nasihat;Pantun Nasihat
3232;Ke pantai duduk sendiri\nMenatap ombak datang pergi\nJangan cepat berputus asa diri\nKarena harapan selalu menanti;Pantun Nasihat;Pantun Nasihat
3233;Ke pantai melihat karang\nOmbak besar datang berulang\nJika ingin hidup tenang\nJangan suka menipu orang;Pantun Nasihat;Pantun Nasihat
3235;Ke pantai melihat karang\nOmbak datang berulang-ulang\nJika ingin hidup tenang\nJangan suka menyakiti orang;Pantun Nasihat;Pantun Nasihat
3236;Ke pantai melihat karang\nOmbak datang berulang-ulang\nKatanya tak pernah bimbang\nPilih baju saja bingung panjang;Pantun Nasihat;Pantun Hiburan
3238;Ke pantai melihat ombak\nOmbak besar jangan ditakutkan\nJika hidup ingin tampak\nJadilah insan yang membanggakan;Pantun Nasihat;Pantun Nasihat
3239;Ke pantai melihat senja\nLangit jingga indah warnanya\nJika hidup penuh usaha\nKeberhasilan datang padanya;Pantun Nasihat;Pantun Nasihat
3240;Ke Pantai membawa perahu\nLayar dibentang ke arah timur\nNgaku pintar hafal ilmu\nTapi ada ujian langsung kabur;Pantun Nasihat;Pantun Nasihat
3241;Ke pantai pagi melihat karang\nAir biru memantul terang\nJika hidup terasa bimbang\nTeguhkan hati dan tujuan terang;Pantun Nasihat;Pantun Nasihat
3242;Ke pantai pagi melihat nelayan\nPerahu kecil berlayar pelan\nHidup bukan hanya hiburan\nNamun ladang untuk amalan;Pantun Nasihat;Pantun Nasihat
3243;Ke pantai pagi melihat nelayan\nPerahu kecil berlayar perlahan\nJika ingin masa depan\nBerusaha keras penuh keyakinan;Pantun Nasihat;Pantun Nasihat
3244;Ke pantai selatan melihat karang\nOmbak memukul tanpa henti\nJika ingin langkahmu terang\nTeguhkan tekad dalam hati;Pantun Nasihat;Pantun Nasihat
3245;Ke pantai timur melihat surya\nSinar pagi hangat terasa\nJika ingin hidup berjaya\nPercaya diri dan berusaha;Pantun Nasihat;Pantun Nasihat
3246;Ke pantai utara melihat perahu\nPerahu kecil berlayar pelan\nJika ingin hati tak layu\nHapus marah dan kesalahan;Pantun Nasihat;Pantun Nasihat
3247;ke pasar apa mau dibeli\ntidak berniat beli ikan\nhidup hanya satu kali\nsayang kalau disiasiakan;Pantun Nasihat;Pantun Nasihat
3249;ke pasar beli semangka\nsemangka manis warnanya merah\nkatanya diet tanpa gula\nlihat es teh langsung menyerah;Pantun Nasihat;Pantun Hiburan
3253;Ke pasar desa membeli lada\nLada hitam ditakar rata\nJika ingin hidup bahagia\nHindari dusta dalam berkata;Pantun Nasihat;Pantun Nasihat
3254;Ke pasar lama membeli kerah\nBenang sutera warna keemasan\nJika berjanji jangan berhelah\nTepatilah dengan keikhlasan;Pantun Nasihat;Pantun Nasihat
3256;ke pasar malam beli kue bolu\nkue bolu manis rasanya\njika letih istirahat dulu\nrejeki itu tak akan kemana;Pantun Nasihat;Pantun Nasihat
3257;Ke pasar malam melihat lentera\nCahaya kecil menerangi gelap\nKebaikan meski sederhana\nAkan terasa besar dampaknya tetap;Pantun Nasihat;Pantun Nasihat
3258;ke pasar malam naik komidi putar\nperginya bersama teman si caca\nkalau mau jadi anak pintar\nbanyak belajar dengan membaca;Pantun Nasihat;Pantun Nasihat
3259;ke pasar membeli alas meja\nbelilah yang berwarna biru tua\nselamat hari rabu buat semua\njangan lupa bayar utangnya;Pantun Nasihat;Pantun Nasihat
3260;ke pasar membeli batik\ntiba di pasar turun hujan\ntahun kemarin sudah baik\nharus lebih baik di tahun depan;Pantun Nasihat;Pantun Nasihat
3263;Ke pasar membeli beras\nTak lupa membeli kelapa\nHidup tenang jauh dari cemas\nJika ikhlas dalam segala upaya;Pantun Nasihat;Pantun Nasihat
3264;Ke pasar membeli buah duku\nDuku manis rasanya segar\nJika hidup ingin bermutu\nJujur dan amanah harus dipagar;Pantun Nasihat;Pantun Nasihat
3265;ke pasar membeli buah duku\njangan lupa membeli ketela\njangan kamu jahat padaku\nkarena aku bisa gila;Pantun Nasihat;Pantun Hiburan
3266;ke pasar membeli car rumah\nsebentar lagi mau lebaran\npenyakit itu dapat dicegah\nasalkan disiplin jaga kesehatan;Pantun Nasihat;Pantun Nasihat
3268;ke pasar membeli kaca\nke toko membeli jamu\nbanyakbanyaklah membaca\nkarena baca adalah kunci ilmu;Pantun Nasihat;Pantun Nasihat
3269;Ke pasar membeli kain sutra\nSutra halus berwarna merah\nJika ingin hidup sentosa\nJauhi dengki dan iri yang parah;Pantun Nasihat;Pantun Nasihat
3270;Ke pasar membeli kain sutra\nTak lupa bunga kenanga wangi\nIlmu tanpa akhlak percuma\nBagaikan raga tanpa rohani;Pantun Nasihat;Pantun Kiasan
3272;ke pasar membeli kain sutra\ntak lupa membeli bunga kenanga\nilmu diamalkan membawa cahaya\nbukan sekedar hiasan belaka;Pantun Nasihat;Pantun Nasihat
3275;Ke pasar membeli pakaian\nPakaian rapi tampak sopan\nJaga diri dari kemaksiatan\nAgar hati tetap ketenangan;Pantun Nasihat;Pantun Nasihat
3276;Ke pasar membeli pepaya\nSinggah sebentar membeli roti\nJika hidup ingin berjaya\nPerbaiki akhlak dalam diri;Pantun Nasihat;Pantun Nasihat
3277;ke pasar membeli racun\npulangnya beli kedondong\nhei kalian yang jago pantun\nkeluarin pantunnya dong;Pantun Nasihat;Pantun Nasihat
3278;Ke pasar membeli roti\nRoti manis rasa keju\nKatanya rajin introspeksi diri\nSalah sedikit menyalahkan kamu;Pantun Nasihat;Pantun Nasihat
3279;ke pasar membeli salak\nuntuk kemudian dibagibagi\njanganlah kamu menjadi tamak\nagar diri tidak merugi;Pantun Nasihat;Pantun Nasihat
3280;Ke pasar membeli sayur\nSayur hijau tampak segar\nTuntut ilmu dengan jujur\nAgar derajat semakin besar;Pantun Nasihat;Pantun Nasihat
3281;Ke pasar membeli sayuran\nSayur segar dimasak ibu\nKalau ingin banyak teman\nJadilah pribadi yang lugu;Pantun Nasihat;Pantun Nasihat
3282;Ke pasar membeli selasih\nSinggah pula membeli keladi\nJika hati ingin bersih\nJauhi iri dalam diri;Pantun Nasihat;Pantun Nasihat
3284;Ke pasar membeli teri\nTeri asin dibungkus daun\nJika ingin dihormati negeri\nJadilah warga yang santun;Pantun Nasihat;Pantun Nasihat
3285;ke pasar membeli timah\nuntuk membuat miniatur rumah\npagipagi berangkat sekolah\nsorenya berangkat ke madrasah;Pantun Nasihat;Pantun Nasihat
3286;Ke pasar membeli tomat\nTomat merah segar sekali\nJika ingin hidup selamat\nTaat aturan sepenuh hati;Pantun Nasihat;Pantun Nasihat
3287;Ke pasar membeli tomat\nTomat merah segar sekali\nKatanya mau hidup hemat\nDiskon dikit belanja lagi;Pantun Nasihat;Pantun Nasihat
3288;Ke pasar membeli tomat\nTomat merah tampak segar\nJika ingin hidup selamat\nTaat aturan dan sabar;Pantun Nasihat;Pantun Nasihat
3292;Ke pasar pagi membeli beras\nBeras putih dimasak ibu\nKalau niat sudah ikhlas\nLangkah hidup takkan ragu;Pantun Nasihat;Pantun Nasihat
3293;Ke pasar pagi membeli beras\nBeras putih dimasak nasi\nJika ingin hidup terasa puas\nHindari iri dan dengki hati;Pantun Nasihat;Pantun Nasihat
3294;Ke pasar pagi membeli beras\nBeras putih dimasak perlahan\nJika ingin hidupmu ikhlas\nTerimalah takdir dengan ketabahan;Pantun Nasihat;Pantun Nasihat
3295;Ke pasar pagi membeli gula\nTak lupa membeli ketan\nJika janji sudah terucap pula\nJangan sekali mengingkari ucapan;Pantun Nasihat;Pantun Nasihat
3296;Ke pasar pagi membeli kain\nKain sutra dilipat rapi\nJika janji telah terucap lain\nHendaknya selalu ditepati;Pantun Nasihat;Pantun Nasihat
3297;Ke pasar pagi membeli ketan\nKetan putih dibuat lemang\nJika ingin kuat bertahan\nHadapi ujian dengan tenang;Pantun Nasihat;Pantun Nasihat
3298;Ke pasar pagi membeli ketan\nTak lupa membeli kelapa\nJika janji sudah diucapkan\nUsahakan jangan dilupa;Pantun Nasihat;Pantun Nasihat
3299;Ke pasar pagi membeli ketan\nTak lupa membeli kelapa\nJika janji telah diucapkan\nJangan mudah untuk terlupa;Pantun Nasihat;Pantun Nasihat
3300;Ke pasar pagi membeli sayur\nSayur segar dimasak ibu\nJika ingin hidup terasa makmur\nHargai usaha dan jerih payahmu;Pantun Nasihat;Pantun Nasihat
3301;Ke pasar pagi membeli talas\nTalas muda dimasak gulai\nJika ingin langkahmu jelas\nTentukan arah sejak mulai;Pantun Nasihat;Pantun Nasihat
3302;ke pasar raya membeli anting\nanting dibeli berjumlah lima\ntahu sesuatu itu penting\npaham perkara itu yang utama;Pantun Nasihat;Pantun Nasihat
3303;Ke pasar sore membeli jeruk\nJeruk manis rasanya segar\nJika hati sering terpuruk\nBangkit perlahan jangan gentar;Pantun Nasihat;Pantun Nasihat
3304;Ke pasar sore membeli telur\nTelur segar dimasak sederhana\nJika ingin hidup terasa makmur\nKelola rezeki dengan bijaksana;Pantun Nasihat;Pantun Nasihat
3307;ke pulau seberang membawa barang\nsubuh hari berangkat berlayar\nkalo pidatoku kurang panjang\nsilakan undang lagi tapi bayar;Pantun Nasihat;Pantun Nasihat
3308;Ke Purwodadi membeli barang\nBarang langka modelnya lama\nJangan peduli gunjingan orang\nAsal benar sesuai agama;Pantun Nasihat;Pantun Nasihat
3309;ke puskesmas pergi berobat\nke sekolah pergi belajar\nsemoga kamis tetap semangat\nbanyak utang yang harus dibayar;Pantun Nasihat;Pantun Nasihat
3312;Ke rumah pulang membawa syukur\nHati tenang tanpa keluh\nJika ingin hidup terasa luhur\nJaga iman dan akhlak teguh;Pantun Nasihat;Pantun Nasihat
3313;ke rumah teman naik sepeda\nmembawa tas dan juga buku\nmet ultah suami tercinta\ntetaplah jadi pria hebatku;Pantun Nasihat;Pantun Kasih Sayang
3314;ke rumah teman pakai sepeda\npulangnya ketika hari hujan\nsebelum senimar saya buka\nkuucapkan salam untuk kalian;Pantun Nasihat;Pantun Nasihat
3315;Ke rumah tua membuka jendela\nCahaya masuk perlahan-lahan\nJika ingin hidup bercahaya\nBukalah hati untuk kebenaran;Pantun Nasihat;Pantun Nasihat
3316;Ke sawah hijau melihat panen\nPanen raya penuh syukur\nJika ingin hasilnya keren\nBekerja tekun dan jujur;Pantun Nasihat;Pantun Nasihat
3317;Ke sawah hijau melihat petani\nPetani tekun menanam padi\nJika ingin berhasil nanti\nJangan berhenti memperbaiki diri;Pantun Nasihat;Pantun Nasihat
3320;ke sawah membawa pahat\npulangnya bawa seikat kayu\nada kamis sebelum jumat\ndan semua orang juga tahu;Pantun Nasihat;Pantun Nasihat
3321;Ke sawah menanam padi\nAir jernih mengalir lagi\nJangan lalai mencari ilmu tinggi\nAgar masa depan berseri;Pantun Nasihat;Pantun Nasihat
3322;Ke sawah menanam padi\nPadi kuning siap dituai\nKatanya ingin hidup mandiri\nMasak nasi saja tak pandai;Pantun Nasihat;Pantun Hiburan
3323;ke sawah menuai padi\npagi dituai di pagi hari\nnasihat diberikan tidak berhenti\nsupaya kami membaki diri;Pantun Nasihat;Pantun Nasihat
3324;Ke sawah pagi melihat embun\nEmbun bening di pucuk padi\nJika ingin ilmu terhimpun\nRajin belajar setiap hari;Pantun Nasihat;Pantun Nasihat
3325;Ke sawah pagi melihat kabut\nKabut tipis turun perlahan\nJika ingin semangat tak surut\nBangun mimpi dan pertahankan;Pantun Nasihat;Pantun Nasihat
3326;Ke sawah pagi membawa ani-ani\nPadi menguning tampak merata\nJika ingin hidup berarti\nHidupkan empati dalam jiwa;Pantun Nasihat;Pantun Nasihat
3327;Ke sawah pagi membawa cangkul\nTanah subur ditanami padi\nJika ingin hidup terkabul\nJaga lisan dan jaga hati;Pantun Nasihat;Pantun Nasihat
3328;Ke sawah pagi membawa topi\nPanas terik tak jadi halangan\nJika ingin hasil memuaskan nanti\nTekun bekerja tanpa alasan;Pantun Nasihat;Pantun Nasihat
3329;Ke sawah pagi menanam benih\nBenih kecil ditutup tanah\nJika ingin hasilnya bersih\nKerjakan tugas tanpa lelah;Pantun Nasihat;Pantun Nasihat
3331;ke sekolah menuntut ilmu\njangan lupa siapkan buku\nkutuntut ilmu dari guruku\nuntuk meraih citacitaku;Pantun Nasihat;Pantun Nasihat
3338;Ke sungai dangkal mencari siput\nSiput kecil bersembunyi di batu\nJika ingin tekad tak surut\nKuatkan niat dalam kalbu;Pantun Nasihat;Pantun Nasihat
3339;Ke sungai deras meniti batu\nBatu licin terkena arus\nJika ingin hidup bersatu\nBangun percaya tanpa putus;Pantun Nasihat;Pantun Nasihat
3340;Ke sungai hulu mencari udang\nUdang kecil masuk ke jala\nJika ingin hidup gemilang\nBelajar tekun sejak muda;Pantun Nasihat;Pantun Nasihat
3341;Ke sungai jernih mencuci tangan\nAir mengalir sejuk terasa\nJika ingin hidup bertahan\nJaga sehat sepanjang masa;Pantun Nasihat;Pantun Nasihat
3342;Ke sungai kecil mencari udang\nUdang ditangkap dengan jala\nKalau ingin masa depan terang\nIlmu jadi bekal utama;Pantun Nasihat;Pantun Nasihat
3343;Ke sungai melihat aliran\nAir jernih beri kesegaran\nBangun mimpi penuh keyakinan\nAgar nyata jadi kenyataan;Pantun Nasihat;Pantun Nasihat
3344;Ke sungai melihat buih\nAir deras mengalir bersih\nJika ingin hati bersih\nPerbanyak amal yang salih;Pantun Nasihat;Pantun Nasihat
3345;Ke sungai melihat buih\nAir mengalir sangat deras\nJika ingin hati bersih\nTinggalkan sombong dan malas;Pantun Nasihat;Pantun Nasihat
3347;Ke sungai membawa jala\nAir jernih mengalir nyata\nJangan suka berkata dusta\nNanti hilang rasa percaya;Pantun Nasihat;Pantun Nasihat
3348;ke sungai membawa tempayan\nair jernih mengalir perlahan\njangan Lelah menuntut pengetahuan\nkarena bodoh membawa kesusahan;Pantun Nasihat;Pantun Nasihat
3349;Ke sungai membawa tempayan\nAir jernih mengalir tenang\nIlmu benar jadi pegangan\nHidup selamat dunia terang;Pantun Nasihat;Pantun Nasihat
3350;Ke sungai menangkap ikan\nIkan kecil masuk jala\nJika ingin hidup mapan\nBekerja keras sejak muda;Pantun Nasihat;Pantun Nasihat
3352;Ke sungai mencuci kain\nAir jernih mengalir pelan\nKatanya tak pernah main\nGame sedikit lupa makan;Pantun Nasihat;Pantun Hiburan
3353;Ke sungai pergi membawa jala\nIkan kecil tertangkap perlahan\nJika ingin hidup terasa lega\nLepaskan dendam dan beban pikiran;Pantun Nasihat;Pantun Nasihat
3354;ke surabaya naik kereta api\nuntuk bertemu kawan baru\nsenantiasalah memberi arti\npada kami yang butuh ilmu;Pantun Nasihat;Pantun Nasihat
3355;ke tamah bermain naik trampolin\nkarena antri haraplah sabar\nkita belajar dan bermain\nitulah keindahan sekolah dasar;Pantun Nasihat;Pantun Nasihat
3356;ke taman air melihat kolam\nikan berenang berkejar riang\nilmu menyejukkan batin dalam\nmembuat jiwa kuat dan tenang;Pantun Nasihat;Pantun Nasihat
3358;Ke taman bunga melihat kupu\nKupu indah hinggap sejenak\nJika ingin hidup maju\nTerus belajar jangan jarak;Pantun Nasihat;Pantun Nasihat
3359;Ke taman bunga melihat melati\nMelati putih harum sekali\nJika ingin dicintai hati\nBersikap jujur jangan menyakiti;Pantun Nasihat;Pantun Nasihat
3360;Ke taman bunga melihat melati\nMelati putih harum sekali\nJika ingin dicintai hati\nJangan suka menyakiti;Pantun Nasihat;Pantun Nasihat
3361;Ke taman bunga melihat melati\nPutih bersih harum baunya\nJika ingin hidupmu berarti\nJagalah iman dan akhlaknya;Pantun Nasihat;Pantun Nasihat
3363;Ke taman bunga memetik mawar\nMawar merah harum baunya\nJika ingin hidup terasa segar\nSyukuri nikmat yang ada di dunia;Pantun Nasihat;Pantun Nasihat
3364;Ke taman bunga memetik melati\nMelati putih harum baunya\nJika ingin hidup lebih berarti\nJaga sikap serta lakunya;Pantun Nasihat;Pantun Nasihat
3365;Ke taman duduk sendiri\nRumput hijau terasa nyaman\nMuhasabah diri setiap hari\nAgar hidup tidak tertinggal zaman;Pantun Nasihat;Pantun Nasihat
3366;Ke taman duduk sendirian\nMemandang bunga bermekaran\nGunakan waktu dengan bijakan\nAgar tak sia-sia kesempatan;Pantun Nasihat;Pantun Nasihat
3368;Ke taman kota duduk bersila\nAngin sepoi menyentuh wajah\nJika ingin hidup bahagia\nNikmati proses jangan gelisah;Pantun Nasihat;Pantun Nasihat
3370;Ke taman kota duduk sendiri\nAngin sepoi menenangkan dada\nJika ingin pikiran berseri\nLuangkan waktu merawat jiwa;Pantun Nasihat;Pantun Nasihat
3371;Ke taman kota melihat angsa\nAngsa putih berenang tenang\nJika ingin hidup bahagia\nHindari dusta dan curang;Pantun Nasihat;Pantun Nasihat
3372;Ke taman kota melihat bangku\nDuduk sejenak menenangkan diri\nJika ingin pikiran menyatu\nLuangkan waktu refleksi diri;Pantun Nasihat;Pantun Nasihat
3373;ke taman kota melihat bunga\nwarna indah memanjakan mata\nilmu tanpa amal tiada guna\nibarat bunga tanpa aroma;Pantun Nasihat;Pantun Nasihat
3376;Ke taman kota melihat rusa\nRusa jinak berlari kecil\nJika ingin hidup sentosa\nBersikap adil jangan kerdil;Pantun Nasihat;Pantun Nasihat
3377;ke taman kota melihat rusa\nrusa lari karena bising\nkatanya pintar luar biasa\nujian dating malah pusing;Pantun Nasihat;Pantun Nasihat
3378;Ke taman kota melihat seni\nBunga mekar harum sekali\nBerbuat baik tanpa henti\nAgar dikenang sepanjang hari;Pantun Nasihat;Pantun Nasihat
3380;Ke taman luas melihat kijang\nKijang berlari sangat lincah\nJika ingin langkahmu panjang\nJangan mudah merasa lelah;Pantun Nasihat;Pantun Nasihat
3381;Ke taman melihat kupu\nBunga mekar warna-warni\nJangan ragu menuntut ilmu\nKarena ilmu cahaya diri;Pantun Nasihat;Pantun Nasihat
3382;Ke taman melihat pelangi\nAwan putih berarak lagi\nJaga selalu hati nurani\nSupaya hidup tetap berarti;Pantun Nasihat;Pantun Nasihat
3383;Ke taman melihat pelangi\nAwan putih datang lagi\nJaga selalu hati nurani\nSupaya langkah terarah pasti;Pantun Nasihat;Pantun Nasihat
3384;Ke taman melihat pelangi\nWarna indah tampak berseri\nPerbanyak amal tiap hari\nAgar hidup lebih berarti;Pantun Nasihat;Pantun Nasihat
3387;Ke taman memetik melati\nMelati putih harum sekali\nJika ingin bersih hati\nHindari iri dan dengki;Pantun Nasihat;Pantun Nasihat
3388;Ke taman sore duduk tenang\nLangit redup tampak menawan\nJika hidup ingin terasa lapang\nIkhlaskan hati dan lepaskan beban;Pantun Nasihat;Pantun Nasihat
3390;ke tengah hutan mencari rotan\nrotan dijadikan penghias kursi\nbau mulut tak tertahankan\nkarena tidak menggosok gigi;Pantun Nasihat;Pantun Hiburan
3391;ke tengah laut mencari ikan\nterik mentari sungguh menyengat\nsemakin dekat dengan impian\njangan pernah kendorkan semangat;Pantun Nasihat;Pantun Nasihat
3392;Ke tepi danau duduk sendiri\nAir tenang memantul awan\nJika ingin hati tetap suci\nJaga niat dalam perbuatan;Pantun Nasihat;Pantun Nasihat
3393;Ke tepi danau duduk sendiri\nAir tenang memantul cahaya\nJika ingin hati tetap suci\nJaga niat dalam setiap karya;Pantun Nasihat;Pantun Nasihat
3395;Ke tepi danau melihat awan\nBayang putih di air tenang\nJika ingin hidup menenangkan\nKurangi keluh perbanyak tenang;Pantun Nasihat;Pantun Nasihat
3396;Ke tepi danau memancing ikan\nAir tenang memantul cahaya\nJika ingin hidup menenangkan\nIkhlaskan hati terima takdir-Nya;Pantun Nasihat;Pantun Nasihat
3397;ke tepi hilir emas di dulang\ntuan mencuci di atas papan\nsyair disebut nada terbilang\nselamat datang kami ucapkan;Pantun Nasihat;Pantun Sukacita
3398;ke tepi laut siapkan sampan\nuntuk berburu ikan tenggiri\nsoksokan tampang rupawan\ntapi tidak mengukur diri;Pantun Nasihat;Pantun Nasihat
3400;Ke tepi pantai melihat karang\nOmbak kecil menyapu pasir\nHidup rukun saling menyayang\nJauhkan benci jauhkan nyinyir;Pantun Nasihat;Pantun Nasihat
3401;Ke tepi pantai melihat karang\nOmbak memukul tiada henti\nKalau tekad sudah terpegang\nRintangan berat dapat dilewati;Pantun Nasihat;Pantun Nasihat
3402;Ke tepi pantai melihat ombak\nPasir putih berkilau indah\nJika hidup tak ingin terjebak\nPegang prinsip jangan goyah;Pantun Nasihat;Pantun Nasihat
3403;Ke tepi pantai melihat ombak\nPasir putih bersinar terang\nJika ingin hidup tak terjebak\nPegang prinsip jangan goyah gampang;Pantun Nasihat;Pantun Nasihat
3404;Ke tepi pantai melihat perahu\nTali diikat dengan kuat sekali\nJika amanah sudah di pundakmu\nJangan pernah ingkar janji;Pantun Nasihat;Pantun Nasihat
3405;Ke tepi sungai mencuci tangan\nAir jernih mengalir pelan\nJika janji telah diucapkan\nPegang erat jangan dilupakan;Pantun Nasihat;Pantun Nasihat
3406;ke tepi sungai mengambil bambu\nbambu jadikan kandang pekarangan\npertengkaran kecil hanya bumbu\npenikmat kesan pemanis kenangan;Pantun Nasihat;Pantun Nasihat
3407;ke tepi sungai mengambil bambu\nuntuk dirakit menjadi meja\naku menyeyangi orangtuaku\naku tak ingin jadi anak durhaka;Pantun Nasihat;Pantun Kasih Sayang
3408;ke toko beli buku baru\nbukunya ada diatas busa\nterimakasih bapak guru\npengorbananmu luar biasa;Pantun Nasihat;Pantun Nasihat
3410;ke toko buku bersama drian\norangnya tidak pernah sungkan\ntidak pernah kepikiran\nkamu kurus kurang makan;Pantun Nasihat;Pantun Hiburan
3411;ke toko marwan beli pepaya\nlupa diri lupa sarapan\nwahai anak rajinlah dalam berkarya\nkelak engkau jadi orang yang mapan;Pantun Nasihat;Pantun Nasihat
3412;ke toko membeli kain\nkainnya dipakai menantu\njangan cuma ingat bermain\norang tua juga harus dibantu;Pantun Nasihat;Pantun Nasihat
3414;ke warung depan naik sepeda\ndisuruh ibu membeli gula\njadilah pramuka ada adanya\ntanpa memandang tampang dan harta;Pantun Nasihat;Pantun Nasihat
3415;Ke warung membeli gula\nGula manis ditimbang rata\nKatanya tak suka berbicara\nDisuruh diam malah bercerita;Pantun Nasihat;Pantun Nasihat
3416;ke warung membeli rambutan\nrambutan dipegang di tangan kanan\nsepercik harapan aku tuturkan\nuntukmu teman di malam pergantian;Pantun Nasihat;Pantun Sukacita
3418;kebersihan sebagian dari iman\nhimbaulah kepada kawankawan\njika sampah berserakan\nlingkungan kotor banyak kuman;Pantun Nasihat;Pantun Nasihat
3419;kebun hijau isinya tomat\njalan setapak ayo teruskan\nbersahabat itu adalah nikmat\njangan sampai diputuskan;Pantun Nasihat;Pantun Nasihat
3420;kecilkecil ikan tenggiri\nikan pari lebar sekali\nkarena terlambat bangun pagi\nair menyiram di rabu pagi;Pantun Nasihat;Pantun Nasihat
3422;kedua tangan saling menjabat\nbukan mengepal saling memukul\nsesama insan saling menghormat\nbukan menghantam saling memukul;Pantun Nasihat;Pantun Nasihat
3425;kehutan rimba berburu rusa\njanganlah lupa membawa tali\nwahai para penerus bangsa\ncepat bangun bergegas mandi;Pantun Nasihat;Pantun Nasihat
3427;kelapa berjajar di lereng gunung\nbuahnya lebat tidak terhitung\nberjasa besar sebanding gunung\nanak yang taat pasti beruntung;Pantun Nasihat;Pantun Nasihat
3428;kelapa jatuh takkan terbelah\npergi memancing bawalah umpan\nkalau hendak pergi ke sekolah\njangan lupa kita sarapan;Pantun Nasihat;Pantun Nasihat
3433;kelapkelip kusangka api\nkalau api dimana puntungnya\nhilang gaib disangka mati\nkalau mati dimana kuburnya;Pantun Nasihat;Pantun Nasihat
3435;kelelawar pulang ketika fajar\nsetelah pergi cari makan\njangan sampai malas belajar\norang malas temannya setan;Pantun Nasihat;Pantun Nasihat
3438;kelinci kecil berlarilari\ndi tengah taman penuh bunga\nmendengar musik mari menari\nbersama teman penuh suka cita;Pantun Nasihat;Pantun Nasihat
3441;kemana hendak mencabut duri\nke orang pandai rumah di hulu\nkemana ilmu hendak dicari\nke sekolah bersama guru;Pantun Nasihat;Pantun Nasihat
3442;kemana kancil akan dikejar\nmasuk belukar tempatnya lari\ndimasa kecil rajinlah belajar\njikalau besar selamatlah diri;Pantun Nasihat;Pantun Nasihat
3443;kemana kancil kita kejar\nkedalam pasar kita mencari\nketika kecil rajin belajar\nsetelah besar senanglah diri;Pantun Nasihat;Pantun Nasihat
3444;kemana mawar yang berduri\nke tengah taman yang berseri\nkemana ilmu hendak dicari\nkepada guru bijak bestari;Pantun Nasihat;Pantun Nasihat
3446;Kembang mekar bunga siantan\nMenjadi wangian peneman si suri\nMerpati sejoli membentuk ikatan\nTerurai janji keluarga terpatri;Pantun Nasihat;Pantun Nasihat
3447;kembar bukan sembarang kembar\nkembar sama saat dilihat\nbelajar bukan sembarang belajar\nbelajar ilmu yang bermanfaat;Pantun Nasihat;Pantun Nasihat
3450;kemumu di tengah pekan\ndi hembus angina jatuh ke bawah\nilmu yang tak pernah di amalkan\nbagai pohon tak berbuah;Pantun Nasihat;Pantun Nasihat
3453;kemuning ditengah balai\nbertumbuh terus semakin tinggi\nberunding dengan orang tak pandai\nbagaikan alu pencungkil duri;Pantun Nasihat;Pantun Kiasan
3455;kenapa harus jauhkan dosa\nsupaya tidak masuk neraka\nkenapa kita harus berpuasa\nsupaya jadi insan bertakwa;Pantun Nasihat;Pantun Nasihat
3458;kentangkentung menumbuk cekur\nbubuh lada berulam penggaga\norang beruntung sering bersyukur\napa yang ada pasti dijaga;Pantun Nasihat;Pantun Nasihat
3459;kepada siapa datangnya wahyu\nkepada nabi wahyu turun\ndari mana datangnya ilmu\ndari belajar dengan tekun;Pantun Nasihat;Pantun Nasihat
3460;kepala ayah pusing sebelah\naku disuruh membeli obat\njagalah kebersihan sekolah\nbiar menjadi lingkungan yang sehat;Pantun Nasihat;Pantun Nasihat
3461;kepala pundak lutut kaki\nkaki pegal pijat perlahan\njangan selalu iri dan dengki\nsebab menimbulkan kegelisahan;Pantun Nasihat;Pantun Nasihat
3464;kepalanya baru terbentur\ndibenturkan temannya ke bangku\nsetiaku takkan pernah luntur\nmeski banyak yang menggodaku;Pantun Nasihat;Pantun Kasih Sayang
3466;kera bemain lempar gelas\nkancil membuat tali anyaman\nayolah teman bersihkan kelas\nsupaya rapi dan juga nyaman;Pantun Nasihat;Pantun Nasihat
3469;kerak lumut batu bata\nbelum tinggi sudah dibabat\nsekolah menjadi tempat kita\nmencari ilmu yang bermanfaat;Pantun Nasihat;Pantun Nasihat
3470;kerakap tumbuh di lantai\npohon ijuk tumbuh berbanjar\nbercakap kami tak pandai\nmohon diberi tunjuk dan ajar;Pantun Nasihat;Pantun Nasihat
3471;keras bukan dari baja\nbanyak harta bukan kaya\nbermahkota bukan raja\nbersisik bukan buaya;Pantun Nasihat;Pantun Hiburan
3472;keras memang si batu karang\nanak siapa rambutnya pirang\nmenuduh orang jangan sembarang\nselidiki dahulu hingga terang;Pantun Nasihat;Pantun Nasihat
3473;keras sekali kayu jati\nbukit tinggi tetap didaki\nberani sudahlah pasti\nitulah tabiat anak lakilaki;Pantun Nasihat;Pantun Nasihat
3476;kereta berjalan di atas roda\nraja menghela memberi tanda\ndengarkanlah wahai ananda\ncukuplah nasehat dari ayahanda;Pantun Nasihat;Pantun Nasihat
3477;kereta cepat tak terkejar\nkuda lari berputarputar\nmarilah kita rajin belajar\nmogamoga menjadi pintar;Pantun Nasihat;Pantun Nasihat
3480;kerja bakti para masyarakat\nmasak nangka dan batang talas\ndunia universitas itu berat\nakan ringan jika hati ikhlas;Pantun Nasihat;Pantun Nasihat
3483;kerja tak boleh kenal lelah\ndari hari senin sampai sabtu\nguru bukan hanya ada di sekolah\npengalaman juga termasuk guru;Pantun Nasihat;Pantun Nasihat
3484;Kerjakan PR janganlah malas\nBisa-bisa tak naik kelas\nBerbuat baik haruslah ikhlas\nTiada berharap mendapat balas;Pantun Nasihat;Pantun Nasihat
3485;kerlip bintang menghias malam\nsinar bulan menerangi bumi\njika tidak menjaga alam\nmanusia juga yang merugi;Pantun Nasihat;Pantun Nasihat
3488;kertas putih berangkaprangkap\nkertas manila bagus dilipat\nbertanggung jawab adalah sikap\nbagi lakilaki yang hebat;Pantun Nasihat;Pantun Nasihat
3489;kertas putih untuk ditulis\nbenang putih asalnya katun\nkalau orang suka menulis\ndi saat tua tidak akan pikun;Pantun Nasihat;Pantun Nasihat
3491;kesukaanku adalah bunga kertas\nindah rupanya menghias taman\nbuku lebih kujadikan prioritas\nwalau tak jajan pasti kulakukan;Pantun Nasihat;Pantun Nasihat
3494;ketika hari sudah hujan\njangan lupa siapkan payung\nhindari merokok berlebihan\nkarena mengganggu fungsi jantung;Pantun Nasihat;Pantun Nasihat
3495;ketika hujan mulai menghadang\nsegeralah ambil payung\ntak sabar rasanya ingin pulang\nmemeluk ibu yang ada di kampung;Pantun Nasihat;Pantun Dukacita
3497;ketika malam mati lampu\nsemua jadi terlihat gelap\nsetiap malam ibu menimang aku\nagar tidurku begitu lelap;Pantun Nasihat;Pantun Kasih Sayang
3498;ketika masa libur tiba\naku mengunjungi rumah saudara\nhari ini masanya tiba\nibu berlalu untuk selamanya;Pantun Nasihat;Pantun Nasihat
3500;ketika membeli kacamata\nkeingat ada pesanan buku\nkalau boleh aku meminta\njagalah hatimu hanya untukku;Pantun Nasihat;Pantun Nasihat
3505;kicauan burung mengusir penat\nyang berkicau adalah nuri\nsesama manusia saling hormat\njangan sampai saling mencaci;Pantun Nasihat;Pantun Nasihat
3507;kincir angin slalu berputar\ndi atas kayu puncak tinggi\njika ingin jadi anak pintar\njangan malas bangun pagi;Pantun Nasihat;Pantun Nasihat
3509;Kiri jalan kanan pun jalan\nTengah-tengah pohon mengkudu\nKirim jangan pesan pun jangan\nSama-sama menanggung rindu;Pantun Nasihat;Pantun Nasihat
3510;kirim surat akhirnya dibalas\nlarilari sambil melompat\nsikat gigi jangan malas\nbiar nggak ompong dimakan ulat;Pantun Nasihat;Pantun Nasihat
3511;kita bermain sambil belajar\njangan lakukan yang dilarang\nbersedih itu hal yang wajar\nmenyerah itu hal yang pantang;Pantun Nasihat;Pantun Nasihat
3512;kita menari ke luar bilik\nsembarang tari kita tarikan\nkita bernyanyi bersama adik\nsembarang lagi kita menyanyikan;Pantun Nasihat;Pantun Nasihat
3513;kita menari setelah pesta\nsembarang tari kita tarikan\nkita bernyanyi bersama sama\nsembarang lagu kita nyanyikan;Pantun Nasihat;Pantun Nasihat
3514;kita pergi ke rumah camat\ndiantar lurah sungguh senang\njaga wudu setiap saat\ncegah virus korona datang;Pantun Nasihat;Pantun Nasihat
3515;koarkoar masalah tunjangan\nsampaisampai semua tidak sabar\ncoba lihat masalah lingkungan\nyang rusak karena tercemar;Pantun Nasihat;Pantun Nasihat
3516;Kolam ikan ditumbuhi pandan\nMawar putih, anggrek rembulan\nKurang makan, letih di badan\nKurang pikir, tersesat jalan;Pantun Nasihat;Pantun Nasihat
3517;kolam jernih ikannya patin\npohon jambu dahannya merunduk\ngood morning di pagi senin\nlangsung terbayang utang menumpuk;Pantun Nasihat;Pantun Nasihat
3519;Kolam penuh ikan sepat\nUntuk dimasak di daun talas\nKalau ingin ilmu manfaat\nCari guru yang tulus ikhlas;Pantun Nasihat;Pantun Nasihat
3521;kondangan nikah pakai batik\nbagusnya dikasih dua jempol\ntemanku memang sangat cantik\nsayang masih suka mengompol;Pantun Nasihat;Pantun Hiburan
3522;kopi panas jangan dicoba\naduk dulu hingga merata\nhari minggu tak ada beda\nkarena tetap dirumah saja;Pantun Nasihat;Pantun Nasihat
3526;kota bintan banyak perunggu\nkota ciamis membangun tugu\njanji kenan di malam minggu\ntapi gerimis sudah menunggu;Pantun Nasihat;Pantun Nasihat
3529;kota irian cenderawasih\nkaki sakit tertusuk duri\ncukup sekian terimakasih\nsaya pamit undur diri;Pantun Nasihat;Pantun Nasihat
3531;kota suci bernama mekkah\nletaknya di saudi arabia\nmatematika memang susah\nmaka belajarlah agar kau bisa;Pantun Nasihat;Pantun Nasihat
3534;Kuala sungai airnya deras\nBatu besar berdiri teguh\nJika hidup ingin berkelas\nTingkatkan diri bersungguh-sungguh;Pantun Nasihat;Pantun Nasihat
3538;kucing adalah hewan berbulu\npredator laut namanya hiu\ndengan ilmu temukan sesuatu\nteknologipun menjadi baru;Pantun Nasihat;Pantun Nasihat
3541;kucing berlari kelelahan\ntibatiba kucing merintih\nsaat melihat teman kesusahan\nlangsung ditolong tanpa pamrih;Pantun Nasihat;Pantun Nasihat
3544;kucing hutan belang di kaki\ndipungut oleh anak petani\nrajin itu mengundang rezeki\nmembuat mudah hidup ini;Pantun Nasihat;Pantun Nasihat
3548;kucing nakal jangan dihajar\nberikan saja sebuah mainan\ngigih dan tekun dalam belajar\nsupaya sukses di masa depan;Pantun Nasihat;Pantun Nasihat
3549;kucing terjatuh keluar darah\ndiobati sembuh lukanya\njanganlah adik mudah menyerah\nketekunan mengalahkan segalanya;Pantun Nasihat;Pantun Nasihat
3550;kucing tetangga suka mencakar\njangan tercakar bagian badan\njangan lupa untuk belajar\nminggu depan kita ujian;Pantun Nasihat;Pantun Nasihat
3551;kucing tidur di ruang tamu\npindahkan ia ke dalam kardus\nrajinlah belajar wahai adikku\nagar lulus dengan nilai bagus;Pantun Nasihat;Pantun Nasihat
3554;kuda pacu sedang berlaga\nbadan kecil kuat tenaga\njangan lupa berolahraga\nagar sehat jiwa dan raga;Pantun Nasihat;Pantun Nasihat
3555;Kuda poni lari ke gua\nKuda betina menarik sepeda\nSelalu hormati yang lebih tua\nJaga perasaan yang muda-muda;Pantun Nasihat;Pantun Nasihat
3559;kue lemper jatuh ke paku\nmainan anak yang suka usil\njadi dokter citacitaku\nakan kukejar hingga berhasil;Pantun Nasihat;Pantun Sukacita
3560;kue rangin rasanya manis\nkue tart bukanlah lapis\nmalam dingin hujan gerimis\nsebentar bentar kebelet pipis;Pantun Nasihat;Pantun Nasihat
3562;kulit harimau elok disamak\nuntuk tidur dengan nyenyak\njaga diri dari tamak\nniscaya temanmu akan banyak;Pantun Nasihat;Pantun Nasihat
3564;kulit lembu celup samak\nmari dibuat tapak kasut\nharta dunia janganlah tamak\nkalau mati tidak diikut;Pantun Nasihat;Pantun Nasihat
3565;Kulit lembu celupkan samak\nWarnanya putih jangan diinjak\nHarta dunia janganlah tamak\nKalau mati tidak diajak;Pantun Nasihat;Pantun Nasihat
3566;kulit rubah tidak merah\nabuabu warna aslinya\nmeski rebah jangan menyerah\ndengan jari kudayung jua;Pantun Nasihat;Pantun Kiasan
3568;kumpulan kata itu kalimat\nkalau salah hendak diralat\nsering diskusi dan jajak pendapat\nsemakin banyak ilmu bermanfaat;Pantun Nasihat;Pantun Nasihat
3570;kuning warnanya buah pepaya\nhijau tua si buah mangga\nsebelum ulasan saya buka\ndengarkan salam dan santun sapa;Pantun Nasihat;Pantun Nasihat
3571;kuntilanak naik sepeda\nnaik sepeda jalannya mundur\njangan pandang saya lama lama\nnanti malam gk bisa tidur;Pantun Nasihat;Pantun Nasihat
3574;kurakura masuk ke kelas\nkelinci berputar di halaman\nberbuat sesuatu harus ikhlas\njangan pernah harapkan imbalan;Pantun Nasihat;Pantun Nasihat
3576;kurakura mudah dikejar\ntak dapat ia cepat berlari\nilmu didapat dengan belajar\nbelajar harus sepenuh hati;Pantun Nasihat;Pantun Nasihat
3577;kurang makan badan kurus\nada peci disebut songkok\nbayangbayang tak akan lurus\ndari pohon yang tumbuh bengkok;Pantun Nasihat;Pantun Nasihat
3578;kurang tidur badan lesu\nduduk termenung bagaikan batu\nsayur daging juga susu\nitulah makanan yang bermutu;Pantun Nasihat;Pantun Nasihat
3581;kusangka masih malam hari\nrupanya telah datang siang\nkusangka bunga mekar berseri\nrupanya layu dihisap kumbang;Pantun Nasihat;Pantun Kiasan
3583;kutu darat dalam gelas\nmembuat sarang di batu bata\njika gelap melihat jelas\nkalau terang gelap gulita;Pantun Nasihat;Pantun Nasihat
3585;lada pedas ditambah ketumbar\nmadu manis dari si lebah\nhormati guru yang mengajar\nsupaya ilmu menjadi berkah;Pantun Nasihat;Pantun Nasihat
3589;lading tumpul mari diasah\npadi ditumbuk jadikan tepung\nkena hujan sama basah\nterhanyut kita sama terapung;Pantun Nasihat;Pantun Nasihat
3591;lagi di mahkamah konstitusi\ntim lagi serahkan gugatan\nlangkahku jangan selalu dibatasi\njika kamu tak ingin aku tinggalkan;Pantun Nasihat;Pantun Nasihat
3594;lagi pada ngomongin data\ntapi tak peduli yang hilang\njangan tanya soal cinta\ncintaku ini untukmu seorang;Pantun Nasihat;Pantun Kasih Sayang
3595;lagu bernama serampang laut\nditiup angin dari selatan\nlayar dikembang kemudi dipaut\nkalau tak laju binasa badan;Pantun Nasihat;Pantun Nasihat
3597;lakilaki pubertas punya jakun\nsuaranya akan jadi lebih khas\ndalam belajar kita harus tekun\nsupaya tidak perlu tinggal kelas;Pantun Nasihat;Pantun Nasihat
3598;laksamana berbaju besi\nmasuk ke hutan melandalanda\nhidup berdiri dengan saksi\nadat berdiri dengan tanda;Pantun Nasihat;Pantun Nasihat
3601;lama sudah tak bertemu\nbertemu sekali minum jamu\njauhkan malas dari hidupmu\npastilah cerah masa depanmu;Pantun Nasihat;Pantun Nasihat
3603;lama tidak pergi ke ladang\ntinggi rumput dari citaku\nsama gak jadi temberang\nkini sempit lagi belagu;Pantun Nasihat;Pantun Nasihat
3607;lampu bohlam lampu pijar\nlistrik mati nyalakan lilin\nayo kita rajin belajar\nrajin membaca kurangi main;Pantun Nasihat;Pantun Nasihat
3609;lampu jalan terang berpijar\nlampu berdiri di atas papan\nanak sekolah harus belajar\nuntuk meraih masa depan;Pantun Nasihat;Pantun Nasihat
3611;lampu mati nyalakan lilin\nbikin kita dapat melihat\nselamat pagi para hadirin\ntetap bergairah dan semangat;Pantun Nasihat;Pantun Nasihat
3612;lana dan tama pengantin baru\nhidupnya ternyata kian mapan\nmulutmu adalah harimau untukmu\nsenantiasa jagalah ucapan;Pantun Nasihat;Pantun Nasihat
3613;Lancang kuning lancang pusaka\nNampak dari Tanjung Puan\nKalau kering laut Melaka\nBarulah saya lupakan tuan;Pantun Nasihat;Pantun Nasihat
3614;langin senja sangat indah\nmembuat jiwa menjadi tenang\nsekolah rapi tanpa sambah\nmata jadi sedap memandang;Pantun Nasihat;Pantun Nasihat
3615;Langit bening selepas hujan\nPelangi indah tujuh warna\nJika hormat sesama insan\nSejahtera hidup aman sentosa;Pantun Nasihat;Pantun Nasihat
3616;langit berawan badai reda\npulau lombok banyak kuda\npilih perawan atau janda\nkalau perawan sangat menggoda;Pantun Nasihat;Pantun Hiburan
3617;langit biru indah sekali\nsemakin indah ketika senja\nayo kawan ikut dengan kami\nbergabung organisasi pramuka;Pantun Nasihat;Pantun Nasihat
3628;langit cerah berwarna biru\nrindu hati ke kota mekah\nhormati olehmu setiap guru\nkarena akan membawa berkah;Pantun Nasihat;Pantun Nasihat
3632;langit di bumi terlihat biru\nlaut juga senantiasa membiru\nhendak bertuah hormati gurumu\nsupaya dapat berkahnya ilmu;Pantun Nasihat;Pantun Nasihat
3636;Langit luas membiru damai\nBurung camar terbang seiring\nJika kasih takkan terabai\nMengapa kita saling berpaling;Pantun Nasihat;Pantun Nasihat
3638;langit luas warnanya biru\ndiciptakan rabbul izzati\nperhatikan penjelasan guru\nsupaya engkau mudah mengerti;Pantun Nasihat;Pantun Nasihat
3644;langit malam sunyi dan luas\nangin dingin menyentuh pelan\nalam mengajarkan arti ikhlas\nmelepas beban dalam keheningan;Pantun Nasihat;Pantun Nasihat
3645;langit membentang berwarna biru\nlangit dan laut tak akan bertemu\nhormati olehmu seorang guru\nmereka jadi sumber segala ilmu;Pantun Nasihat;Pantun Nasihat
3649;langit mendung diatas lautan\nlebat hujannya tiada terbendung\ngadis berkerudung cantik menawan\nkedip matanya rontokan bulu hidung;Pantun Nasihat;Pantun Hiburan
3650;langit merah ketika senja\nsaat siang berwarna biru\nrokok itu penyakit nyata\nrusakkan jantung dan paruparu;Pantun Nasihat;Pantun Nasihat
3651;langit selalu berwarna biru\nberubah gelap saat malam tiba\nsejak kecil carilah banyak ilmu\nsebagai bekal di masa dewasa;Pantun Nasihat;Pantun Nasihat
3653;Langit senja berwarna jingga\nAngin lembut menyapa desa\nSiapa rajin berusaha\nSukses datang tanpa dipaksa;Pantun Nasihat;Pantun Nasihat
3655;Langit senja berwarna saga\nBurung kembali ke sarang tua\nJika hidup berpaut agama\nLangkah terselamat dari celaka;Pantun Nasihat;Pantun Nasihat
3658;langit senja merah merona\nmerah di tepi bagaikan bara\npacaran itu pintunya zina\nmendapat adzab tak terkira;Pantun Nasihat;Pantun Nasihat
3659;langit sore bersemburat merah\nelok senja menepis lelah\nbelajar giat tak kenal menyerah\nsupaya kelak tidak gampang kalah;Pantun Nasihat;Pantun Nasihat
3661;Langit tembaga menjelang senja\nBurung kembali ke sarang lama\nJika ikhlas memimpin kerja\nBerkat menyusul bersama nama;Pantun Nasihat;Pantun Nasihat
3663;Langsung pahit tumbuh di taman\nAngsana pula tumbuh di kota\nLangit terbuka tiada sempadan\nApa kesannya pada negara;Pantun Nasihat;Pantun Nasihat
3664;lapangan bola amat lebar\ntempat pemain banyak bertemu\nbersabar ketika belajar\nitulah kunci mendapat ilmu;Pantun Nasihat;Pantun Nasihat
3665;lari aku menuju karang\nkaki luka alirkan darah\nkecil memang diriku sekarang\ntapi besar niatku sekolah;Pantun Nasihat;Pantun Nasihat
3666;lari cepat burung puyuh\ntelur tertinggal tak terbawa\nlisan jangan suka mengeluh\nlebih baik banyak berdoa;Pantun Nasihat;Pantun Nasihat
3667;lari cepat si gundala\ncoba kejar laju kereta\nmemang banyak sangat kendala\nsaat kamu gapai citacita;Pantun Nasihat;Pantun Nasihat
3668;lari cepat si gundala\ntuk mengejar laju kereta\nmemang akan banyak kendala\ndalam menggapai citacita;Pantun Nasihat;Pantun Nasihat
3669;lari cepat si hewan kancil\nselamatkan diri dari pemburu\nbelajar sewaktu kecil\nbagai menulis di atas batu;Pantun Nasihat;Pantun Nasihat
3670;lari pagi badan berkeringat\napalagi ketika mentari terbit\nmakanlah makanan sehat\nsupaya badan tidak sakit;Pantun Nasihat;Pantun Nasihat
3671;lari pagi dengan sepatu\npulangnya badan penuh keringat\npergi liburan di hari rabu\nsama utang sendiri tidak ingat;Pantun Nasihat;Pantun Nasihat
3673;laut dalam berwarna biru\ndidalamnya banyak ikan hiu\naku mengharap belas kasihmu\nsemoga tercurah maaf untukku;Pantun Nasihat;Pantun Nasihat
3674;laut dalam tempat berenang\ntempat ikan bermainmain\nsehari seutas benang\nsetahun menjadi sehelai kain;Pantun Nasihat;Pantun Nasihat
3675;laut habitat bagi para satwa\ngelombang tinggi ikan tetap berenang\nbila siang tiba aku tidak suka\nlonceng berbunyi tanda harus pulang;Pantun Nasihat;Pantun Nasihat
3676;Laut luas berombak tenang\nKapal kecil tetap berlayar\nJika hidup mahu gemilang\nBerani tempuh cabaran besar;Pantun Nasihat;Pantun Nasihat
3677;laut luas berwarna biru\ndengan langit seolah bertemu\ngunakan waktu sehatmu\nsebelum datang masa sakitmu;Pantun Nasihat;Pantun Nasihat
3678;Laut luas tampak membiru\nKapal besar tetap berlayar\nJika hidup ingin maju\nBerani tempuh cabaran besar;Pantun Nasihat;Pantun Nasihat
3681;lautan luas warnanya biru\nada ikan cumi dan gurita\nhormatilah ibu bapak guru\nkarena mereka sangatlah berjasa;Pantun Nasihat;Pantun Nasihat
3682;layang layang terbang melayang\nmelayang tinggi tak terlihatkan\nayoo .. kawan bersembahyang\njangan sampai melalaikan;Pantun Nasihat;Pantun Nasihat
3683;layangan terbang melayang\njatuh ke taman direbut orang\njauhjauh pacarku datang\nsudah dekat diambil orang;Pantun Nasihat;Pantun Dukacita
3686;Layar putih terkembang angin\nKapal kecil menuju seberang\nJika hati mahu yakin\nTerus melangkah jangan bimbang;Pantun Nasihat;Pantun Nasihat
3687;Layar robek dijahit kembali\nDengan benang warna perak\nJika silap datang menghampiri\nSegera insaf janganlah retak;Pantun Nasihat;Pantun Nasihat
3688;lebah datang menghisap madu\nkupukupu melihat cemburu\naku akan selalu datang untukmu\nsetiap waktu kukan menghiburmu;Pantun Nasihat;Pantun Kasih Sayang
3689;lebah dipimpin seekor ratu\nmencari bunga dekat kencur\nair lembut menetes di batu\nlamalama batupun hancur;Pantun Nasihat;Pantun Nasihat
3690;lebah tidak bersarang lagi\nhabis pulang ke gunung ledang\nsembah tidak dipanjangkan lagi\nperut lapar hari dah petang;Pantun Nasihat;Pantun Nasihat
3692;lebar batu rumah pusaka\nparang berkarat putih terasah\nbersabar itu lebih utama\ntiada guna berkeluh kesah;Pantun Nasihat;Pantun Nasihat
3693;lebar sekali daun talas\nuntuk menaikkan daun talam\nmakanya jangan suka malas\nsikat gigi pagi dan malam;Pantun Nasihat;Pantun Nasihat
3697;lebat daunnya tempat berlindung\ntempat berlindung tiap hari\nlebih lebih bunda mengandung\nsembilan bulan sepuluh hari;Pantun Nasihat;Pantun Nasihat
3698;lebat kemiri pohonnya rendah\ndahan terikat tali perkasa\nsepuluh jari kami menadah\nmohon berkat yang maha esa;Pantun Nasihat;Pantun Agama
3699;lebat sangat kebun bambu\njamu pahit tak tertelan\nsiapa beribadah tanpa ilmu\ntentu tersesat tak tau jalan;Pantun Nasihat;Pantun Nasihat
3700;leher baju namanya kerah\ndisambung dengan jahitan\nsekolah bukan sekadar ijazah\ntempat cari ilmu dan pengalaman;Pantun Nasihat;Pantun Nasihat
3702;lem kertas jadikan perekat\nuntuk menyatukan kertas layangan\nbulatkan tekat pupuk semangat\nbelajar sungguh di perkuliahan;Pantun Nasihat;Pantun Nasihat
3706;lempar mangga dengan batu\ndijual dengan harga seribu\natas segala pengorbanan darimu\noh ibu maafkan segala salahku;Pantun Nasihat;Pantun Nasihat
3707;lempar mangga dengan batu\njatuh ke atap rumah pak rahman\nkaulah kebutuhan besar hidupku\nsetelah nasi dan pakaian;Pantun Nasihat;Pantun Sukacita
3708;lengus sapi dalam rerumputan\ndijerat tali tembus kehidung\nilmu yang baik karena panutan\ntiada tersesat karena terlindung;Pantun Nasihat;Pantun Nasihat
3711;Letakkan batu di bawah kelapa\nKelapa Jawa dipetik opa\nLima waktu jangan dilupa\nAgar jiwa tak lagi hampa;Pantun Nasihat;Pantun Nasihat
3712;letakkan bumbu di piring coklat\nsantan ditimbun di atas rantang\nmasakan ibu memang paling nikmat\nikan asin pun terasa rendang;Pantun Nasihat;Pantun Sukacita
3715;liburan ke rumah bude\ndi sana merawat sapi\nberangkat pagi pulang sore\nrutin bekerja setiap hari;Pantun Nasihat;Pantun Nasihat
3717;liburan sekolah naik pesawat\nnaik pesawat ke surabaya\nwisuda itu momen yang hebat\njangan sampai tuk dilupa;Pantun Nasihat;Pantun Nasihat
3718;liburan seru di kota binjai\ntak ingin pulang terburuburu\njika diri jadi pandai\nsenantiasa hormatlah pada guru;Pantun Nasihat;Pantun Nasihat
3719;lidi daun kelapa jadikan sapu\nbatangnya jadikan jembatan ke hulu\nsungguh besar jasamu guru\ndengan rela mencurahkan ilmu;Pantun Nasihat;Pantun Sukacita
3720;lihat adik berwajah muram\nbaru jatuh dari sepeda\nberbentuk kotak berwarna hitam\nbisa melihat apa saja;Pantun Nasihat;Pantun Nasihat
3722;lihat hiburan kuda kepang\npenarinya sedang bergoyang\nayo kita ke tanah lapang\njangan lupa bawa layanglayang;Pantun Nasihat;Pantun Nasihat
3724;Lihat kapal berbaris rapat\nTiba di Jawa mengangkut alpokat\nMari beramal selagi sempat\nSebelum jiwa dijemput malaikat;Pantun Nasihat;Pantun Nasihat
3726;lihat kolam jatuh permata\ncincin emas juga terbawa\nselamat malam duhai cinta\nsebelum tidur marilah berdoa;Pantun Nasihat;Pantun Nasihat
3727;lihat pagi sudah terang\nangin meniup pohon ilalang\nbagaimana hati tak girang\nmelihat ayah sudah pulang;Pantun Nasihat;Pantun Nasihat
3729;lilin habis cahaya redup\ngelapnya malam menjadi teman\nseberat apapun masalah hidup\ndengan teman semua jadi ringan;Pantun Nasihat;Pantun Nasihat
3730;Lilin kecil menyala malam\nCahayanya redup namun pasti\nJika usaha jangan tenggelam\nWalau kecil tetap bererti;Pantun Nasihat;Pantun Nasihat
3731;lima anak kucing mengeong\nmereka bingung mencari induknya\nmencari ilmu tak boleh sombong\nbanyak yang lebih pandai di dunia;Pantun Nasihat;Pantun Nasihat
3734;Limau purut di luar pagar\nRimbun putik dengan bunganya\nHujan ribut padang terbakar\nEmbun setitik padam apinya;Pantun Nasihat;Pantun Nasihat
3739;lincah sekali si anak kancil\nbermain dengan anak rusa\nbelajar di waktu kecil\nakan pandai saat dewasa;Pantun Nasihat;Pantun Nasihat
3740;listrik mati lampu padam\nlampu padam bewarna putih\njangan tidur terlalu malam\nbesok ngantuk badannya letih;Pantun Nasihat;Pantun Nasihat
3741;listrik padam nyalakan lilin\nagar jadi terang suasana\nmari jadi anak yang rajin\nagar kelak bisa berguna;Pantun Nasihat;Pantun Nasihat
3742;lohan betina tak pernah kalah\ndapat seekor di tengah hujan\nsebab corona kami tak sekolah\njadi tekor tak dapat duit jajan;Pantun Nasihat;Pantun Nasihat
3743;lonceng berbunyi masuk kelas\nuntuk memulai pelajaran\nbekerjalah kamu dengan ikhlas\nwujudkan apa yang direncanakan;Pantun Nasihat;Pantun Nasihat
3747;luas terhampar petakan sawah\nsubur hijau tiada hama\nhidup tak perlu bermewahmewah\nsederhana itu lebih utama;Pantun Nasihat;Pantun Nasihat
3748;lucu bentuknya si kuda poni\nharganya sungguh mahal sekali\ntak ada guna mengurung diri\nberkenalan lebih bermanfaat lagi;Pantun Nasihat;Pantun Nasihat
3749;lucu nian si naga bonar\npunya istri cantik jelita\nrembulan bintang telah bersinar\nsaatnya untuk pejamkan mata;Pantun Nasihat;Pantun Nasihat
3752;luka kena pisau amat menyayat\nobatilah ia dengan segera\njagalah ibu sepanjang hayat\ndalam hidup dan matinya;Pantun Nasihat;Pantun Nasihat
3757;madu manis dari lebah\nhari panas makan tomat\nsiapa ingin ilmunya berkah\nkepada guru mestilah hormat;Pantun Nasihat;Pantun Nasihat
3759;mahal harganya si ikan tenggiri\nlebih mahal si ikan tuna\nketika minggu tiba kembali\nrindu yang ada kian membara;Pantun Nasihat;Pantun Nasihat
3760;mahapatih paduka seri\nbila berjalan amat gagahnya\nwajah putih sangat berseri\nbagaikan cahaya bulan purnama;Pantun Nasihat;Pantun Kasih Sayang
3763;main bola sama temanteman\nbaru selesai saat malam hari\nkalau panas tidak digunakan\nkalau hujan dicaricari;Pantun Nasihat;Pantun Nasihat
3765;main gasing janganlah rebah\nmemakai tali pelepah pisang\nbudaya asing sudah merambah\nbudaya asli janganlah hilang;Pantun Nasihat;Pantun Nasihat
3766;main gitar memetik senar\nsenar di beli dari bang igur\nkalau fikar ingin pintar\njadilah selalu anak yang jujur;Pantun Nasihat;Pantun Nasihat
3767;main gitar pakai senar\nanak cantik bernama bunga\nmarilah belajar sampai pintar\nagar kelak jadi berguna;Pantun Nasihat;Pantun Nasihat
3768;main ke pasar cari buah srikaya\nmakan sambil berdiri di kapal layar\napa guna punya harta kaya\njika amal tak pernah dibayar;Pantun Nasihat;Pantun Nasihat
3769;main kelereng bersama anjas\ntiba tiba anjas kentut\nanak sekolah sudah masuk kelas\nselalu tenang tidak pernah ribut;Pantun Nasihat;Pantun Nasihat
3772;main mata sekitar muka\nnaik motor tujuan madura\nmaksud kata ingin berjumpa\napalah daya tujuan berbeda;Pantun Nasihat;Pantun Nasihat
3774;maju terus mencari ikan\nikan didapat dalam lobang\nbadan kurus kurang makan\nkalau ditiup langsung terbang;Pantun Nasihat;Pantun Nasihat
3775;mak minah menanak minyak\nkemenyan dibakar dengan setanggi\ndua paha beranak banyak\nuntuk mendaki tempat yang tinggi;Pantun Nasihat;Pantun Nasihat
3777;makan asam muka cemberut\nmakan sayur dicampur santan\njangan pernah engkau takut\nku manusia dan bukan setan;Pantun Nasihat;Pantun Nasihat
3778;makan bakso ada formalin\ntakut banget jadi gusar\npramuka penggalang wajib disiplin\nmengatur waktu untuk belajar;Pantun Nasihat;Pantun Nasihat
3780;makan bakso tambah cuka\ntumpah airnya jadi basah\nkamu tak mau saya tak suka\npertanda kita harus berpisah;Pantun Nasihat;Pantun Nasihat
3781;makan buah jeruk rasanya asam\nsama rasa dengan buah mangga\nayo kawan mari lestarikan alam\nagar bumi selalu terjaga;Pantun Nasihat;Pantun Nasihat
3782;makan buah naga langsung habis\ntulangnya lepas terselip digigi\ngayanya saja seperti artis\ntapi dompetnya tak ada berisi;Pantun Nasihat;Pantun Hiburan
3783;makan bubur di atas meja\nminumannya jus di atas dipan\nhari libur tetap bekerja\ndapat bonus ambilnya tahun depan;Pantun Nasihat;Pantun Hiburan
3784;makan bubur diatas meja\nminumnya jus diatas rak\nhari libur tetap bekerja\ndapat bonus ambilnya di irak;Pantun Nasihat;Pantun Hiburan
3785;makan bubur jangan diaduk\nkarena terasa begitu nikmat\njangan loyo jangan mengantuk\npagipagi harus semangat;Pantun Nasihat;Pantun Nasihat
3787;makan bubur makan talas\nanak ustadz memakai jubah\ntukang mencuri akan dibalas\nhidupnya akan penuh musibah;Pantun Nasihat;Pantun Nasihat
3788;Makan bubur sambil menimba\nAngin pagi terasa sejuknya\nKalau libur telah tiba\nInginnku bermain sepuasnya;Pantun Nasihat;Pantun Nasihat
3791;makan durian campur ketan\nketan lembut enak rasanya\nindahnya sebuah kebersamaan\ndalam pergaulan masa remaja;Pantun Nasihat;Pantun Nasihat
3792;makan durian dalam selada\ncampur ia dengan ketan\ncoba jawab wahai saudara\nmakin diisi semakin ringan;Pantun Nasihat;Pantun Nasihat
3794;makan es bibir jadi beku\nmakannya di kota blitar\nmari kita membaca buku\nsupaya jadi anak pintar;Pantun Nasihat;Pantun Nasihat
3797;makan jeruk di pasar buah\nhabis satu dapat pepaya\njangan lupa untuk sedekah\nkarena itu membuatmu kaya;Pantun Nasihat;Pantun Nasihat
3799;Makan kelapa dicampur tebu\nAyam dikurung di dalam bubu\nJangan pernah membentak ibu\nKarena itu menyakitkan kalbu;Pantun Nasihat;Pantun Nasihat
3800;makan ketan satu kepal\ntiada daging tinggal tulang\njika membaca untuk menghafal\nbaca berkalikali berulangulang;Pantun Nasihat;Pantun Nasihat
3801;makan lemper makan lumpia\nperut kenyang setelah buka\nhindari mainan berbahaya\nkalau tidak mau celaka;Pantun Nasihat;Pantun Nasihat
3802;makan malam sudah tersaji\nsungguh sedap aroma hidangan\njadilah anak yang terpuji\nagar mudah jalani kehidupan;Pantun Nasihat;Pantun Nasihat
3803;makan martabak dengan acar\nperut kenyang tambah tekwan\nilmu didapat dengan belajar\nkunci pembuka pengetahuan;Pantun Nasihat;Pantun Nasihat
3804;makan martabak di restoran\nditambah sambal biar pedas\njadi orang harus beriman\njangan lupa sama yang di atas;Pantun Nasihat;Pantun Nasihat
3805;makan micin ditemani pisang\nmakanya pas hari pahlawan\ncincin manis sudah terpasang\nsebaiknya kita langsung nikahan;Pantun Nasihat;Pantun Kasih Sayang
3806;makan mie dengan garpu\nminumnya dengan air susu\nbangunlah dari tidurmu\nwujudkan mimpimu di hari sabtu;Pantun Nasihat;Pantun Nasihat
3807;makan mie dengan garpu\nsebelum makan diaduk dulu\nsayur daging juga susu\nitulah makanan yang bermutu;Pantun Nasihat;Pantun Nasihat
3808;makan nasi dan gulai cipir\ndicampur dengan rebus kentang\nketika mentari mulai tergelincir\nsemoga malammu selalu berbintang;Pantun Nasihat;Pantun Nasihat
3809;makan nasi dengan tangan kanan\nlauknya masih sisa disimpan\nkita manusia satu sapaan\nbinatang apa dua kehidupan;Pantun Nasihat;Pantun Nasihat
3810;makan nasi di tepi kali\nnasi dimakan bersama lauk teri\nmacam mana mau berbagi\nkarena tak cukup bagi;Pantun Nasihat;Pantun Nasihat
3813;makan nasi pakai tahu\nminumnya pakai jus jambu\njanganlah kau jauh dariku\naku akan selalu sayang padamu;Pantun Nasihat;Pantun Kasih Sayang
3814;makan nasi pake bakwan\ndisiram pake kuah kari\nnusantara penuh keragaman\nlestarikanlah potensi negeri;Pantun Nasihat;Pantun Nasihat
3815;makan nasi sepiring berdua\nsungguh nikmat tiada tara\nawas cowok suka menggoda\ndiamdiam dia buaya;Pantun Nasihat;Pantun Hiburan
3816;makan pagi sepiring berdua\nrasanya enak tiada tara\nawas cowok pandai menggoda\ndiamdiam watak buaya;Pantun Nasihat;Pantun Hiburan
3817;makan pecel ditemani kripik\nsaking pedasnya keringat berurai\nhappy birthday sahabat baik\nsemoga impian lekas tercapai;Pantun Nasihat;Pantun Nasihat
3818;makan pecel pakai daun jati\ntersedak melihat sapi lari\njangan suka sengsarakan hati\nkalau tak mau sengsara diri;Pantun Nasihat;Pantun Nasihat
3819;makan pindang di atas meja\ntak tahu juga pindang siapa\nhari libur tetap semangat kerja\nmeski gaji tak seberapa;Pantun Nasihat;Pantun Nasihat
3820;makan rambutan hilang dahaga\nhabis satu tambah lagi\nangan kesampaian jelang senja\ngadis dan janda telah menanti;Pantun Nasihat;Pantun Nasihat
3823;makan roti makan bakwan\nbakwannya ternyata polos\njangan membolos ya kawan\ntak jadi pintar kalau membolos;Pantun Nasihat;Pantun Nasihat
3826;makan roti sambil minum kopi\nmakannya bersama sonya\njangan hanya bisa bermimpi\ntapi usaha mewujudkannya;Pantun Nasihat;Pantun Nasihat
3829;makan sahur dengan ketan\nbapak langsung baca koran\nkolek es buah jus semua dimakan\nsakit perut karena kekenyangan;Pantun Nasihat;Pantun Hiburan
3831;makan sambal dengan lalapan\nbeli baju buat salin\nlistrik mati gelapgelapan\nbapaknya ribut cari lilin;Pantun Nasihat;Pantun Nasihat
3833;makan siang bareng mertua\nsebelum berangkat ke ladang padi\nsampah di buang pada tempatnya\nbiar sekolah menjadi asri;Pantun Nasihat;Pantun Nasihat
3835;makan soto pake ketupat\nketupatnya sisa lebaran\ncarilah ilmu sampai kau dapat\njangan sampai putus harapan;Pantun Nasihat;Pantun Nasihat
3836;makan susu sapi perah\nhasil peras sangat susah\npagi hari ke sekolah\nsore hari ke madrasah;Pantun Nasihat;Pantun Nasihat
3841;makanan tersaji dipasang lampu\nlampu menyinari di atas meja\nnaiklah haji bagi yang mampu\nmemenuhi panggilan darinya;Pantun Nasihat;Pantun Nasihat
3842;makanlah buah disaat masak\nkarena lezat rasa buahnya\npikirlah dulu jika bertindak\nagar tak sesal nanti akhirnya;Pantun Nasihat;Pantun Nasihat
3844;malam berbintang hujan turun\nsiang gerah dingin dirasa\nalam terbentang bukan gurun\nseberang cerah ingin kesana;Pantun Nasihat;Pantun Nasihat
3845;malam dingin gelap gulita\ntanpa cahaya tak melihat wajah\ntentu boleh rajin bekerja\nasal jangan lupa beribadah;Pantun Nasihat;Pantun Nasihat
3848;malam hari bintang bertaburan\ningin hati pergi keluar\nbolehkah kita berjauhan\nasal selalu saling kabar;Pantun Nasihat;Pantun Nasihat
3849;malam hari bunga layu\napalagi putih si melati\nabang jangan terus merayu\ntakut meleleh hatiku ini;Pantun Nasihat;Pantun Nasihat
3853;malam hari mencari mangsa\nkelelawar tidur di siang hari\nselalu terbayang di pelupuk mata\nsosok ibu yang telah pergi;Pantun Nasihat;Pantun Nasihat
3858;Malam ini merendang jagung\nMalam esok merendang serai\nMalam ini kita berkampung\nMalam esok kita bercerai;Pantun Nasihat;Pantun Dukacita
3860;Malam Jumaat orang berzikir\nBergema merdu di tengah kota\nBicara hati bertunjangkan fikir\nBawaan hidup berlandaskan apa;Pantun Nasihat;Pantun Nasihat
3864;malam telah digantikan fajar\nembun pagi menetes dari daunnya\nbergembiralah selama belajar\nkau generasi penerus bangsa;Pantun Nasihat;Pantun Nasihat
3866;malam yang sunyi penuh drama\nsuara anjing terus menggonggong\nuntung yang ada dibawa kemana\njika tidak untuk menolong;Pantun Nasihat;Pantun Nasihat
3868;malammalam bertemu begal\nbegal baik suka berpantun\ndi sekolah itu belajar banyak hal\nselain ilmu juga sopan santun;Pantun Nasihat;Pantun Nasihat
3869;malammalam gosok gigi\ngosok gigi pakai ilalang\nlilin hidup mati lagi\nkarena angin terlalu kencang;Pantun Nasihat;Pantun Nasihat
3872;malming jalan bareng pacar\njemput ia di depan rumah\nlelah dan letih itu wajar\nnamun bukan berarti menyerah;Pantun Nasihat;Pantun Nasihat
3874;Mama berangkat menuju pasar\nMemakai baju yang agak lebar\nLekaslah bangun di saat fajar\nTunaikan subuh dengan sabar;Pantun Nasihat;Pantun Nasihat
3875;mana galah digalahkan juga\nkalau layar dilayarkan pula\nmana salah disalahkan juga\nkalau benar dibenarkan pula;Pantun Nasihat;Pantun Nasihat
3876;mancing di kali dapat ikan sepat\npulang ke rumah mengambil umpan\nkejarlah ilmu sampai dapat\njanganlah pernah sampai putus harapan;Pantun Nasihat;Pantun Nasihat
3877;mancing di sungai dapat sepat\npulang ke rumah habis umpan\ncarilah ilmu sampai dapat\njangan sampai putus harapan;Pantun Nasihat;Pantun Nasihat
3878;mandi berendam di dalam kolam\nuntuk membersihkan badan diri\nabang tak mandi dari semalam\npantas badan bau terasi;Pantun Nasihat;Pantun Hiburan
3879;mandi bersih dengan sabun\nsabunnya dibeli di warung\ntahun boleh berganti tahun\npertemanan kita terus berlangsung;Pantun Nasihat;Pantun Nasihat
3881;mandi di kali rambut basah\nmencuci kain bawa dalam ember\nsudah terlambat pergi sekolah\ntertidur di kelas malah ngiler;Pantun Nasihat;Pantun Nasihat
3882;mandi di sumur dengan gayung\ngosok tangan sampai ke kaki\nbanyak penyakit ditimbulkan jantung\nmaka jaga ia sepenuh hati;Pantun Nasihat;Pantun Nasihat
3883;mandi hujan pakai sepeda\ndi perjalanan hujanpun reda\nmenahan lapar dan dahaga\nkini berbuka telah tiba;Pantun Nasihat;Pantun Nasihat
3884;mandi lumpur rambut berdaki\nsetalah kering berwarna putih\njangan pandang menatap sekali\nsaya sudah punya kekasih;Pantun Nasihat;Pantun Nasihat
3885;mandi subuh di pagi buta\nsetelah itu langsung sarapan\nibu menjadi sosok utama\nyang selalu aku rindukan;Pantun Nasihat;Pantun Kasih Sayang
3889;mangga muda jatuh ke tanah\ndimakan semut dan juga kodok\nbagaimana tawa tak pecah\nmelihat gigi palsu jatuh ke mangkok;Pantun Nasihat;Pantun Hiburan
3890;mangga muda jatuh ke tanah\nsudah pasti matang rasanya manis\nbagaimana tawaku tak pecah\nsepasang bulu mata jadi kumis;Pantun Nasihat;Pantun Nasihat
3892;mangsa lari ikan menyambar\nangin bertiup bagaikan topan\ncewek pengertian selalu sabar\nmengerti kondisi dan keadaan;Pantun Nasihat;Pantun Nasihat
3893;manis jangan lekas ditelan\npahit jangan lekas dimuntahkan\nmati semut karena manisan\nmanis itu bahaya makanan;Pantun Nasihat;Pantun Nasihat
3895;manis rasanya air tebu\nlebih sedap diberi melati\nhendaklah patuh pada ibu\nagar menjadi anak berbakti;Pantun Nasihat;Pantun Nasihat
3896;manis rasanya air tebu\nsudah sepah lalu dibuang\nbersama guru menuntut ilmu\nkepada guru hatiku sayang;Pantun Nasihat;Pantun Nasihat
3897;manis rasanya buah jambu\nminumnya dengan jus tomat\ngimana mau main hari minggu\ncucian numpuk banyak amat;Pantun Nasihat;Pantun Hiburan
3906;mari menonton tari saman\ntari saman banyak penarinya\nmari kawan membuat taman\ntanami pohon serta bunga;Pantun Nasihat;Pantun Nasihat
3909;mari nanda memanjat kelapa\nhari panas sangat dahaga\nadat baik bertutur sapa\nsopan santun harus dijaga;Pantun Nasihat;Pantun Nasihat
3911;masak angsa di kuali\nbukan lagi di perigi\nsebaiknya kamu mengabdi\ndi pangkuan ibu pertiwi;Pantun Nasihat;Pantun Nasihat
3912;masak angsa di kuali\nbukan saja di perigi\nhendaklah kamu mengabdi\ndi pangkuan ibu pertiwi;Pantun Nasihat;Pantun Nasihat
3913;masak ayam dengan kentang\nuntuk makan ketika malam\nhanya wajah ibu yang terbayang\ndisetiap siang dan malam;Pantun Nasihat;Pantun Kasih Sayang
3914;Masak ayam masak tumis\nIris tipis sampai habis\nSelasa malam hujannya gerimis\nDompet tipis makin kritis;Pantun Nasihat;Pantun Hiburan
3916;Masak gulai sepikulan\nEnaknya tak ada lawan\nLemah gemulai bila berjalan\nDialah gadis yang menawan;Pantun Nasihat;Pantun Kasih Sayang
3917;masak ikan di dalam peti\npaling enak di campur terasi\ngayanya aja kayak selebriti\ntapi dompetnya kagak berisi;Pantun Nasihat;Pantun Hiburan
3918;masak ikan namanya patin\nikan patin beli di pasar\ntak akan rugi belajar rutin\nku yakin manfaatnya besar;Pantun Nasihat;Pantun Nasihat
3919;masak kerang di batu bata\nsudah matang amat lezatnya\nsemua orang bercitacita\nsemoga berhasil dan terlaksana;Pantun Nasihat;Pantun Nasihat
3920;masak nasi dalam kukusan\nnasi goreng di atas nampan\nbelajar jangan pernah bosan\nagar cerah di masa depan;Pantun Nasihat;Pantun Nasihat
3921;masak nasi di kuali\npotong rambut di depan kaca\nkalau kita tidak bertemu lagi\njangan takut pandang bulan yang sama;Pantun Nasihat;Pantun Nasihat
3922;masak sayur dikasih micin\nmasaknya sambil berandaiandai\nbelajarlah kamu dengan rajin\nagar jadi murid yang pandai;Pantun Nasihat;Pantun Nasihat
3924;masak teri dibumbu padas\nenak di rasa murah harganya\njadi suami janganlah culas\nditinggal istri baru tau rasa;Pantun Nasihat;Pantun Hiburan
3925;masak tongkol didalam loyang\nsemur jengkol bumbunya pala\ngeal geol pantat bergoyang\nsekali senggol pusing kepala;Pantun Nasihat;Pantun Hiburan
3928;masih kecil belajar makan\nwangi rumah karena gaharu\njika ilmu selalu diamalkan\nkan ditambah ilmu yang baru;Pantun Nasihat;Pantun Nasihat
3931;masuk hutan pakai sepatu\ntakut kena gigitan pacat\nkalau kita selalu bersatu\napa kerja mudah dibuat;Pantun Nasihat;Pantun Nasihat
3932;masuk sekolah di hari senin\ntidak sabar bertemu pacar\nboleh saja kita bermain\ntapi jangan lupa belajar;Pantun Nasihat;Pantun Nasihat
3933;masuk toko membeli kain\nkain batik buatan tasik\njika engkau banyak bermain\nkepada ilmu tidak tertarik;Pantun Nasihat;Pantun Nasihat
3934;masukkan apel dalam kardus\nterkena air menjadi lembab\njangan takut nilai tak bagus\nkalau belajar pasti dapat menjawab;Pantun Nasihat;Pantun Nasihat
3941;matahari fajar terasa hangat\nbunga pacar di depan pintu\nmari belajar tetap semangat\nkarena belajar sebagai penentu;Pantun Nasihat;Pantun Nasihat
3942;matahari tenggelam diarah barat\nanas bersama cintanya tak bertemu\norang mencari kehidupan akherat\nkejarlah mencari ilmu;Pantun Nasihat;Pantun Nasihat
3943;matahari terbit di kalimantan\nmembawa hangat indahnya nian\ninilah hari jadi tuan tian\nsemoga membawa kebahagiaan;Pantun Nasihat;Pantun Nasihat
3944;matahari terbit sudah tinggi\nitulah tanda sudah dinihari\nselalu dipakai di bawah kaki\nuntuk berjalan dan juga berlari;Pantun Nasihat;Pantun Hiburan
3947;mati lampu jadi kegelapan\nnyalakan dulu sebatang lilin\nada tugas segera kerjakan\nitulah tanda anak disiplin;Pantun Nasihat;Pantun Nasihat
3948;mati lampu malam minggu\nku ambil lilin terus ku nyalakan\njangan bilang tak kenal aku\nmemang mantan susah dilupakan;Pantun Nasihat;Pantun Hiburan
3949;mau ke kota hari hujan\nberteduh sejenak perutpun lapar\nuntuk segala ilmu dan wawasan\nkuucapkan teruma kasih yang besar;Pantun Nasihat;Pantun Nasihat
3953;mawar merah sungguh merona\ntangan tertusuk lukanya membekas\nkalau tiba saatnya jumpa\ningin kupeluk takkan kulepas;Pantun Nasihat;Pantun Kasih Sayang
3954;mawar yang tumbuh di tengah taman\ndaunnya banyak tingginya batang\ndia hanya mengaku teman\nkalau ingin meminjam hutang;Pantun Nasihat;Pantun Hiburan
3955;Medang sila buahnya cantik\nJatuh menimpa ke pasu bunga\nDengan sebab nila setitik\nHabis rusak susu sebelanga;Pantun Nasihat;Pantun Kiasan
3960;mekar berseri bunga melati\nnasi wangi campur pandan\nbelajar jangan pernah berhenti\nsepanjang hayat masih di badan;Pantun Nasihat;Pantun Nasihat
3965;melati kuntum tumbuh melata\nsayang merbah di pohon cemara\nassalamualaikum mulanya kata\nsaya sembah pembuka bicara;Pantun Nasihat;Pantun Sosial Budaya
3968;melati putih si mawar merah\ntumbuh subur dalam kandang\nini senin pagi yang cerah\nmari kerja ingat hutang;Pantun Nasihat;Pantun Hiburan
3969;melati wangi melati putih\nrempahrempah banyak gunanya\nmari kita hidup bersih\nbuang sampah pada tempatnya;Pantun Nasihat;Pantun Nasihat
3970;melihat bangau bersama macan\nbersama tokek makan roti\ningin ke pantai untuk liburan\nmelihat hiu pakai bikini;Pantun Nasihat;Pantun Hiburan
3971;melihat bibi sedang membatik\nalatnya dari campuran minyak\nselamat malam sahabat baik\nselamat tidur dengan nyenyak;Pantun Nasihat;Pantun Nasihat
3972;melihat bibi sedang membatik\ntautkan kain dengan perekat\nkami adalah regu terbaik\nberlomba dengan penuh semangat;Pantun Nasihat;Pantun Nasihat
3973;melihat bintang di langit kelam\nadapun bulan tertutup abu\napa binatang darahnya hitam\njanggut delapan tulangnya satu;Pantun Nasihat;Pantun Nasihat
3974;Melihat burung di angkasa\nTerbang bebas melintas dunia\nTerburu buru hendak bertamasya\nSampai lupa memakai celana;Pantun Nasihat;Pantun Nasihat
3977;melihat ibu menjahit busana\npakai gunting memotong kain\nbanyak waktu di masa muda\ngunakan dengan sebaik mungkin;Pantun Nasihat;Pantun Nasihat
3979;melihat kucing seperti singa\nkancil berlari takut mati\napa gunanya berolahraga\nkalu hidup sehat sampai tua nanti;Pantun Nasihat;Pantun Nasihat
3980;melihat mobil yang kecelakaan\nmobil ditarik dengan derek\nhappy birthday buatmu kawan\ningat umur udah makin pendek;Pantun Nasihat;Pantun Hiburan
3984;melihat pekerja membuat aspal\nistirahat tengah hari untuk makan\nmumpung masih di bulan syawal\nsalah dan khilaf mohon dimaafkan;Pantun Nasihat;Pantun Sukacita
3985;melihat sisir monyet berkaca\nada kuda mirip dengan keledai\nrajinlah menulis dan rajin membaca\nitulah pertanda anak yang pandai;Pantun Nasihat;Pantun Nasihat
3987;melompat melewati pagar\njatuh sudah tertimpa durian\ncarilah guru tempat belajar\nsupaya tidak menyesal kemudian;Pantun Nasihat;Pantun Nasihat
3988;memaasak ayam campur kaldu\nmakan dengan sendok garpu\nsabar selalu buatmu\nyang selalu sendiri di malam minggu;Pantun Nasihat;Pantun Nasihat
3989;memancing ikan di bawah empang\nairnya keruh ikannya pun mati\nmencari kawan tidaklah gampang\nmencari musuh mudah sekali;Pantun Nasihat;Pantun Nasihat
3990;memancing ikan di tengah kali\nmemakai umpan berupa cacing\nbadannya sangat luas sekali\nberbulu banyak tak berdaging;Pantun Nasihat;Pantun Hiburan
3991;memanen padi isinya hampa\nmengikat kado dengan pita\nsopan santun jangan dilupa\nitulah pribadi bangsa kita;Pantun Nasihat;Pantun Nasihat
3994;memang wangi gedong gincu\njatuh satu karena dilempar\nmain game yang luculucu\nkalau bisa sambil belajar;Pantun Nasihat;Pantun Nasihat
3998;memasak gulai dengan kencur\nditumbuk halus hingga hancur\nhari boleh minggu libur\nnamun persahabatan tetaplah subur;Pantun Nasihat;Pantun Nasihat
4001;memasak makanan jangan gosong\napalagi saat menggoreng telur\nsurya pagi rabu telah menyongsong\nsaatnya aku untuk tidur;Pantun Nasihat;Pantun Sukacita
4002;memasang foto tempatnya di dinding\nmembawa mobil untuk dilelang\ngajah mati meninggalkan gading\nmanusia mati meninggalkan utang;Pantun Nasihat;Pantun Hiburan
4003;membabat rumput dengan sabit\nmenggali tanah dengan cangkul\nsurya pagi telah terbit\ntanda sabtu sudah muncul;Pantun Nasihat;Pantun Nasihat
4006;membawa bekal untuk dimakan\nditemani buah dan sayuran\nberbagilah kepada yang membutuhkan\nagar kelak mendapat ganjaran;Pantun Nasihat;Pantun Nasihat
4007;membawa cangkul bapak petani\nuntuk menbajak di siang hari\nmalam minggu tiba lagi\nwaktunya nyari mangsa lagi;Pantun Nasihat;Pantun Nasihat
4008;membawa cangkul pergi ke sawah\njangan lupa membawa pahat\nhidup pasti banyak masalah\nmaka jangan ditambah berat;Pantun Nasihat;Pantun Nasihat
4010;membawa monyet ke tepi hutan\nuntuk memanjat pohon kelapa\nhidup adalah sebuah perjuangan\njangan mundur dan mengeluh saja;Pantun Nasihat;Pantun Nasihat
4011;membawa obor rngusir gulana\nsambil mengangkut ribuan gunting\nmelorot juga itu celana\nakibat rusak itu reseleting;Pantun Nasihat;Pantun Hiburan
4014;membelah kayu dengan kapak\nkayu diolah menjadi meja\nselamat ultah buat bapak\nsemoga selalu dalam lindungannya;Pantun Nasihat;Pantun Kasih Sayang
4015;membeli baju bergambar waru\npulangnya mampir membeli kelapa\nmasa muda banyaklah membaca buku\nagar tak siasia di masa tua;Pantun Nasihat;Pantun Nasihat
4016;membeli dua kacamata\ndapat bonus sebungkus bakpia\njangan ada dusta diantara kita\nkalau pengen endingnya bahagia;Pantun Nasihat;Pantun Kasih Sayang
4017;membeli kain berwarna merah\ndari kediri memakai batik\neneng digoda janganlah marah\nsalah eneng punya wajah cantik;Pantun Nasihat;Pantun Kasih Sayang
4018;Membeli papan di tengah pekan\nPapan kecil dibuat tangkal\nMengapa umpan ikan tak makan\nAdakah kail panjang sejengkal;Pantun Nasihat;Pantun Nasihat
4021;membuat acar dari mentimun\nuntuk dimakan bersama roti\njangan hanya terus melamun\nduduk merenung tanpa arti;Pantun Nasihat;Pantun Nasihat
4022;membuat bolu pakai gula\nambil tepung peras santan\nhai apa kabar semuanya\nselamat datang kami ucapkan;Pantun Nasihat;Pantun Nasihat
4024;membuat pedang dari baja\nmanis rasanya buah semangka\nlebih baik kerja dengan nyata\ndaripada mulut penuh busa;Pantun Nasihat;Pantun Nasihat
4025;membuat roti berbahan ubi\nroti dibentuk melebarlebar\nwalau cobaan datang bertubi\nhadapilah dengan tabah dan sabar;Pantun Nasihat;Pantun Nasihat
4027;membuat santan dari kelapa\nkelapa dibelah menjadi dua\njangan lupa saling sapa\ndengan yang muda maupun yang tua;Pantun Nasihat;Pantun Nasihat
4030;memikul berat di atas bahu\ntaman indah adalah raudoh\nmakin berilmu makin tahu\nbahwa diri manusia bodoh;Pantun Nasihat;Pantun Nasihat
4033;memukul paku sampai kandas\nagar papan tidak pecah\njangan menjadi insan pemalas\nkalau ingin masa depan indah;Pantun Nasihat;Pantun Nasihat
4034;menabung demi masa depan\njangan boros nanti rugi sendiri\njadi anak pramuka menyenangkan\nberlatih hidup sendiri dan mandiri;Pantun Nasihat;Pantun Nasihat
4035;menanam bunga di tepi pagar\nbunganya lagu tidak disiram\njauh berjarak tak buat gentar\nmeski godaan tak kunjung padam;Pantun Nasihat;Pantun Nasihat
4036;menanam bunga membuat taman\nakan indah laksana bintang\nbermain layanglayang bersama teman\nlupa waktu hampir petang;Pantun Nasihat;Pantun Sukacita
4038;menanam padi di tengah sawah\nsawah subur biasanya basah\npagi hari ke sekolah\nsore hari ke madrasah;Pantun Nasihat;Pantun Nasihat
4039;menanam padi pasti di tengah sawah\nagar kaya rajinlah berhemat\njika rajin makan buah\ntubuh kita menjadi sehat;Pantun Nasihat;Pantun Nasihat
4040;menanam pinang rapatrapat\njangan dicabut dengan tangan\nlarinya sapi amat cepat\npenunggang jatuh di kubangan;Pantun Nasihat;Pantun Hiburan
4041;menanam pohon di taman luas\ntaman pun indah berwarnawarni\nia termasuk binatang buas\njanggutnya lebat dan pemberani;Pantun Nasihat;Pantun Nasihat
4042;menangkap ikan pagi hari\nsambil meminum es kelapa\namalkan ilmu seharihari\nagar berguna dan tak lupa;Pantun Nasihat;Pantun Nasihat
4043;menangkap ikan pakai jala\nikannya lompat sampai ke mata\npasti akan banyak kendala\ndalam meraih citacita;Pantun Nasihat;Pantun Nasihat
4044;menantunya pula lela sari\nsemua melihat jatuh berahi\nselagi ugama tidak diingkari\nsebarang perintah wajib dipatuhi;Pantun Nasihat;Pantun Kiasan
4052;mencari ikan di tengah kali\nmemakai umpan berupa cacing\nbadannya saling luas sekali\nbanyak bulunya dan tidak berdaging;Pantun Nasihat;Pantun Nasihat
4053;mencari ikan ke pulau seribu\nsinggah sejenak tepikan sampan\naku kemarin di hukum guru\nkarena buang sampah sembarangan;Pantun Nasihat;Pantun Nasihat
4055;mencari rezeki cari yang berkah\nbiar damai dalam hidupnya\njika memang harus menikah\nsudah kusediakan mas kawinnya;Pantun Nasihat;Pantun Kasih Sayang
4056;mencari timba si anak dara\ndi bawah sarang burung tempua\nsalam sembah pembuka bicara\nselamat datang untuk semua;Pantun Nasihat;Pantun Sosial Budaya
4058;mencuci kain di atas batu\nkain di cuci di hari rabu\nmeski disana banyak teman baru\nkami disini ingatlah selalu;Pantun Nasihat;Pantun Nasihat
4060;mendaki jauh ke gunung kapur\nbawa bekal daging kebab\nkalau hidup selalu kufur\ndiganti nikmat dengan adzab;Pantun Nasihat;Pantun Nasihat
4061;mendapat rusa belang di kaki\nrusa memakan daun suji\nhendaknya engkau memiliki\nsegenap akhlak yang terpuji;Pantun Nasihat;Pantun Nasihat
4062;mendapat rusa belang di kaki\nrusanya makan daun suji\nhendaklah kamu memiliki\nsegenap akhlak baik terpuji;Pantun Nasihat;Pantun Nasihat
4063;mendengar anak berlagu dendang\nseruling ditiup membentuk irama\njangan kamu banyak begadang\nkarena kesehatan itu utama;Pantun Nasihat;Pantun Nasihat
4065;menebang kayu pakai kapak\nuntuk membuat tonggak rumah\nselamat ujian murid bapak\njangan malas belajar di rumah;Pantun Nasihat;Pantun Nasihat
4067;mengalir air ke selokan\nmengalir bahagia jika beriman\njika sampah berserakan\nlingkungan kotor banyak kuman;Pantun Nasihat;Pantun Nasihat
4068;mengambil air di dalam perigi\ntali timbanya panjang sehasta\nkalau kucing tak bergigi\nalamat tikus berpesta pora;Pantun Nasihat;Pantun Nasihat
4069;mengangkat meja yang sangat ringan\nuntuk membetulkan lampu pijar\ndari pada berpangku tangan\nlebih baik pergi belajar;Pantun Nasihat;Pantun Nasihat
4070;mengangkut ikan di atas perahu\nbawa pulang dengan sepeda\nhai sahabat ini hari minggu\nmari manjakan diri kita;Pantun Nasihat;Pantun Nasihat
4074;mengelap tangan dengan kain majun\nmajun dijahit jadikan baju\ngemerlap malam pergantian tahun\nsaat aku berada disampingmu;Pantun Nasihat;Pantun Nasihat
4075;mengemas beras di dalam goni\nbesok pagi dijual ke pasar\njadilah pelajar yang gagah berani\ngigih membela pihak yang benar;Pantun Nasihat;Pantun Nasihat
4076;mengembala sapi di pagi hari\nsetelah itu bermain layangan\nbedug magrib telah berbunyi\nselamat menyantap semua hidangan;Pantun Nasihat;Pantun Nasihat
4077;menggali parit di sudut kita\nparit digali dengan alat berat\nuntuk sahabat yang jauh di sana\nselamat berbuka semoga khidmat;Pantun Nasihat;Pantun Kasih Sayang
4078;menggali tanah dengan pahat\nmembuat sumur segi empat\nlingkungan bersih badan sehat\napapun akan terasa nikmat;Pantun Nasihat;Pantun Nasihat
4079;menggelegar hebat suara petir\nlangit cerah menjadi gelap\nmenanda badan telah hadir\nsalam wajib hukumnya diucap;Pantun Nasihat;Pantun Nasihat
4080;menggiring kerbau ke kebun padi\njangan lupa bawa perbekalan\nuntukmu guru yang aku sayangi\njasamu takkan kami lupakan;Pantun Nasihat;Pantun Nasihat
4082;mengiring kerbau di tengah terik\ndi bawah mahoni singgah dahulu\njangan letih dalam mendidik\nkedatanganmu selalu kami tunggu;Pantun Nasihat;Pantun Nasihat
4087;meniti senja biasan mentari\nmerkah setitis menjelang kabut\nbacalah baca tiap hari\ntak akan habis ilmu dituntut;Pantun Nasihat;Pantun Nasihat
4091;menjahit pakaian di hari minggu\nambil gunting potong kain\nini waktu yang kita tunggu\nmalmingan galau yang selalu rutin;Pantun Nasihat;Pantun Dukacita
4093;menjemur jagung di tengah hari\nusir burung di ladang padi\nmeski pertengkaran sering terjadi\nteman sejak kecil kan abadi;Pantun Nasihat;Pantun Kasih Sayang
4094;menjemur kain di atas batu\nangkat sebelum turun hujan\njikalau ingin pendidikan maju\njangan korupsi dana pendidikan;Pantun Nasihat;Pantun Nasihat
4095;menjual jamu di tepi jalan\njamu dibeli cucilah piring\ndengarlah teman dengarlah kawan\ntahun yang baru mulai menyingsing;Pantun Nasihat;Pantun Nasihat
4097;menjunjung air di dalam kendi\nkakak menyusun gelas di atas nampan\nbangun pagi pagi langsung pergi mandi\njangan lupa makan sarapan;Pantun Nasihat;Pantun Nasihat
4098;menolong orang tanpa pamrih\nitulah kebaikan yang sesungguhnya\nlorengloreng hitam putih\npunya empat kaki mirip kuda;Pantun Nasihat;Pantun Hiburan
4099;menonton film yang alurnya dramatis\ndi bagian akhirnya ternyata kocak\nsuami dan istri yang harmonis\njauh dari cekcok yang berujung talak;Pantun Nasihat;Pantun Nasihat
4101;Mentari condong di ufuk barat\nbayang Panjang menyentuh jalan\ncintaku tak selalu harus hebat\ncukup jujur dan bertahan;Pantun Nasihat;Pantun Kasih Sayang
4102;Mentari condong di ufuk barat\nBurung kembali ke sarang lama\nJika adil menjadi syarat\nAmanlah negeri sepanjang masa;Pantun Nasihat;Pantun Nasihat
4103;Mentari condong ke barat\nLangit merah tanda senja\nJika waktu jangan tersesat\nGunakan hari penuh makna;Pantun Nasihat;Pantun Nasihat
4104;mentari datang cahaya berpijar\njarum patah di dalam peti\nuntuk apa selalu belajar\nsiang malam tiada henti;Pantun Nasihat;Pantun Nasihat
4105;Mentari fajar menyingkap kabut\nBurung merbah bersahut-sahut\nJika sabar menjadi paut\nSegala sulit beralih surut;Pantun Nasihat;Pantun Kiasan
4106;Mentari muncul di balik awan\ncahaya emas menyapa bumi\nala megajar arti ketenangan\nlewat sunyi yang penuh harmoni;Pantun Nasihat;Pantun Nasihat
4107;Mentari naik di ufuk timur\nCahayanya menyapa desa\nHati jujur akal makmur\nLangkah kecil menuju berjaya;Pantun Nasihat;Pantun Nasihat
4109;Mentari naik menyimbah desa\nBayang panjang di tepi titi\nJika adil memimpin kuasa\nRakyat tenteram sejahtera negeri;Pantun Nasihat;Pantun Nasihat
4110;Mentari naik perlahan tinggi\nbayang hilang ditelan terang\nalam berdiri penuh harmoni\nmenjadi guru tanap suara Panjang;Pantun Nasihat;Pantun Kiasan
4111;Mentari naik perlahan tinggi\nbayang hilang oleh cahaya\ncintamu membuatku mengerti\nmakna pulang yang sebenarnya;Pantun Nasihat;Pantun Kasih Sayang
4112;Mentari naik perlahan tinggi\nbayang lenyap oleh cahaya\ncintamu membuatku mengerti\narti pulang yang sesungguhnya;Pantun Nasihat;Pantun Kasih Sayang
4113;Mentari pagi bersinar cerah\nEmbun jatuh di ujung daun\nJika ingin hidup penuh berkah\nJaga lisan dan sopan santun;Pantun Nasihat;Pantun Nasihat
4114;Mentari pagi bersinar terang\nAwan putih berarak pelan\nJika ingin cita berkembang\nBelajar tekun jangan tertahan;Pantun Nasihat;Pantun Nasihat
4117;Mentari pagi memancat terang\nBurung berkicau riuh di dahan\nKatanya tak punya waktu senggang\nBaru ditegur sudah ketakutan;Pantun Nasihat;Pantun Nasihat
4118;Mentari pagi membuka hari\ncahaya jatuh didaun basah\ncintamu hadir memberi arti\npada hidup yang pernah Lelah;Pantun Nasihat;Pantun Kasih Sayang
4119;Mentari pagi membuka hari\nSemangat baru hadir kembali\nJika ingin hidup terus berseri\nBangun pagi dan perbaiki diri;Pantun Nasihat;Pantun Nasihat
4120;Mentari pagi membuka hari\nSemangat baru tumbuh di dada\nJika ingin hidup terus berseri\nAwali hari dengan doa;Pantun Nasihat;Pantun Nasihat
4121;Mentari pagi membuka hari\nsuara alam bengkit perlahan\nalam hidup dalam simfoni\ntanpa perlu tepuk pujian;Pantun Nasihat;Pantun Kiasan
4125;Mentari pagi menyapa bumi\nEmbun menetes di ujung daun\nJika ingin hidup penuh harmoni\nJaga sikap dan tutur santun;Pantun Nasihat;Pantun Nasihat
4127;Mentari pagi menyentuh awan\nLangit biru tampak cerah\nJika ingin hidup penuh ketenangan\nJauhkan diri dari prasangka salah;Pantun Nasihat;Pantun Nasihat
4128;Mentari pagi menyentuh ladang\nKabut tipis perlahan hilang\nJika hidup sering terasa bimbang\nPegang tujuan jangan goyah terombang;Pantun Nasihat;Pantun Nasihat
4131;Mentari pagi menyimbah desa\nKabut nipis beransur hilang\nJika berniat membina bangsa\nKejujuran asas cemerlang;Pantun Nasihat;Pantun Nasihat
4132;Mentari pagi menyimbah desa\nKabut tersingkap di kaki bukit\nJika ilmu menjadi perkasa\nBangsa bangkit tiada terhimpit;Pantun Nasihat;Pantun Nasihat
4133;Mentari pagi menyimbah desa\nKabut tipis beransur hilang\nJika tekun membina usaha\nCita terangkat menjulang gemilang;Pantun Nasihat;Pantun Nasihat
4135;Mentari pagi menyinari bumi\nEmbun jatuh di ujung daun\nJika ingin hidup penuh harmoni\nJaga adab dan sikap santun;Pantun Nasihat;Pantun Nasihat
4136;Mentari pagi menyinari desa\nAnak-anak bermain ceria\nJika ingin hidup penuh rasa\nSebarkan kasih tanpa membeda;Pantun Nasihat;Pantun Nasihat
4137;Mentari pagi menyinari taman\nEmbun menetes di ujung daun\nJika hidup ingin menenangkan\nSyukurilah nikmat yang terhimpun;Pantun Nasihat;Pantun Nasihat
4138;Mentari pagi mulai bersinar\nCahaya hangat menyentuh bumi\nJika langkah tetap sabar\nTuhan bukakan jalan rezeki;Pantun Nasihat;Pantun Nasihat
4139;Mentari pagi muncul cerah\nEmbun gugur di hujung daun\nJika hidup mahu berkah\nBersyukur selalu setiap tahun;Pantun Nasihat;Pantun Nasihat
4140;Mentari pagi muncul perlahan\nCahaya hangat menyinari bumi\nBila tekun dalam perjuangan\nCita-cita datang menghampiri;Pantun Nasihat;Pantun Nasihat
4141;Mentari pagi muncul perlahan\nEmbun bening jatuh ke bumi\nJika ingin hidup bertahan\nKuatkan tekad dalam diri;Pantun Nasihat;Pantun Nasihat
4142;Mentari pagi muncul perlahan\nEmbun jatuh membasahi daun\nJika janji terucap dari lisan\nUsahakan jangan dilanggar tahun;Pantun Nasihat;Pantun Nasihat
4143;Mentari pagi sinarnya asli\nSenja datang membuai rasa\nTunduk menghadap pada Ilahi\nTugas kita sebagai hamba;Pantun Nasihat;Pantun Nasihat
4144;mentari pagi sinarnya hangat\nberangkat kerja ke pulau rengat\nbelajar haruslah semangat\njangan tersalah pada niat;Pantun Nasihat;Pantun Nasihat
4145;Mentari pagi tampak bersinar\nBurung bernyanyi di dahan cemara\nJika ingin hidupmu benar\nPegang teguh nilai dan agama;Pantun Nasihat;Pantun Nasihat
4146;Mentari senja berpamitan\ncahaya redup memeluk hari\nalam mengajarkan keindahan\ndalam sederhana dan harmoni;Pantun Nasihat;Pantun Kiasan
4150;Mentari senja mulai merona\nLangit indah menutup hari\nJika hidup dijalani penuh makna\nTidur pun tenang esok berseri;Pantun Nasihat;Pantun Nasihat
4151;Mentari senja mulai tenggelam\nHari ditutup dengan doa\nJika hidup kadang terasa kelam\nPercayalah harapan selalu ada;Pantun Nasihat;Pantun Nasihat
4156;Mentari siang terasa hangat\nBayang daun menari pelan\nJika ingin hidup penuh manfaat\nGunakan waktu dengan perencanaan;Pantun Nasihat;Pantun Nasihat
4157;Mentari siang terasa panas\nPetani tetap bekerja\nJika ingin hasil yang pantas\nPerjuangan janganlah sirna;Pantun Nasihat;Pantun Nasihat
4161;Mentari sore mulai meredup\nLangit jingga menutup hari\nJika hidup kadang terasa cukup\nItu tanda syukur telah mengisi;Pantun Nasihat;Pantun Nasihat
4163;Mentari sore mulai merona\nLangit jingga menutup hari\nJika hidup dijalani penuh makna\nEsok bangun dengan hati berseri;Pantun Nasihat;Pantun Nasihat
4164;Mentari sore mulai redup\nLangit merah tampak indah\nSelama semangat tetap hidup\nImpian takkan pernah punah;Pantun Nasihat;Pantun Nasihat
4166;Mentari sore turun perlahan\ngunung diam memluk awan\nalam hadir penuh kebijaksanaan\ndalam diam yang menguatkan;Pantun Nasihat;Pantun Nasihat
4167;mentari terbenam warnanya jingga\npulang kerumah dengan sepedela\ndari kecil kita bersama\nsampai tua kan begini jua;Pantun Nasihat;Pantun Nasihat
4168;Mentari terbit di ufuk timur\nCahayanya hangat menyapa bumi\nKalau ingin hidup makmur\nBekerjalah penuh dedikasi;Pantun Nasihat;Pantun Nasihat
4169;menuai padi di hari selasa\npadi di olah jadikan beras\ntempat bertanya dan bercerita\nwahai kalian sahabat sekelas;Pantun Nasihat;Pantun Nasihat
4170;menuju ke hulu membuat pagar\nmenyusuri sungai naik sampan\ncarilah guru tempat belajar\nagar tidak menyesal kemudian;Pantun Nasihat;Pantun Nasihat
4171;menuju kebun pergi membabat\npulangnya memetik semangka\nsekolah senin berangkat cepat\nsepatu kiri dan kanan beda warna;Pantun Nasihat;Pantun Nasihat
4173;menuju sawah membawa sapi\nhari petang marilah pulang\nwahai pahlawan yang kami hormati\njasamu akan terus dikenang;Pantun Nasihat;Pantun Nasihat
4174;menulis surat pakai pena\njalanjalan bawa bekal\nteman yang lain namanya dina\nartinya diamdiam tapi nakal;Pantun Nasihat;Pantun Nasihat
4175;menulis syair di daun lontar\npohon kelapa tempat si tupai\nsuka membaca otakpun pintar\nkelak jadi anak yang pandai;Pantun Nasihat;Pantun Nasihat
4176;menuntut ilmu ke pusat kota\ndengan niat pergi kuliah\njanganlah kawan berburuk sangka\nnanti hatimu akan gelisah;Pantun Nasihat;Pantun Nasihat
4180;merah putih bendera indonesia\nditambah biru bendera belanda\nbertemanlah dengan siapa saja\njangan bedakan miskin dan kaya;Pantun Nasihat;Pantun Nasihat
4181;merah warna buah tomat\nmembuat sayur jadi nikmat\nmari kita mencari sahabat\nsupaya hidup punya manfaat;Pantun Nasihat;Pantun Nasihat
4182;merah warna buah tomat\nmembuat sayur terasa nikmat\nbeta ingin mencari sahabat\nagar hidup punya manfaat;Pantun Nasihat;Pantun Nasihat
4184;merah warnanya batu bata\ndibawa jauh ke luar kota\nkasihan yang namanya rita\nsuka iri dan mintaminta;Pantun Nasihat;Pantun Nasihat
4187;Meranti tua berakar kukuh\nMenjulang tinggi menongkat langit\nJika prinsip tidak runtuh\nGodaan datang tak mudah menggigit;Pantun Nasihat;Pantun Nasihat
4189;merdu kokoknya si ayam jantan\nayam berkokok di pagi hari\nkuucapkan selamat padamu teman\ndi malam tahun yang baru uni;Pantun Nasihat;Pantun Nasihat
4190;merdu suaranya si ayam jantan\nayam berkokok di pagi buta\nhiduplah damai di keseharian\nbukti negeri yang makmur sentosa;Pantun Nasihat;Pantun Nasihat
4191;mereka ikhlas membantu\nwalau tanpa kepala suku\ndoaku kini hanya satu\nkamu jodo dunia akhiratku;Pantun Nasihat;Pantun Nasihat
4193;merpati putih mandi di kali\nselepas mandi terbang tinggi\njadilah anak yang baik hati\nsenang menolong dan suka memberi;Pantun Nasihat;Pantun Nasihat
4195;merpati terbang membuat sayap patah\nkarena ditembak oleh pemburu\nkepada ibu guru yang ramah tamah\nsalam hormat dari kami untuk mu;Pantun Nasihat;Pantun Nasihat
4197;meski hanya sebuah jambu\ntetap bisa dibuat jamu\nmeski jarang kita bertemu\ncintaku tetap hanya untukmu;Pantun Nasihat;Pantun Kasih Sayang
4198;meski keras si buah pala\njangan simpan di dalam lemari\nmeski sukses kalian disana\njangan lupakan kami yang disini;Pantun Nasihat;Pantun Nasihat
4200;minggu pagi mencuci sepatu\nlepaskan ternak dari kandang\nselamat pagi di hari rabu\nmeski sekarang sudah siang;Pantun Nasihat;Pantun Sukacita
4202;minggu pagi pergi ke pasar\npulangnya ketika siang bolong\njika sirkulasi darah lancar\nsistem pencernaan juga akan plong;Pantun Nasihat;Pantun Nasihat
4204;minum air dengan gelas\npergi ke ladang dapat belalang\nbangun pagi jangan malas\nsupaya jangan telat datang;Pantun Nasihat;Pantun Nasihat
4205;minum air melepas dahaga\nkeringat bercucuran hingga lekat\nrajin lah berolahraga\nagar tubuh tetap sehat dan kuat;Pantun Nasihat;Pantun Nasihat
4206;minum arak pahit rasanya\ntidak cocok untuk anak kuliah\napalah daya sudah usaha\nbelum apa apa sudah binasah;Pantun Nasihat;Pantun Nasihat
4207;minum banyak perut kembung\nkalau minum yang biasa saja\nmari kita rajin menabung\nagar kita bisa hidup kaya;Pantun Nasihat;Pantun Nasihat
4208;Minum cincau di siang bolong\nRasa cincaunya segar sekali\nJangan pernah menjadi orang sombong\nAgar jauh dari penyakit hati;Pantun Nasihat;Pantun Nasihat
4210;minum es jeruk rasanya segar\nsambil duduk di pinggir pantai\ntiap hari selalu belajar\nagar kelak menjadi pandai;Pantun Nasihat;Pantun Nasihat
4211;minum fanta sampai empat\nbotolnya retak jatuh dimeja\ntugas wanita sangat berat\nkadang masak kadang bekerja;Pantun Nasihat;Pantun Nasihat
4213;Minum jamu rasanya pahit\nTambahkan gula dan bunga melati\nWalau ilmu setinggi langit\nTak diamalkan, tiada berarti;Pantun Nasihat;Pantun Kiasan
4214;minum jamu sambil berdiri\ndiseduh cepat duduk di bangku\nbila hatimu masih sendiri\nberilah tempat untuk diriku;Pantun Nasihat;Pantun Nasihat
4215;minum jamu sambil berdiri\ndiseduhnya di atas panci\nbila hatimu masih sendiri\nbolehkah aku yang mengisi;Pantun Nasihat;Pantun Nasihat
4216;minum jamu sehatkan raga\nmakan buah sehatkan mata\nkumpulkan ilmu dalam dada\namalkan ia di kehidupan nyata;Pantun Nasihat;Pantun Nasihat
4220;minum kopi biar mata melek\njalan kaki daripada ngojek\nwahai kita sesama orang jelek\ndilarang untuk saling mengejek;Pantun Nasihat;Pantun Nasihat
4226;minum sirup jeruk segelas\nambil kue kuenya talas\nsemua harus bersihkan kelas\nkecuali monyet yang terlalu malas;Pantun Nasihat;Pantun Nasihat
4228;minum susu di pagi buta\nsebelum pergi berangkat sekolah\njangan mengeluh dan mengupat saja\nini selasa bukan masalah;Pantun Nasihat;Pantun Nasihat
4229;minum teh celupkan roti\nroti hadiah dari surabaya\nkerja ikhlas dari hati\nkeluh kesah jangan dimanja;Pantun Nasihat;Pantun Nasihat
4231;minuman segar sudah tersaji\ntersaji bersama buah nangka\nsaat kesabaran sedang diuji\ntetap tabah tak boleh murka;Pantun Nasihat;Pantun Nasihat
4232;Minyak kayu putih dipakai di badan\nRasanya akan menjadi hangat\nJagalah kebersihan lingkungan\nLingkungan bersih membuat kita sehat;Pantun Nasihat;Pantun Nasihat
4233;minyak rambut si minyak kemiri\nmelukis alis dengan pensil\nselamat berpisah guru kami\ndoakan kami agar berhasil;Pantun Nasihat;Pantun Nasihat
4234;minyak tanah dalam tangki\ntangki berkarat berbahan besi\njangan suka saling mendengki\nhanya membuat sempit di hati;Pantun Nasihat;Pantun Nasihat
4237;mohon doa padamu tuhan\nagar majlis berjalan lancar\nbiarlah berkat kita aminkan\napa dihajar moga terpancar;Pantun Nasihat;Pantun Nasihat
4238;mohon maaf bila salah\nluka di hati bisa sembuh\nrajin belajar di sekolah\nrasa malas dibuang jauh;Pantun Nasihat;Pantun Nasihat
4239;monyet bergelar si buruk rupa\nsuka memanjat pohon jambu\nayo kawan selagi muda\nkita berlomba mencari ilmu;Pantun Nasihat;Pantun Nasihat
4240;monyet bergelar si jelek rupa\nsuka memanjat pohon jambu\nayo mitra selagi muda\nkita beromba mencari ilmu;Pantun Nasihat;Pantun Nasihat
4241;monyet berlari mengejar kamu\nberlari menabrak pintu\nku tuntut ilmu dari guruku\nuntuk meraih citacitaku;Pantun Nasihat;Pantun Nasihat
4242;monyet pertama mencari kutu\nkutunya dimakan monyet kedua\nrajinlah engkau membaca buku\nkarena buku jendela dunia;Pantun Nasihat;Pantun Nasihat
4243;monyet tetangga memanjat kelapa\nkelapa dibelah dengan pahat\nrajinlah untuk berolahraga\nagar tubuh menjadi sehat;Pantun Nasihat;Pantun Nasihat
4244;motor jatuh di tikungan\nlewat jembatan dari papan\njangan membuang sampah sembarangan\nagar lingkungan indah dan nyaman;Pantun Nasihat;Pantun Nasihat
4245;motor matic tak pakai rantai\npanaskan mesin di pagi hari\nberpisah bukannya bercerai\nsemoga salam mempertemukan lagi;Pantun Nasihat;Pantun Nasihat
4247;Mudah pula mengail ikan\nAda haruan dan sepat\nDengan ilmu terus diamalkan\nBetul aqidah pahalapun dapat;Pantun Nasihat;Pantun Nasihat
4250;murid dikelas ada putra dan putri\nanak putri memakai jilbab\nbanyak belajar akhirnya mengerti\nditanya guru selalu menjawab;Pantun Nasihat;Pantun Nasihat
4251;musik klasik enak didengarkan\nmakan sayur ditambah ikan kakap\nberbuat baik dengan tindakan\nadalah syukur yang tidak terucap;Pantun Nasihat;Pantun Nasihat
4253;musim kemarau kering kerontang\nmusim penghujan segera datang\nbertani janganlah banyak hutang\nlintah darat selalu menghadang;Pantun Nasihat;Pantun Nasihat
4254;nafas habis jadi mayat\nkain indah kain cindai\nbelajar itu sepanjang hayat\njangan merasa sudah pandai;Pantun Nasihat;Pantun Nasihat
4255;nahkoda bekerja di hari minggu\nkapal besar siap berlayar\npergi sekolah untuk menuntut ilmu\nhormati guru dengan tekun belajar;Pantun Nasihat;Pantun Nasihat
4256;nahkoda di bahtera berseru\nkarena kencang bertiup anginnya\nbarang siapa punya ilmu\nilmu akan menjaga dirinya;Pantun Nasihat;Pantun Nasihat
4257;Naik andong keliling kota\nKuda berjalan perlahan-lahan\nJika hidup penuh cita\nJangan malas dalam pekerjaan;Pantun Nasihat;Pantun Nasihat
4258;naik bajaj rodanya tiga\ndari bundaran ke sudirman\nhatiku resah menanti tiba\njumpa denganmu wahai pujaan;Pantun Nasihat;Pantun Kasih Sayang
4259;naik basikal pergi ke pekan\nsinggah membeli periuk belanga\nsungguh manis bila dimakan\nkulitnya merah rambutnya pula;Pantun Nasihat;Pantun Nasihat
4260;naik becak pulang sekolah\npulangnya jam setengah dua\njangan suka berkeluh kesah\nlebih baik fokus bekerja;Pantun Nasihat;Pantun Nasihat
4263;naik delman dekat pak kusir\nbanyak lubang lambat jalannya\npantas saja saya naksir\nkamu memang cantik orangnya;Pantun Nasihat;Pantun Kasih Sayang
4269;naik kebukit membeli lada\nlada sebiji dibelah tujuh\napanya sakit berbini janda\nanak tiri boleh disuruh;Pantun Nasihat;Pantun Hiburan
4271;Naik kereta ke Kediri\nJarak jauh sampai ke Pati\nBagus sekali bentuknya padi\nMakin tunduk tanda berisi;Pantun Nasihat;Pantun Hiburan
4272;naik kereta turun di gambir\nmain di kota lupa pulang\nbanyak kota alami banjir\nkarena pohon banyak ditebang;Pantun Nasihat;Pantun Nasihat
4274;naik kuda ke surabaya\nsinggah di kedai minum wedang\nmeski ragamu sudah tiada\nnamamu akan tetap dikenang;Pantun Nasihat;Pantun Dukacita
4275;naik kuda tanpa pelana\nkuda lari tak beraturan\njadi murid harus bijaksana\nagar disayang guru dan teman;Pantun Nasihat;Pantun Nasihat
4276;naik layar sama si egi\nada halilintar di langit biru\nbelajar itu tidak bikin rugi\norang pintar jarang ditipu;Pantun Nasihat;Pantun Nasihat
4277;naik odongodong berputarputar\ntapi sayang tempatnya jauh\npercuma punya otak pintar\nkalau suka bikin gaduh;Pantun Nasihat;Pantun Nasihat
4280;Naik sedan ke kota Jeddah\nLihat jalan yang bersejarah\nBanyak godaan dalam ibadah\nTapi jangan pernah menyerah;Pantun Nasihat;Pantun Agama
4281;Naik sepeda ke kota lama\nJalan berliku tak terasa\nJika hidup penuh usaha\nCita-cita pasti tercapai jua;Pantun Nasihat;Pantun Nasihat
4282;naik sepeda ke sekolah\nmelihat pekerja membuat aspal\njangan lupa belajar di rumah\nagar bisa menjawab soalsoal;Pantun Nasihat;Pantun Nasihat
4283;Naik sepeda keliling kota\nSinggah sebentar membeli roti\nJangan tunda pekerjaan kita\nWaktu tak akan kembali lagi;Pantun Nasihat;Pantun Nasihat
4284;naik sepeda menerjang pagar\nsungguh malu jatuh terjengkang\nzaman sekarang malas belajar\nkelak hidupnya terbelakang;Pantun Nasihat;Pantun Nasihat
4288;naik unta pergi berhaji\nberbekal tauhid dan juga iman\nidul adha waktunya berbagi\nlambang ukhuwah dan persaudaraan;Pantun Nasihat;Pantun Agama
4289;nama allah banyak disebut\njangan kerah lirihkan suara\ntatapannya sangat lembut\ntanda gadis berhati sutra;Pantun Nasihat;Pantun Nasihat
4290;nangka muda digulai lemak\nbuah keranji masak tersangkut\nharta dunia jangan di tamak\nkalau mati tak akan mengikut;Pantun Nasihat;Pantun Nasihat
4292;nasi goreng dicampur telur\ntelur ceplok enak rasanya\nkalau kamu ingin hidup mujur\nberusaha jujur untuk selamanya;Pantun Nasihat;Pantun Nasihat
4293;nasi goreng tabur bawang\nmakan dulu untuk sarapan\ndalam hidup mesti berjuang\njangan sampai putus harapan;Pantun Nasihat;Pantun Nasihat
4294;nasi hangat dalam kukusan\nnasi merah dalam nampan\nbelajar jangan pernah bosan\nsupaya cerah masa depan;Pantun Nasihat;Pantun Nasihat
4298;Nasi sebakul dimakan anjing\nAnjing tetangga berwarna gading\nBerat dipikul, ringan dijinjing\nBekerja sama saling bersanding;Pantun Nasihat;Pantun Kiasan
4299;negara dijajah beralih kitaran\nsabar menanti hadir purnama\ncantik wajah bukan ukuran\nindah pekerti syarat utama;Pantun Nasihat;Pantun Nasihat
4300;negeri aman damai bahagia\nhidup sejahtera para rakyatnya\nsemoga tetap selamat sentosa\nwahai teman yang jauh di sana;Pantun Nasihat;Pantun Nasihat
4303;nelayan menangkap ikan tongkol\ndijual ke pasar raya\nsaya disini sebagai protokol\nsemoga bisa membawakan acara;Pantun Nasihat;Pantun Nasihat
4306;netizen bela pilihannya\ndemi dapat banyak suara\nsiapapun nanti presidennya\nkita semua tetap saudara;Pantun Nasihat;Pantun Nasihat
4307;ngebuburit ke pembahasan\nbertemu dengan sahabat lama\nselamat tahun baru untukmu teman\nsemoga selalu berbahagia;Pantun Nasihat;Pantun Sukacita
4310;ngomong ini itu kena sela\nbanyak kerja banyak syarat\nmari kita bertepuk pramuka\nagar berkurang semua penat;Pantun Nasihat;Pantun Nasihat
4314;nusantara banyak tarian\nmasakan padang gulai rendang\nmari tanam banyak pepohonan\nsupaya suasana semakin rindang;Pantun Nasihat;Pantun Nasihat
4315;nyalakan lilin ketika senja\njaga ia jangan sampai redup\nisilah ilmu di dalam dada\nuntuk bekal jalani hidup;Pantun Nasihat;Pantun Nasihat
4319;obat sakit gigi diramu\ndibuat larut dalam perigi\nkuucapkan selamat pagi untukmu\nsenyumlah jangan cemberut lagi;Pantun Nasihat;Pantun Sukacita
4321;olah kayu jadikan papan\npapan dari kayu gaharu\nmeski tak lagi kita berdekatan\nkisah yang panjang kenanglah selalu;Pantun Nasihat;Pantun Nasihat
4322;olahraga sore main lempar lembing\nbadan bugar banyak keringat\nkalau teman ada di samping\nhujan kamis ini menjadi hangat;Pantun Nasihat;Pantun Nasihat
4323;olahragawati badannya ramping\nterapkan sehat sempurna\njantung adalah organ yang penting\ndalam tubuh setiap manusia;Pantun Nasihat;Pantun Nasihat
4324;oleholeh dari sukabumi\njangan sekedar sepatu sandal\nboleh kita krisis ekonomi\nasalkan jangan krisis moral;Pantun Nasihat;Pantun Nasihat
4325;oleholeh minyak zaitun\ndapat pula kain katun\njika pribadi selalu santun\nsemua orang mudah dituntun;Pantun Nasihat;Pantun Nasihat
4326;Ombak beralun di Kuala Indah\nPerahu kecil berlabuh sauh\nJika sabar tidak berubah\nSegala resah akan menjauh;Pantun Nasihat;Pantun Nasihat
4330;Ombak berkejar di tepi pantai\nPasir halus membasuh kaki\nCita disusun jangan tergadai\nUsaha tekun kunci rezeki;Pantun Nasihat;Pantun Nasihat
4331;ombak berkejar menuju karang\nbuih putih pecah berulang\nalam bergerak tanpa bimbang\nmenjadi lukisan hidup yang tenang;Pantun Nasihat;Pantun Nasihat
4338;Ombak kecil memukul pantai\nPasir halus berkilau terang\nJika berbeza jangan bertikai\nBersatu padu lebih cemerlang;Pantun Nasihat;Pantun Nasihat
4345;ombak lautan tiba menghantam\nuntuk nelayan sudah terlatih\nbiarpun badannya hitam\nyang penting hatinya putih;Pantun Nasihat;Pantun Hiburan
4350;Ombak mengusap pasir nan putih\nPerahu pulang berlabuh sauh\nJika jujur menjadi benih\nSuburlah hidup tiada keruh;Pantun Nasihat;Pantun Nasihat
4352;orang bekerja diberikan upah\nhidangan disajikan dalam talam\ngajah putih di tengah rumah\nlayar terkembang di waktu malam;Pantun Nasihat;Pantun Nasihat
4353;orang berkain menutup aurat\nsesuai dengan petuah hadis\norang muslimin hidup beradat\nlakunya sopan mukanya manis;Pantun Nasihat;Pantun Sosial Budaya
4355;orang datang beriringiringan\nmelewati jalan berbatu\nbangun pagi jangan kesiangan\ndatang ke sekolah tepat waktu;Pantun Nasihat;Pantun Nasihat
4356;orang hulu memalu nobat\nnobat di palu kayu berangan\nfikir dahulu sebelum buat\nkalau dibuat menyesal jangan;Pantun Nasihat;Pantun Nasihat
4357;orang indonesia ramahtamah\nmudah senyum dan juga sopan\nminggu memang libur sekolah\nnamun malamnya amat menyedihkan;Pantun Nasihat;Pantun Nasihat
4358;orang jawa mencari benang\nmencari benang di atas bukit\norang jauh jangan dikenang\nlamalama jadi penyakit;Pantun Nasihat;Pantun Nasihat
4359;orang kaya banyak berharta\nke sumatera setiap tahun\nbismillah saya membuka kata\nberseni sastra membuat pantun;Pantun Nasihat;Pantun Sosial Budaya
4362;orang kesurupan kuda lumping\nberpetualang ke atas bukit\nmata ke depan jalan ke samping\nkalau bersalaman membuat sakit;Pantun Nasihat;Pantun Nasihat
4364;orang menganyam sambil duduk\nbila sudah bawa ke balai\nmelihat ayam memakai tanduk\ndatang musang meminta damai;Pantun Nasihat;Pantun Kiasan
4365;orang mentigi mengail tenggiri\ntenggiri dijual dalam pekan\nkami yang pergi mohon diri\nsilap dan salah mohon dimaafkan;Pantun Nasihat;Pantun Nasihat
4366;orang pandai mencintai bahasa\nbahasa santun orang terpikat\njika bangsa menghargai bahasa\nbangsa dihormati dan bermartabat;Pantun Nasihat;Pantun Kiasan
4368;orang sasak pergi ke bali\nmembawa pelita semuanya\nberbisik pekak dengan tuli\ntertawa si buta melihatnya;Pantun Nasihat;Pantun Hiburan
4370;Orang tua selalu bernada\nHadapi hidup dengan tekal\nWarisan lama jangan dilupa\nAgar hidup sentiasa berbekal;Pantun Nasihat;Pantun Sosial Budaya
4371;orangorang membersihkan reruntuhan\nbekas kebakaran yang melahapnya\nsahabat tempat berbagi kesedihan\ndan tak pernah membongkarnya;Pantun Nasihat;Pantun Dukacita
4372;organisasi kampus mencari kader\ndemi penuhi kepentingan melimpah\njangan ragu bertemu dengan dokter\njika tak ingin penyakit kian parah;Pantun Nasihat;Pantun Nasihat
4373;pabila meraut selodang buluh\nsiapkan lidi buang miangnya\nbila menjemput orang nan jauh\nsiapkan nasi dengan hidangnya;Pantun Nasihat;Pantun Nasihat
4374;pabila pohon harus dipanjat\nkaki janganlah hingga melompat\nkalau ingin naik derajat\nilmu dan iman haruslah diangkat;Pantun Nasihat;Pantun Agama
4375;pacarku bernama mamat\ndia penyayang tapi posesif\nayo berupaya hidup sehat\nagar memberi dampak positif;Pantun Nasihat;Pantun Nasihat
4376;pada roda ada jeruji\nroda kuat bisa berputar\nmakanlah makanan yang bergizi\nbadan sehat otak pun pintar;Pantun Nasihat;Pantun Nasihat
4377;padang datar tempat beburu\nbunga mawar tumbuh di taman\nhendaklah menghormati guru\nitulah tanda murid yang budiman;Pantun Nasihat;Pantun Nasihat
4379;padang temu padang baiduri\ntempat raja membangun kota\nbijak bertemu dengan jauhari\nbagaikan cincin dengan permata;Pantun Nasihat;Pantun Nasihat
4381;padi digiling menjadi beras\ndari desa menuju kota\nsiapa malas bekerja keras\nkan kerja di waktu tua;Pantun Nasihat;Pantun Nasihat
4382;padi diolah menjadi beras\nuntuk dimasak di sore hari\nselamat menjalankan aktivitas\ndi hari sabtu yang cerah ini;Pantun Nasihat;Pantun Nasihat
4383;padi kuning siap dituai\nanak kecil bermain layangan\npekerjaan rumah sudah selesai\nsaatnya tidur istirahatkan badan;Pantun Nasihat;Pantun Nasihat
4385;Padi menguning di tengah bendang\nAngin sepoi menyapa pagi\nJika hidup hendak gemilang\nRajin usaha setiap hari;Pantun Nasihat;Pantun Nasihat
4386;padi menguning di tengah sawah\nlaksana emas indah warnanya\nkita dibimbing di waktu sekolah\nilmu yang luas besar gunanya;Pantun Nasihat;Pantun Nasihat
4387;padi menguning saatnya dituai\npak mamat yang punya sawah\njika ingin hidup damai\njangan lupa kerjakan ibadah;Pantun Nasihat;Pantun Agama
4389;padi merunduk tanda berisi\nberilmu karena sekolah\njangan terpaku di depan televisi\nambil buku dan pelajarilah;Pantun Nasihat;Pantun Nasihat
4390;padi muda jangan dilurut\nkalau dilurut patah batangnya\nhati muda jangan diturut\nkalau diturut susah datangnya;Pantun Nasihat;Pantun Nasihat
4391;padi muda jangan dilurut\nkalau dilurut pecah batang\nhati muda jangan diturut\nkalau diturut salah datang;Pantun Nasihat;Pantun Nasihat
4392;padi sawah lebat menguning\nmarilah menuai beramairamai\nselagi sekolah kita dibimbing\nmenuntut ilmu agar pandai;Pantun Nasihat;Pantun Nasihat
4393;padi segemal kepuk di hulu\nsirih di hilir merekap junjungan\nkepalang duduk menuntut ilmu\npasir sebutir jadikan intan;Pantun Nasihat;Pantun Nasihat
4395;pagar rumah ditanam cempaka\nbunga mawar indah rupanya\nmeski jarak memisahkan kita\nkenangan manis takkan terlupa;Pantun Nasihat;Pantun Nasihat
4396;Pagar taman harus dikawat\nKawat berduri yang tahan karat\nOrang beriman hidupnya kuat\nTabah hadapi ujian berat;Pantun Nasihat;Pantun Nasihat
4397;pagi - pagi minum jamu\njamu pahit rasa rempah\nkatanya mau jadi guru\neh lihat tikus malah pasrah;Pantun Nasihat;Pantun Hiburan
4398;Pagi bening menyapa desa\nAsap nipis naik perlahan\nJika berniat luruskan asa\nLangkah kecil pun sampai tujuan;Pantun Nasihat;Pantun Nasihat
4400;Pagi cerah burung bernyanyi\nDaun hijau menari pelan\nJika ingin hidup berarti\nSayangi sesama insan;Pantun Nasihat;Pantun Nasihat
4401;Pagi cerah burung bernyanyi\nDaun hijau menari pelan\nJika ingin hidup berarti\nTebar kasih kepada insan;Pantun Nasihat;Pantun Nasihat
4402;Pagi cerah burung bernyanyi\nHinggap sebentar di dahan sena\nIlmu dicari sepanjang hari\nBekal hidup dunia akhiratnya;Pantun Nasihat;Pantun Nasihat
4403;Pagi cerah langit membiru\nAwan putih berarak pelan\nIlmu dan iman harus bersatu\nAgar hidup penuh tujuan;Pantun Nasihat;Pantun Agama
4404;Pagi cerah langit membiru\nAwan putih berarak pelan\nIlmu dicari jangan ragu\nAgar masa depan lebih mapan;Pantun Nasihat;Pantun Nasihat
4405;Pagi cerah langit membiru\nUdara segar terasa nyaman\nJika ilmu terus bertambah maju\nMasa depan jadi harapan;Pantun Nasihat;Pantun Nasihat
4406;Pagi cerah melihat awan\nAwan putih berarak perlahan\nJaga ukhuwah sesama teman\nAgar kuat persaudaraan;Pantun Nasihat;Pantun Nasihat
4407;Pagi cerah melihat awan\nAwan putih berarak perlahan\nJangan sia-siakan kesempatan\nKarena waktu tak menunggu kawan;Pantun Nasihat;Pantun Nasihat
4408;Pagi cerah melihat awan\nAwan putih berarak perlahan\nJika ingin jadi teladan\nBersikap jujur dan bertahan;Pantun Nasihat;Pantun Nasihat
4411;Pagi cerah melihat mentari\nMentari naik di ufuk timur\nJika ingin sukses nanti\nGunakan waktu dengan teratur;Pantun Nasihat;Pantun Nasihat
4412;Pagi cerah melihat mentari\nSinar hangat menyapa bumi\nSyukuri nikmat setiap hari\nAgar hidup penuh harmoni;Pantun Nasihat;Pantun Nasihat
4413;Pagi cerah melihat pelangi\nWarna indah di langit tinggi\nJika ingin hati berseri\nTebar manfaat setiap hari;Pantun Nasihat;Pantun Nasihat
4414;Pagi cerah melihat pelangi\nWarna indah menghias angkasa\nJika ingin hati berseri\nJangan suka berburuk sangka;Pantun Nasihat;Pantun Nasihat
4415;Pagi cerah melihat pelangi\nWarna indah tampak berseri\nKatanya bangun jam lima pagi\nJam sepuluh masih mimpi lagi;Pantun Nasihat;Pantun Hiburan
4416;Pagi cerah melihat taman\nBunga warna-warni bermekaran\nJangan sia-siakan kesempatan\nKarena waktu takkan kembali kawan;Pantun Nasihat;Pantun Nasihat
4417;Pagi cerah melihat taman\nBunga warna-warni bermekaran\nJika ingin banyak teman\nBersikap ramah penuh kesantunan;Pantun Nasihat;Pantun Nasihat
4418;Pagi cerah melihat taman\nBunga warna-warni bermekaran\nJika ingin jadi teladan\nBersikap baik dalam pergaulan;Pantun Nasihat;Pantun Nasihat
4419;Pagi cerah memanen bawang\nBawang merah disusun rapi\nJika ingin hidup gemilang\nTekun belajar setiap hari;Pantun Nasihat;Pantun Nasihat
4420;Pagi cerah memanen tebu\nTebu manis diperas sari\nJika ingin dihormati waktu\nGunakan hari sebaik diri;Pantun Nasihat;Pantun Nasihat
4421;Pagi cerah membawa cermin\nCermin bening tanpa noda\nJika ingin hati tak dingin\nTebarkan senyum pada sesama;Pantun Nasihat;Pantun Nasihat
4422;Pagi cerah membawa keranjang\nKeranjang rotan anyaman lama\nJika ingin hidup dikenang\nJadilah pribadi yang setia;Pantun Nasihat;Pantun Nasihat
4423;Pagi cerah membeli pena\nPena biru untuk menulis\nJika ingin hidup bermakna\nGunakan waktu dengan strategis;Pantun Nasihat;Pantun Nasihat
4427;Pagi cerah memetik jambu\nJambu ranum jatuh ke batu\nJika ingin jadi guru\nTingkatkan ilmu setiap waktu;Pantun Nasihat;Pantun Nasihat
4428;Pagi cerah memetik jeruk\nJeruk manis terasa segar\nJika ingin hati tak terpuruk\nBangkit pelan dan terus belajar;Pantun Nasihat;Pantun Nasihat
4429;Pagi cerah memetik kenanga\nKenanga harum disimpan lama\nJika ingin hidup bahagia\nRawat sabar dalam jiwa;Pantun Nasihat;Pantun Sukacita
4430;Pagi cerah memetik kenanga\nKenanga harum semerbak wangi\nJika ingin hidup mulia\nBerakhlak baik setiap hari;Pantun Nasihat;Pantun Nasihat
4431;Pagi cerah memetik kenanga\nKenanga wangi semerbak pagi\nJika ingin hidup mulia\nBerbuat baik setiap hari;Pantun Nasihat;Pantun Nasihat
4432;Pagi cerah memetik kenari\nDisimpan rapi di dalam peti\nJika ingin hidupmu berarti\nGunakan waktu sebaik mungkin nanti;Pantun Nasihat;Pantun Nasihat
4434;Pagi cerah memetik mawar\nHarumnya sampai ke halaman\nIlmu dicari dengan sabar\nSupaya hidup penuh harapan;Pantun Nasihat;Pantun Nasihat
4435;Pagi cerah memetik melati\nHarum semerbak wangi sekali\nJagalah selalu hati nurani\nAgar selamat hingga nanti;Pantun Nasihat;Pantun Nasihat
4439;Pagi cerah memetik melati\nHarum wangi semerbak suci\nTuntut ilmu sepenuh hati\nAgar derajat semakin tinggi;Pantun Nasihat;Pantun Nasihat
4440;Pagi cerah memetik nanas\nNanas kuning manis rasanya\nJika ingin hidup terasa puas\nCukupkan diri dan bersyukur saja;Pantun Nasihat;Pantun Nasihat
4441;Pagi cerah memetik pandan\nPandan wangi dibuat anyaman\nJika ingin hidup mapan\nKelola usaha dengan perhitungan;Pantun Nasihat;Pantun Nasihat
4443;Pagi cerah memetik pepaya\nPepaya manis dibelah dua\nJika hidup dijalani sederhana\nBahagia datang tanpa diminta;Pantun Nasihat;Pantun Nasihat
4444;Pagi cerah memetik rambai\nRambai kecil berwarna kuning\nJika ingin hidup damai\nHati bersih jangan berpaling;Pantun Nasihat;Pantun Nasihat
4446;Pagi cerah memetik rambutan\nRambutan merah jadi santapan\nBangun niat penuh keyakinan\nAgar kuat menghadapi ujian;Pantun Nasihat;Pantun Nasihat
4447;Pagi cerah memetik selada\nSelada segar dibuat lalap\nJika ingin hidup terjaga\nJaga diri dari sikap gelap;Pantun Nasihat;Pantun Nasihat
4448;Pagi cerah memetik tomat\nTomat merah disimpan peti\nJika ingin hidup selamat\nJaga lisan dan juga hati;Pantun Nasihat;Pantun Nasihat
4449;Pagi cerah memotong kayu\nKayu kering disusun rapi\nJika ingin hidup maju\nBekerja giat sepenuh hati;Pantun Nasihat;Pantun Nasihat
4450;Pagi cerah menimba air\nAir jernih di dalam tempayan\nJika ingin hati tak getir\nBelajar sabar dalam cobaan;Pantun Nasihat;Pantun Nasihat
4451;Pagi cerah menjemur kasur\nKasur empuk terkena cahaya\nJika ingin hidup makmur\nHemat rezeki dengan bijaksana;Pantun Nasihat;Pantun Nasihat
4452;Pagi cerah menjemur padi\nPadi kering siap digiling\nJika ingin dihormati\nBersikap sopan pada sekeliling;Pantun Nasihat;Pantun Nasihat
4453;Pagi cerah menjemur pakaian\nPakaian bersih harum baunya\nJika ingin raih keberhasilan\nDisiplin waktu setiap harinya;Pantun Nasihat;Pantun Nasihat
4456;Pagi cerah menyiram serai\nSerai wangi tumbuh merata\nJika ingin hidup damai\nJaga niat dalam berkata;Pantun Nasihat;Pantun Nasihat
4457;Pagi cerah minum susu\nSusu hangat tambah madu\nJika ingin jadi maju\nBelajar tekun sejak dulu;Pantun Nasihat;Pantun Nasihat
4458;Pagi cerah pergi berjalan\nMenyusuri jalan perkotaan\nJangan lupa tujuan kehidupan\nBukan hanya mencari kesenangan;Pantun Nasihat;Pantun Nasihat
4459;Pagi cerah tanpa awan\nAngin lembut menyentuh wajah\nSiapa kuat dalam tekanan\nAkan tumbuh jadi gagah;Pantun Nasihat;Pantun Nasihat
4460;Pagi dan petang mengutip nira\nSedap dimakan bersama santan\nRemaja wawasan harapan negara\nApakah prinsip yang diinginkan;Pantun Nasihat;Pantun Nasihat
4464;pagi hari berangkat sekolah\nberangkatnya bareng pacar\njika kita rajin makan buah\ntubuh akan menjadi bugar;Pantun Nasihat;Pantun Nasihat
4465;pagi hari berangkat sekolah\ncium dulu tangan orangtua\njangan menyerah jangan kalah\nsemangat kita selalu menyala;Pantun Nasihat;Pantun Nasihat
4466;pagi hari berangkat sekolah\nuntuk menuntut ilmu pengetahuan\nsma menjadi masa terindah\nbanyak teman ilmu dan kenangan;Pantun Nasihat;Pantun Nasihat
4468;pagi hari bersihkan kaca\nsusun kain dalam lemari\nkalau bapak banyak bicara\ntolong seimbangkan dengan aksi;Pantun Nasihat;Pantun Nasihat
4469;pagi hari datang kabut\nhanya di desa bukan di kota\njadilah wanita yang lembut\ntampak anggun dilihat mata;Pantun Nasihat;Pantun Nasihat
4470;pagi hari datang kabut\ntupai kecil pandai melompat\ndengarkan guru jangan ribut\nsupaya ilmu bisa didapat;Pantun Nasihat;Pantun Nasihat
4471;pagi hari ditemani sang surya\nhangat tubuh karena sinarnya\nbelajarlah setinggitingginya\nlalu pulang lah berdakwah sesama;Pantun Nasihat;Pantun Nasihat
4473;pagi hari hujannya deras\nsaat siang hujan berhenti\nsejak kecil suka kerja keras\nkelak nanti banyak rezeki;Pantun Nasihat;Pantun Nasihat
4474;pagi hari ke pasar baru\nperginya dengan menaiki bajai\nsungguh mulia jasamu guru\nmendidik kami menjadi pandai;Pantun Nasihat;Pantun Nasihat
4477;pagi hari langsung sarapan\nminum teh dan makan roti kelapa\ndari semua mata pelajaran\nhanya olahraga yang aku suka;Pantun Nasihat;Pantun Nasihat
4478;pagi hari makan bubur\nbadan lelah setelah lembur\nhidup di dunia jangan takabur\nagar tak menyesal di alam kubur;Pantun Nasihat;Pantun Nasihat
4479;Pagi hari makan bubur\nBubur hangat diberi ayam\nKatanya ingin hidup teratur\nBangun siang tiap malam;Pantun Nasihat;Pantun Nasihat
4480;Pagi hari makan ketan\nKetan hangat di atas papan\nSudah diet katanya tahan\nLihat gorengan langsung khilaf kawan;Pantun Nasihat;Pantun Hiburan
4484;pagi hari melihat Mentari\ncahaya hangat menyapa bumi\nilmu sejati membentuk Nurani\nmenjadi insan berbudi dan berani;Pantun Nasihat;Pantun Nasihat
4485;Pagi hari melihat mentari\nCahaya hangat menyapa bumi\nJika ingin hidup berarti\nBerbuat baik setiap hari;Pantun Nasihat;Pantun Nasihat
4486;Pagi hari melihat mentari\nCahaya hangat menyentuh bumi\nJika ingin hidup berarti\nIsi waktu dengan prestasi;Pantun Nasihat;Pantun Nasihat
4487;Pagi hari melihat mentari\nCahaya hangat menyentuh bumi\nJika ingin hidup berarti\nTebar manfaat setiap hari;Pantun Nasihat;Pantun Nasihat
4488;pagi hari memakan laksa\nlauknya dari pepes belida\njadi anak jangan durhaka\nsupaya hidup selalu bahagia;Pantun Nasihat;Pantun Sukacita
4489;Pagi hari membaca koran\nBerita datang silih bergantian\nSaring informasi dengan kebijakan\nAgar terhindar dari kesalahan;Pantun Nasihat;Pantun Nasihat
4490;Pagi hari membawa kendi\nKendi tanah berisi air\nJika ingin kuatkan diri\nJangan mudah merasa khawatir;Pantun Nasihat;Pantun Nasihat
4491;Pagi hari membawa payung\nPayung dibuka saat hujan\nJika ingin langkah tak bingung\nSusun rencana masa depan;Pantun Nasihat;Pantun Nasihat
4492;Pagi hari membawa payung\nPayung kecil menahan hujan\nJika ingin kuat menanggung\nHadapi masalah dengan kesabaran;Pantun Nasihat;Pantun Nasihat
4493;Pagi hari membeli gula\nGula merah dibuat sirup\nJika ingin hidup mulia\nBerbuat baik sepanjang hidup;Pantun Nasihat;Pantun Nasihat
4494;Pagi hari membeli jamu\nJamu pahit banyak khasiat\nJika ingin dihormati selalu\nBersikap sopan penuh hormat;Pantun Nasihat;Pantun Nasihat
4495;Pagi hari membeli ketan\nKetan manis dibungkus daun\nJika ingin dihormati teman\nJadilah pribadi santun;Pantun Nasihat;Pantun Nasihat
4496;Pagi hari membeli madu\nMadu manis dari lebah\nJika ingin hidup bersatu\nSaling peduli jangan lelah;Pantun Nasihat;Pantun Nasihat
4498;Pagi hari membeli susu\nSusu hangat terasa syahdu\nJika ingin jadi maju\nDisiplin waktu sejak dulu;Pantun Nasihat;Pantun Nasihat
4499;Pagi hari membeli talenan\nTalenan kayu kuat sekali\nJika ingin sukses berteman\nJaga jujur dalam diri;Pantun Nasihat;Pantun Nasihat
4500;pagi hari membuka toko\nsambil sarapan dengan bubur\nbegitu enak hidup menjomblo\nkemanamana tak ada yang atur;Pantun Nasihat;Pantun Nasihat
4501;Pagi hari memerah susu\nSusu segar disimpan kendi\nJika ingin hidup bersatu\nJaga ukhuwah sepenuh hati;Pantun Nasihat;Pantun Nasihat
4502;Pagi hari memetik anggur\nAnggur manis berwarna ungu\nJika ingin masa depan makmur\nDisiplin diri jangan ragu;Pantun Nasihat;Pantun Nasihat
4503;Pagi hari memetik anggur\nAnggur ungu disimpan peti\nJika ingin hidup teratur\nAtur waktu dengan pasti;Pantun Nasihat;Pantun Nasihat
4504;Pagi hari memetik belimbing\nBelimbing jatuh ke tanah merah\nJika ingin hidup selalu bening\nJujurlah walau terasa susah;Pantun Nasihat;Pantun Nasihat
4505;Pagi hari memetik cempaka\nCempaka putih harum baunya\nJika hidup ingin bermakna\nJagalah sikap dan tutur katanya;Pantun Nasihat;Pantun Nasihat
4506;Pagi hari memetik cempaka\nHarumnya lembut menyapa rasa\nJika ingin hidup bermakna\nBerbuat baiklah sesama manusia;Pantun Nasihat;Pantun Nasihat
4507;Pagi hari memetik delima\nBurung kecil hinggap di bata\nJika ingin hidup bahagia\nJangan lupa hormat orang tua;Pantun Nasihat;Pantun Sukacita
4510;Pagi hari memetik delima\nDisimpan rapi di dalam peti\nIlmu dicari sepanjang usia\nAgar hidup penuh prestasi;Pantun Nasihat;Pantun Nasihat
4511;Pagi hari memetik duku\nDuku manis dibagi rata\nJika ingin hidup bersatu\nUtamakan adil pada sesama;Pantun Nasihat;Pantun Nasihat
4512;Pagi hari memetik jambu\nJambu merah rasanya segar\nJika hidup ingin selalu maju\nBelajarlah tanpa merasa pintar;Pantun Nasihat;Pantun Nasihat
4513;Pagi hari memetik jambu\nJambu ranum jatuh ke tanah\nJika ingin hidup tak ragu\nYakinlah pada langkah yang sah;Pantun Nasihat;Pantun Nasihat
4514;Pagi hari memetik lengkuas\nLengkuas segar di kebun lama\nJika ingin hidup terasa puas\nSyukuri nikmat setiap masa;Pantun Nasihat;Pantun Nasihat
4515;Pagi hari memetik mangga\nBurung kecil hinggap di pagar\nJika ingin hidup bahagia\nBersikap jujur dan sabar;Pantun Nasihat;Pantun Sukacita
4517;Pagi hari memetik markisa\nMarkisa matang rasa segar\nJika ingin hidup sentosa\nJangan mudah merasa gusar;Pantun Nasihat;Pantun Nasihat
4518;Pagi hari memetik melati\nMelati putih harum baunya\nJika ingin hidup lebih berarti\nJaga sikap dan lakunya;Pantun Nasihat;Pantun Nasihat
4519;Pagi hari memetik melati\nMelati putih harum baunya\nJika ingin hidup penuh arti\nIsilah hari dengan karya nyata;Pantun Nasihat;Pantun Nasihat
4520;Pagi hari memetik melati\nMelati putih harum baunya\nKalau ingin dihormati\nJaga selalu sopan santunnya;Pantun Nasihat;Pantun Nasihat
4521;Pagi hari memetik nanas\nNanas manis berwarna kuning\nJika ingin hidupmu tuntas\nSelesaikan amanah tanpa berpaling;Pantun Nasihat;Pantun Nasihat
4522;Pagi hari memetik padi\nAngin lembut berhembus perlahan\nMari perbaiki diri sendiri\nAgar hidup penuh keberkahan;Pantun Nasihat;Pantun Nasihat
4523;Pagi hari memetik padi\nBurung kecil terbang tinggi\nRajin belajar sejak dini\nAgar sukses di kemudian hari;Pantun Nasihat;Pantun Nasihat
4524;Pagi hari memetik padi\nBurung kecil terbang tinggi\nRajin belajar setiap hari\nAgar hidup lebih berarti;Pantun Nasihat;Pantun Nasihat
4525;Pagi hari memetik pandan\nPandan wangi untuk masakan\nJika ingin hidup berkesan\nIsi hari dengan kebaikan;Pantun Nasihat;Pantun Nasihat
4528;Pagi hari memetik pepaya\nPepaya masak berwarna jingga\nJika ingin hidupmu mulia\nRendahkan hati buanglah sombongnya;Pantun Nasihat;Pantun Nasihat
4530;Pagi hari memetik pisang\nPisang masak berwarna kuning\nJika ingin hidup terus berkembang\nTerbuka pada kritik dan pembimbing;Pantun Nasihat;Pantun Nasihat
4531;Pagi hari memetik serai\nSerai wangi disimpan rapi\nJika ingin hidup damai\nJaga niat dalam hati;Pantun Nasihat;Pantun Nasihat
4532;Pagi hari memetik sirsak\nSirsak matang terasa manis\nJika ingin hidup tak rusak\nJauhi fitnah dan sikap sinis;Pantun Nasihat;Pantun Nasihat
4533;Pagi hari memetik teratai\nTeratai tumbuh di kolam jernih\nJika ingin hidup terasa damai\nPeliharalah hati tetap bersih;Pantun Nasihat;Pantun Nasihat
4534;Pagi hari memetik teratai\nTeratai tumbuh di kolam jernih\nJika ingin hidupmu damai\nJauhkan dengki dari hati bersih;Pantun Nasihat;Pantun Nasihat
4535;pagi hari memtik kenanga\nharumnya lembut terbawa angin\nilmu dan akhlak berjalan Bersama\nmembentuk insan berbudi dan yakin;Pantun Nasihat;Pantun Nasihat
4536;pagi hari menanak nasi\nnasi bekal orang di sawah\ncobalah terka pantunku ini\nakar di atas pucuk di bawah;Pantun Nasihat;Pantun Hiburan
4537;Pagi hari menanam bunga\nBunga indah di halaman rumah\nJika ingin hidup terjaga\nJauhi fitnah dan kata lemah;Pantun Nasihat;Pantun Nasihat
4538;Pagi hari menanam bunga\nBunga mawar warna merah\nJika ingin cinta terjaga\nJangan suka berkata salah;Pantun Nasihat;Pantun Kasih Sayang
4539;Pagi hari menanam padi\nAir jernih mengalir tenang\nRajin belajar setiap hari\nAgar masa depan gemilang;Pantun Nasihat;Pantun Nasihat
4540;Pagi hari menanam padi\nBenih tumbuh subur sekali\nPerbaiki diri setiap hari\nAgar masa depan berseri;Pantun Nasihat;Pantun Nasihat
4541;Pagi hari menanam padi\nPadi hijau tumbuh merata\nJika ingin dihormati\nJagalah tutur dalam berkata;Pantun Nasihat;Pantun Nasihat
4542;Pagi hari menanam padi\nSore hari menyiram bunga\nSiapa rajin dari dini\nMenuai hasil saat dewasa;Pantun Nasihat;Pantun Nasihat
4543;Pagi hari menanam talas\nTalas muda tumbuh subur\nJika ingin hidup tak malas\nBangun pagi dan bersyukur;Pantun Nasihat;Pantun Nasihat
4544;pagi hari menangkap udang\nmalang sekali jala terlilit\nseringkali meminjam uang\nsaat dipinjam sangatlah pelit;Pantun Nasihat;Pantun Nasihat
4545;Pagi hari menata kursi\nKursi kayu disusun rapi\nJika ingin hidup terpuji\nJaga sopan dalam diri;Pantun Nasihat;Pantun Nasihat
4547;pagi hari mengumpulkan nira\nambil buah kelapa cuma sebutir\nbanyak orang yang pandai bicara\ntapi sedikit yang mau berfikir;Pantun Nasihat;Pantun Nasihat
4548;Pagi hari menimba air\nAir jernih dari perigi\nJika ingin hati tak getir\nMaafkan salah sepenuh hati;Pantun Nasihat;Pantun Nasihat
4549;Pagi hari menimba air\nAir sejuk di dalam sumur\nJika ingin hati tak getir\nLapangkan dada dan bersyukur;Pantun Nasihat;Pantun Nasihat
4550;Pagi hari menimba sumur\nAir jernih disimpan kendi\nJika ingin hati bersyukur\nTerima takdir dengan rela hati;Pantun Nasihat;Pantun Nasihat
4551;Pagi hari menjemur kopi\nKopi hitam harum baunya\nJika ingin hati terisi\nDekatkan diri pada Yang Kuasa;Pantun Nasihat;Pantun Nasihat
4552;Pagi hari menjemur pakaian\nPakaian bersih harum baunya\nJika ingin hidup bertahan\nPerkuat tekad dalam jiwanya;Pantun Nasihat;Pantun Nasihat
4553;pagi hari menonton berita\nberitanya tentang kematian\njangan menangis karena cinta\nkarena cinta butuh pengorbanan;Pantun Nasihat;Pantun Kasih Sayang
4554;pagi hari mentari hangat\nmakan sarapan dengan ketupat\nbekerja mestilah semangat\nagar citacita segera didapat;Pantun Nasihat;Pantun Nasihat
4556;pagi hari menyadap nira\nambil kelapa hanya sebutir\nbanyak orang pandai bicara\nsedikit orang suka berpikir;Pantun Nasihat;Pantun Nasihat
4557;Pagi hari menyapu halaman\nDaun gugur dikumpulkan rapi\nJika ingin hidup berkesan\nBerbuat baik jangan ditunda lagi;Pantun Nasihat;Pantun Nasihat
4558;Pagi hari menyapu halaman\nHalaman bersih rapi tertata\nJika ingin hidup nyaman\nJaga kebersihan jiwa dan raga;Pantun Nasihat;Pantun Nasihat
4559;Pagi hari menyeduh kopi\nKopi hangat harum baunya\nJika ingin dihargai nanti\nTunjukkan kerja nyata adanya;Pantun Nasihat;Pantun Nasihat
4561;pagi hari menyiram bunga\nbunga mawar dekat jendela\nkalau berhasil meraih citacita\njangan lupa membangun bangsa;Pantun Nasihat;Pantun Nasihat
4562;Pagi hari menyiram bunga\nBunga mawar tumbuh berseri\nJika ingin hati terjaga\nPelihara niat dalam diri;Pantun Nasihat;Pantun Nasihat
4563;Pagi hari menyiram taman\nTaman hijau sejuk terasa\nJika ingin hidup aman\nPatuhi aturan yang ada;Pantun Nasihat;Pantun Nasihat
4565;Pagi hari menyusur kali\nAir jernih mengalir tenang\nJika ingin hidup lestari\nJagalah alam jangan terbuang;Pantun Nasihat;Pantun Nasihat
4566;Pagi hari minum jamu\nJamu pahit banyak khasiat\nPerjuangan memang tak selalu\nNamun hasilnya sangat nikmat;Pantun Nasihat;Pantun Nasihat
4567;Pagi hari minum jamu\nJamu pahit rasa rempah\nJika ingin hidup maju\nJangan takut mencoba susah;Pantun Nasihat;Pantun Nasihat
4568;Pagi hari minum jamu\nJamu pahit terasa lugu\nBersihkan hati dari nafsu\nAgar hidup terasa syahdu;Pantun Nasihat;Pantun Nasihat
4569;Pagi hari minum jamu\nJamu pahit terasa lugu\nJika ingin hidup maju\nBelajar tekun sepanjang waktu;Pantun Nasihat;Pantun Nasihat
4570;Pagi hari minum jamu\nJamu pahit terasa lugu\nKatanya ingin selalu maju\nTugas datang malah lesu;Pantun Nasihat;Pantun Hiburan
4571;Pagi hari minum jamu\nJamu pahit terasa murni\nLatih diri disiplin waktu\nAgar hidup tertata rapi;Pantun Nasihat;Pantun Nasihat
4572;pagi hari minum segelas jamu\nsupaya tubuh sehat lebih berisi\nhormati selalu bapak dan ibumu\nagar menjadi anak yang berbakti;Pantun Nasihat;Pantun Nasihat
4573;pagi hari minum susu\ncemilannya dengan rengginang\nberkat kesabaran dan keikhlasanmu\naku menuntut ilmu dengan tenang;Pantun Nasihat;Pantun Nasihat
4574;Pagi hari minum susu\nSusu hangat dicampur madu\nJika ingin langkahmu maju\nDisiplin waktu sejak dulu;Pantun Nasihat;Pantun Nasihat
4575;pagi hari pergi ke pasar\nuntuk membeli makanan burung\ndia sombong karena pintar\nketika ditanya hanya bingung;Pantun Nasihat;Pantun Nasihat
4576;Pagi hari pergi ke taman\nBurung kecil terbang perlahan\nRajin belajar wahai teman\nAgar cerah masa depan;Pantun Nasihat;Pantun Nasihat
4578;pagi hari sarapan roti\npakai selai alangkah enaknya\nagama adalah budi pekerti\nakhlak mulia harus sempurna;Pantun Nasihat;Pantun Nasihat
4579;pagi hari sudah tiba\nayam berkokok di atas genteng\nlima menit menuju berbuka\nkaret gelang kayak mie goreng;Pantun Nasihat;Pantun Nasihat
4580;pagi hari turun gerimis\npanen padi isinya hampa\nkalau sudah makan manis\nsikat gigi jangan lupa;Pantun Nasihat;Pantun Nasihat
4581;pagi hari udara menderu\nmemancing di sungai dapat kerapu\ngadis manis berkerudung biru\nbetapa cantik kalau tersipu;Pantun Nasihat;Pantun Kasih Sayang
4582;Pagi hening di hujung desa\nKabut nipis menyelimuti laman\nHidup jujur hidup terasa\nWalau sederhana tetap berkesan;Pantun Nasihat;Pantun Nasihat
4584;pagi jangan lupa sarapan\nuntuk pulihkan fisik dan energi\njagalah semangat dan kesehatan\nketika bekerja setiap hari;Pantun Nasihat;Pantun Nasihat
4585;pagi lebaran makan ketupat\nberasnya agak sedikit berderai\nmeski badan dan pikiran penat\nimpian besar haruslah tercapai;Pantun Nasihat;Pantun Nasihat
4586;pagi merekah minum yang hangat\nminum jamu supaya kuat\npergi sekolah dengan semangat\nmoga ilmu akan didapat;Pantun Nasihat;Pantun Nasihat
4588;pagi pagi ayam berkokok\nayam berkokok diatas papan\nanak kecil jangan merokok\npikirkanlah masa depan;Pantun Nasihat;Pantun Nasihat
4593;Pagi pagi mengupas kunyit\nKupas kunyit dengan papaya\nTernyata begini rasanya sakit\nDitinggal saat saying sayangnya;Pantun Nasihat;Pantun Dukacita
4595;pagi sarapan ketupat\nsiang makan ketupat juga\nkerjaku makin semangat\nsejak kau ajak berumah tangga;Pantun Nasihat;Pantun Kasih Sayang
4596;pagi sarapan nasi uduk\nsiangnya makan nasi padang\nitu kakak yang sedang duduk\nmanis sekali untuk dipandang;Pantun Nasihat;Pantun Nasihat
4597;Pagi-pagi mancing ikan\nDapatnya banyak hati pun senang\nBadan kurus sedikit makan\nTerkena angin langsung terbang;Pantun Nasihat;Pantun Nasihat
4598;Pagi-pagi membeli roti\nRoti hangat dibagi dua\nJika ingin dihargai nanti\nHargai dulu orang tua;Pantun Nasihat;Pantun Nasihat
4599;Pagi-pagi pergi ke pasar yang dekat\nDi pasar membeli ayam\nKalau siang tak bisa melihat\nKalau malam matanya tajam;Pantun Nasihat;Pantun Hiburan
4600;pagipagi baca koran\nsemoga saja kamu jarang\njangan lupa baca alquran\nsemoga saja harimu terang;Pantun Nasihat;Pantun Agama
4601;pagipagi berangkat kerja\njangan lupa membawa bekal\nsemakin usia kita menyenja\nkisah persahabatan akan kekal;Pantun Nasihat;Pantun Nasihat
4602;pagipagi berangkat sekolah\nbawa sarapan telornya gosong\njanji politik sampai tumpahruah\nsetelah terpilih aksinya kosong;Pantun Nasihat;Pantun Nasihat
4606;pagipagi makan ketupat\nmakan bersama di atas tikar\nkami murid kelas empat\nrajin belajar dan juga pintar;Pantun Nasihat;Pantun Nasihat
4607;pagipagi membeli kamu\njamu itu banyak khasiat\njangan bosan mencari ilmu\nkarena ilmu banyak manfaat;Pantun Nasihat;Pantun Nasihat
4608;pagipagi meminum jamu\nsegelas jamu pahit rasanya\ntekunlah dalam menuntut ilmu\ntanpa ilmu hidup tak berguna;Pantun Nasihat;Pantun Nasihat
4609;pagipagi mencuci sepatu\nsepatu dicuci di hari minggu\nsungguh besar jasa ayah ibu\nsayangi mereka hingga ajalmu;Pantun Nasihat;Pantun Nasihat
4613;pagipagi sarapan bubur\nbubur dimakan bersama ayah\nkalau kamu jadi anak jujur\nallah tunjukkan jalan ke mekah;Pantun Nasihat;Pantun Nasihat
4614;Pahat tajam untuk mengukir\nKirim ke desa oleh si kurir\nBiasakan lidah untuk berdizkir\nBukan dipakai untuk nyinyir;Pantun Nasihat;Pantun Nasihat
4616;pahit sekali rasanya jamu\nwalau pahit banyak kasiatnya\ningin rasanya ke rumahmu\ntapi bapakmu aduh galaknya;Pantun Nasihat;Pantun Nasihat
4617;pajangan bambu ditimangtimang\ndengarkan lagu irama melayu\njangan ragu dan jangan bimbang\nyakinlah cintaku hanya untukmu;Pantun Nasihat;Pantun Kasih Sayang
4619;pak budi tubuhnya kuat\npandai tinju dan angkatangkat\nsekarang ini hari jumat\npantas aja temanku kumat;Pantun Nasihat;Pantun Nasihat
4620;pak camat suka berkebun\nbu camat suka menjahit\ncuci tangan pakai sabun\nagar tidak terkena penyakit;Pantun Nasihat;Pantun Nasihat
4621;pak haji sering berdzikir\nsetiap saat tampak jemu\notakku selalu berpikir\nbagaimana cara mendapatkanmu;Pantun Nasihat;Pantun Nasihat
4622;pak hitam pergi ke hutan\nmembawa pulang kayu utas\nbentuknya seperti buah rambutan\nhendak makan badannya dipulas;Pantun Nasihat;Pantun Hiburan
4625;pak mamat memanjat rambutan\njangan pegang dahan yang rapuh\nselamat hari selasa buat teman\nyang sedang dekat maupun jauh;Pantun Nasihat;Pantun Sukacita
4626;pak mamat rambutnya klinis\nada jenggot di bawah dagu\nkuucapkan selamat hari kamis\nuntukmu penghuni relung hatiku;Pantun Nasihat;Pantun Sukacita
4627;pak mamat tidur mendengkur\nsambil mendengarkan alunan musik\nselamat ultah pak direktur\ntetaplah menjadi pemimpin yang baik;Pantun Nasihat;Pantun Sukacita
4628;pak penghulu mengambil bedak\nperahu besar baru bersandar\npikir dulu sebelum bertindak\nsupaya sesal dapat terhindar;Pantun Nasihat;Pantun Nasihat
4629;pak tanah membawa cangkul\ncangkul mahal dari garut\nhendaknya sabar dalam bergaul\nnafsu amarah jangan diturut;Pantun Nasihat;Pantun Nasihat
4631;pak tani menanam ketan\ndi sawah jadi hamparan\nsekolah adalah jembatan\nuntuk menggapai masa depan;Pantun Nasihat;Pantun Nasihat
4632;pak tani menanam tomat\ntomat mengandung banyak serat\njika ingin selalu terhormat\ntutup olehmu seluruh aurat;Pantun Nasihat;Pantun Agama
4635;pakai baju ukurannya pas\nbaju biru pemberian mertua\njangan lupa belajar dengan ikhlas\nagar kelak mendapat ridho nya;Pantun Nasihat;Pantun Nasihat
4636;pakai baju warna biru\npergi ke sekolah pukul satu\nmurid sentiasa hormati guru\nkerana guru pembekal ilmu;Pantun Nasihat;Pantun Nasihat
4637;pakai celana tengahnya bolong\ndibawa pergi untuk berpesta\njanganlah suka berkata bohong\napalagi ditambah dusta;Pantun Nasihat;Pantun Nasihat
4639;pakai kuncir hanya sebelah\nsetelah sembilan angka sepuluh\njika kamu sedang sekolah\njangan sampai banyak mengeluh;Pantun Nasihat;Pantun Nasihat
4640;pakai payung dikala hujan\nkena baju pastilah basah\nkalau ingin lulus ujian\nrajin belajar pantang menyerah;Pantun Nasihat;Pantun Nasihat
4641;pakaian kumuh langsung dicuci\njemurkan semenjak pagi hari\ntak ada alasan untuk membenci\nkepada ibu selalulah berbakti;Pantun Nasihat;Pantun Nasihat
4642;paling enak makan durian\nsambil mendengar banyak saran\njalanjalan sendirian\nmelihat orang lagi pacaran;Pantun Nasihat;Pantun Kasih Sayang
4643;paling enak makan pepaya\njangan lupa dicuci bilas\nkalau sudah baca pesan saya\nharap segera dibalas;Pantun Nasihat;Pantun Nasihat
4644;paling enak minum selasih\ntanam selasih di kebun subur\nmobil dikasih uang dikasih\nsudah dikasih malah kabur;Pantun Nasihat;Pantun Nasihat
4645;Paling seger minum limau\nCampur madu tambah nikmat\nAyam berani sama harimau\nItu ayam super nekat;Pantun Nasihat;Pantun Hiburan
4646;paling tinggi pohon kelapa\nmenjulang sehat di tanah berbatu\nnilai adalah standard ukur mereka\nangka sangat berharga untukku;Pantun Nasihat;Pantun Nasihat
4647;paman ke sawah menanam padi\npadi ditanam dimangsa burung\nsuara letusan gunung berapi\nterdengar kaget rambutnya kuncung;Pantun Nasihat;Pantun Nasihat
4648;panas terik jemurlah kasur\nkatak berlindung di bawah tempurung\nsetiap datang hari libur\nhanya teringat teman di kampung;Pantun Nasihat;Pantun Sukacita
4649;panas terik ketika pulang sekolah\nsinggah sejenak di bawah mangga\nuntukmu yang sedang ultah\nselamat menua dan berbahagia;Pantun Nasihat;Pantun Sukacita
4650;panas terik minum es durian\nmakan cemilan di tepi jalan\nminggu pagi jangan ke tepi jalan\nmata perih lihat pasangan boncengan;Pantun Nasihat;Pantun Kasih Sayang
4652;panaspanas kota jakarta\nakibat pemanasan dunia\nbila mendambakan lulus sarjana\ntidur malam tanpa celana;Pantun Nasihat;Pantun Nasihat
4655;pandai benar burung kakak tua\nkakak tua milik pak suherman\ntak mengapa dapat istri tua\nlebih penyayang dan banyak pengalaman;Pantun Nasihat;Pantun Kasih Sayang
4656;pandai terbang binatang lalat\nhinggap sesaat di daun kubis\ncarilah ilmu sepanjang hayat\nilmu dicari tak pernah habis;Pantun Nasihat;Pantun Nasihat
4663;pantun dibuat khusus wanita\nsupaya di sukai kaum hawa\nsungguh beruntung menjadi wanita\ndia diciptakan sangat istimewa;Pantun Nasihat;Pantun Nasihat
4667;para atlet sedang berlatih\nsupaya menang tidak kalah\nberusahalah dengan gigih\njanganlah adik mudah menyerah;Pantun Nasihat;Pantun Nasihat
4669;para hadirin tegap dan hormat\nkarena telah dimulai upacara\nkarena pejuangpejuang hebat\nindonesia raih merdeka;Pantun Nasihat;Pantun Nasihat
4672;para penari menarinari\nsambil menari membawa bantal\npusing ibu sepanjang hari\nmelihat adik berbuat nakal;Pantun Nasihat;Pantun Nasihat
4673;para perenang rambutnya basah\nberlombalomba menuju seberang\nbudaya asing sudah merambah\nbudaya asli janganlah hilang;Pantun Nasihat;Pantun Sosial Budaya
4674;para petani berangkat pagi\npenuh semangat di hari yang cerah\nbangun pagi langsung mandi\nsiapsiap pergi sekolah;Pantun Nasihat;Pantun Nasihat
4676;para petani saling memikul\nmemikul padi yang dipanennya\nsesama insan saling merangkul\nmerangkul bukan saling menghina;Pantun Nasihat;Pantun Nasihat
4678;para tukang membawa palu\nuntuk membuat bangku sekolah\nselamat berbuka wahai sayangku\nsemoga puasamu diijabah;Pantun Nasihat;Pantun Kasih Sayang
4679;parang ditelak berbatang sena\nbelah buluh taruhlah temu\narang dikerja takkan sempurna\nbila tak penuh menaruh ilmu;Pantun Nasihat;Pantun Nasihat
4680;parang tajam tidak berhulu\nbuat mencetak isi pokok ru\nbila belajar tekun selalu\njangan ingkar nasihat guru;Pantun Nasihat;Pantun Nasihat
4686;Pasar baru pusatnya kain\nAwas dompet jangan hilang\nDesa tempatnya bermain\nBagai bolang berpetualang;Pantun Nasihat;Pantun Nasihat
4687;pasar baru ramai marak\ntangan bertepuk mulut bersorak\njaga diri dari congkak\nagar hidup tak luluh lantak;Pantun Nasihat;Pantun Nasihat
4688;pasar baru tempanya kain\npergi ke sana beli satu\nsilakan ananda pergi main\njangan sampai lupa waktu;Pantun Nasihat;Pantun Nasihat
4692;pasrahkan hati dan jiwa kepadanya\ntanpa ridhonya tak mungkin berdikari\nbuanglah sampah pada tempatnya\nmenjaga kota tetap elok nan asri;Pantun Nasihat;Pantun Nasihat
4693;pasti datang hari hisab\nruh mukmin harumnya wangi\njadilah suami yang bertanggung jawab\nmemimpin mengayomi dan melindungi;Pantun Nasihat;Pantun Kasih Sayang
4697;patah jarum dalam peti\nbuat menjahit kain bertimbun\nnasehat sepatah kurang dimengerti\nrupanya penawar beribu tahun;Pantun Nasihat;Pantun Nasihat
4699;Payah kami menabur padi\nNenas juga ditanam orang\nPayah kami menabur budi\nApakah sebenarnya dipandang orang;Pantun Nasihat;Pantun Nasihat
4700;Payah kami menabur padi\nNenas juga ditanam orang\nPayah kami menabur budi\nEmas juga dipandang orang;Pantun Nasihat;Pantun Nasihat
4701;Payung kuning dibuka raja\nTanda daulat di tengah balai\nJika adat mahu terjaga\nHormati undang jangan dilalai;Pantun Nasihat;Pantun Sosial Budaya
4702;pecah piring pecah gelas\nbaru datang langsung balik\nguru tak hanya di kelas\npengalaman itu guru terbaik;Pantun Nasihat;Pantun Nasihat
4703;pedang samurai tajam menghunus\nhunuskan sudah ke kaki meja\ndengarlah wahai para penerus\njagalah selalu kedaulatan bangsa;Pantun Nasihat;Pantun Nasihat
4704;pedih rasa kena sembilu\nlukanya perih dan menganga\nsabtu cerah langit biru\nsemoga semangat tetap membara;Pantun Nasihat;Pantun Nasihat
4705;peegi berkemah ke hutan rimba\nikat tali ke batang dan dahan\nkita adalah anak pramuka\nlelah boleh menyerah jangan;Pantun Nasihat;Pantun Nasihat
4706;peegi ke pasar membeli ikan\nikan digulai dengan daun pandan\nberkalikali sudah dimaafkan\njangan lagi ulang kesalahan;Pantun Nasihat;Pantun Nasihat
4708;pekerjaan ini sangat mulia\nmerawat orang yang memerlukannya\nserba putih warna pakaiannya\nada saja yang dapat dirawatnya;Pantun Nasihat;Pantun Nasihat
4713;Pelangi tujuh melingkar indah\nSeusai hujan di langit tinggi\nJika budi sentiasa terserah\nHarumlah nama sepanjang hari;Pantun Nasihat;Pantun Nasihat
4714;pemain bola pakai baju ketat\nmain ketika turun salju\nuntukmu guru yang terhormat\nsemoga engkau sehat selalu;Pantun Nasihat;Pantun Kasih Sayang
4715;pemalas suka beranganangan\nhidup susah dalam lamunan\nyang muda perlu bimbingan\nsupaya hidupnya dalam tuntunan;Pantun Nasihat;Pantun Nasihat
4716;pemasangan bendera satu agustus\ntahun ini sangat luar biasa\nandaikan bahtera melaju terus\nsusun strategi buat tegar bangsa;Pantun Nasihat;Pantun Nasihat
4718;pemuda pemudi buat kembar mayang\ntak lupa kencangkan dengan palu\nteruntukmu sahabat tersayang\nselamat jalan dan sukses selalu;Pantun Nasihat;Pantun Kasih Sayang
4719;penat seharian bekerja penuh\nmalam istirahat tenang pikiran\nsempat selonjoran tiada keluh\nmalam pekat ambang kesunyian;Pantun Nasihat;Pantun Nasihat
4721;penatpenat rasanya badan\nlangsung saja pergi diurut\nberbuka jangan kekenyangan\nberdiri sambil memegang perut;Pantun Nasihat;Pantun Nasihat
4723;pendidikan karakter penting sekali\nharus diajarkan setiap hari\nentah nanti tidak bersua lagi\njangan malu untuk berselfi;Pantun Nasihat;Pantun Nasihat
4725;pengantin duduk dekat penghulu\ndalam cinta pengantin bertemu\nsebelum bicara pikir dahulu\nitulah tanda bijak jiwamu;Pantun Nasihat;Pantun Nasihat
4727;pengemis tua berkelana\nbawa anak tak pakai celana\nyang cantik bernama diana\ndiamdiam dia mempesona;Pantun Nasihat;Pantun Nasihat
4729;penghapus baru pensil baru\nuntuk menyambut sekolah yang baru\nwahai bapak dan ibu guru\nterimakasih atas semua ilmu;Pantun Nasihat;Pantun Nasihat
4732;penjual buah akan merugi\njika hari terus mendung\nkemana manisku akan pergi\nbolehkah abang ikut bergabung;Pantun Nasihat;Pantun Nasihat
4733;penjual obat penjual jamu\npenjual jamu orangnya tampan\nbersekolah menuntut ilmu\nilmu berguna untuk kehidupan;Pantun Nasihat;Pantun Nasihat
4735;penyet paha begitu pedas\nberlibur untuk memanjakan rasa\njangan hanya jadi anak cerdas\ntapi juga berguna untuk bangsa;Pantun Nasihat;Pantun Nasihat
4737;pepaya padat penuh berisi\nbila dimakan enak rasanya\nnama dan alamat telah kuberi\njangan lupa kunjungannya;Pantun Nasihat;Pantun Nasihat
4740;Perahu dagang menuju seberang\nLayar terkembang menentang arus\nJika tekad tidak berkurang\nSegala payah akan terhapus;Pantun Nasihat;Pantun Nasihat
4741;Perahu kecil di sungai tenang\nDayung diayun perlahan-lahan\nJika tekun dalam berjuang\nCita terangkat jadi kenyataan;Pantun Nasihat;Pantun Nasihat
4743;perahu layar memuat rotan\nterkena pukat berhenti sesaat\npemuda gagah mencari pasangan\ngadis dituju janda yang didapat;Pantun Nasihat;Pantun Kasih Sayang
4744;perahu melaju menuju hulu\nangin bertiup amat pesatnya\nbarang siapa beramal tanpa ilmu\nsetan mudah menyesatkannya;Pantun Nasihat;Pantun Nasihat
4745;perahu melaju pergi ke hulu\nperahu besar telah lewat\nberangkat sekolah sarapan dulu\nsupaya badan menjadi kuat;Pantun Nasihat;Pantun Nasihat
4746;perahu melewati terumbu karang\ndibawahnya banyak jenis ikan\njadikan pendidikan sebagai tiang\npenyangga hidup dari kesusahan;Pantun Nasihat;Pantun Nasihat
4747;Perahu nelayan mudik ke hulu\nDipukul ombak tidak sekali\nInternet pengacau generasi baru\nBagaimana mungkin jadi begini;Pantun Nasihat;Pantun Nasihat
4748;perasaan hati berbinarbinar\nwarna apel yaitu merah\nsaya tahu hewan berbadan besar\nhewan itu bernama gajah;Pantun Nasihat;Pantun Nasihat
4749;percuma punya bunga cempaka\nkalau tak pernah dimamah biak\npercuma jadi si cendekia\njikalau punya watak yang tamak;Pantun Nasihat;Pantun Nasihat
4750;percuma punya liontin emas\nkalau emasnya emas yang palsu\npercuma punya otak yang cerdas\njika akhlaknya buruk selalu;Pantun Nasihat;Pantun Nasihat
4751;percuma saja kamu ambil batu\nkalau nanti batunya kamu buang\npercuma saja dapat ranking satu\nkalau waktu ujian berbuat curang;Pantun Nasihat;Pantun Nasihat
4755;pergi belanja bersama mama\nmembeli celana juga busana\nbelajar seperti mengayuh sepeda\nakan berguna sepanjang masa;Pantun Nasihat;Pantun Kiasan
4756;pergi belanja ke pasar baru\nke pasar baru bersama pacar\nselalu ku ingat pesan guruku\nuntuk selalu rajin belajar;Pantun Nasihat;Pantun Nasihat
4757;pergi berbelanja ke pasar\nsaking besarnya jadi kesasar\njika ingin menjadi pintar\ntentulah harus rajin belajar;Pantun Nasihat;Pantun Nasihat
4761;pergi berburu ke dalam hutan\nhutannya rinbun daunnya lebat\nselamat selasa untuk sekalian\nsemua teman maupun sahabat;Pantun Nasihat;Pantun Nasihat
4762;pergi berburu ke dalam hutan\nmendapat seekor anak kancil\nberlari pagi jangan tinggalkan\nbadan sehat dimulai dari hal kecil;Pantun Nasihat;Pantun Nasihat
4763;pergi berburu ke dalam hutan\npulangnya membawa sebatang rotan\nberkalikali sudah dimaafkan\ntapi selalu ulangi kesalahan;Pantun Nasihat;Pantun Nasihat
4765;Pergi berburu ke dalam rimba\nMembawa bekal seikat padi\nJika ingin banyak kawan tiba\nRamah tamah jadi kunci;Pantun Nasihat;Pantun Nasihat
4766;pergi berburu ke hutan rimba\nbelah kayu dengan kapak\njangan pemalas jadi pria\ntanggung jawab kita sangat banyak;Pantun Nasihat;Pantun Nasihat
4769;pergi berburu ke hutan rimba\nistirahat di bawah akar rotan\nteruslah menjadi pengajar bangsa\ndemi kecerdasan dan kemajuan;Pantun Nasihat;Pantun Nasihat
4773;pergi berburu ke tengah hutan\npulangnya menbawa rotan\nmari kita saling memaafkan\nsalah ucap maupun perbuatan;Pantun Nasihat;Pantun Nasihat
4774;pergi berburu ke tepi hutan\nmandi di sungai airnya tenang\nbagaimana bisa disebut teman\ndia menusuk dari belakang;Pantun Nasihat;Pantun Kiasan
4775;pergi berburu memakai batik\nsampai ke kebun tanahnya subur\nseorang guru akhlaknya baik\nsopan santun berbudi luhur;Pantun Nasihat;Pantun Nasihat
4776;Pergi berburu membawa tombak\nMasuk hutan penuh semak\nJika hidup ingin tampak\nBersungguh-sungguh jangan banyak ombak;Pantun Nasihat;Pantun Nasihat
4777;pergi berburu mengambil galah\ngalah hilang entah kemana\nterburu buru pergi sekolah\nsampai lupa pakai celana;Pantun Nasihat;Pantun Nasihat
4778;pergi berburu sampai ke sempadan\ndapat kancil badan berjalur\nbiar carik baju di badan\nasalkan hati bersih dan jujur;Pantun Nasihat;Pantun Nasihat
4779;Pergi berjalan ke tanah seberang\nLangkah pasti tak tergesa\nJika sabar dalam berjuang\nHasil manis akan terasa;Pantun Nasihat;Pantun Nasihat
4780;pergi berkebun di hari selasa\ndi kebun memetik buah\nayah itu kepala keluarga\ntugasnya mencari nafkah;Pantun Nasihat;Pantun Nasihat
4781;pergi berkelana ke hutan rimba\nbertemu dengan anak kancil\nhidup takkan jadi bermakna\nbila tak ada sahabat kecil;Pantun Nasihat;Pantun Nasihat
4782;Pergi berkemah di tanah lapang\nTenda berdiri kokoh terikat\nJika ingin hati lapang\nBersyukur atas nikmat yang lekat;Pantun Nasihat;Pantun Nasihat
4783;Pergi berkemah di tepi danau\nApi unggun menyala terang\nJika hidup terasa kacau\nbersaabarlah agar hidupmu tenang;Pantun Nasihat;Pantun Nasihat
4784;Pergi berkemah di tepi danau\nApi unggun menyala terang\nJika hidup terasa kacau\nBersabar hati jadi tenang;Pantun Nasihat;Pantun Nasihat
4787;Pergi berkuda melintasi ladang\nDebu beterbangan di jalan\nJika yakin tetap memandang\nImpian jadi kenyataan;Pantun Nasihat;Pantun Nasihat
4790;Pergi berlayar ke pulau seberang\nAngin bertiup cukup kencang\nKalau ingin nama dikenang\nTinggalkan sikap yang kurang;Pantun Nasihat;Pantun Nasihat
4792;Pergi berlayar ke seberang\nAngin lembut menggerak layar\nJangan mudah berkata sembarang\nAgar tak timbul rasa gusar;Pantun Nasihat;Pantun Nasihat
4793;Pergi berlayar ke seberangan\nAngin laut beri kesejukan\nJangan lelah dalam perjuangan\nKarena hasil butuh pengorbanan;Pantun Nasihat;Pantun Nasihat
4794;Pergi berlayar mencari mutiara\nOmbak besar jangan ditakuti\nJika ingin cita membara\nRintangan jangan dihindari;Pantun Nasihat;Pantun Nasihat
4795;Pergi berlayar menuju pantai\nPerahu kecil bergerak pelan\nJika ingin sukses tercapai\nBerusaha keras dan bertahan;Pantun Nasihat;Pantun Nasihat
4797;Pergi berlayar menuju seberang\nAngin laut bertiup perlahan\nJika ingin hidup gemilang\nTeguh langkah dalam tujuan;Pantun Nasihat;Pantun Nasihat
4798;Pergi berlayar menuju seberang\nAngin lembut mendorong perahu\nJangan suka berkata sembarang\nNanti melukai hati yang pilu;Pantun Nasihat;Pantun Nasihat
4799;Pergi berlayar menuju seberang\nAngin lembut menemani perahu\nJangan mudah berkata sembarang\nLuka di hati susah berlalu;Pantun Nasihat;Pantun Nasihat
4801;Pergi berlayar menuju seberang\nAngin lembut meniup layar\nJika ingin cita berkembang\nBerani gagal dan sabar;Pantun Nasihat;Pantun Nasihat
4802;pergi berlayar menuju seberang\nangin sepoi menemani layar\nadab dijaga Bersama ilmu terang\nagar diri semakin besar;Pantun Nasihat;Pantun Nasihat
4803;Pergi berlayar menuju sepi\nBintang bertabur di langit kelam\nJika hidup ingin berarti\nJangan lupa berbuat salam;Pantun Nasihat;Pantun Nasihat
4804;Pergi berlayar menuju tepi\nAngin laut terasa dingin sekali\nJangan takut mencoba lagi\nKarena gagal awal prestasi;Pantun Nasihat;Pantun Nasihat
4805;Pergi berlayar saat fajar\nOmbak kecil memecah perahu\nJika usaha terus dikejar\nSukses akan datang padamu;Pantun Nasihat;Pantun Nasihat
4806;Pergi berlayar saat senja\nLangit jingga tampak berseri\nHidup jangan penuh prasangka\nAgar damai selalu di hati;Pantun Nasihat;Pantun Nasihat
4808;pergi berlibur ke pantai senggigi\nombak di sana sangatlah tinggi\nmari adik belajar mandiri\nagar mudah sampai tua nanti;Pantun Nasihat;Pantun Nasihat
4813;pergi jalanjalan kepasar\npergi lagi ke tempat gadai\nmari kita rajin belajar\nrajin belajar supaya pandai;Pantun Nasihat;Pantun Nasihat
4814;pergi jauh ke kota serang\nbanyak petani di pesawahan\nkalau berbicara di depan orang\ncegah dari menyinggung perasaan;Pantun Nasihat;Pantun Nasihat
4816;Pergi jauh membawa bekal\nBekal cukup untuk perjalanan\nJika mimpi dijaga kekal\nTakkan padam oleh cobaan;Pantun Nasihat;Pantun Nasihat
4817;Pergi jauh membawa bekal\nDemi bekerja dengan giat\nOrang beriman orang berakal\nTak korbankan hidup sesaat;Pantun Nasihat;Pantun Nasihat
4818;pergi jauh tuk berburu\nbawa rumput satu pikulan\nbelajar ilmu tanpa guru\nbisabisa tersesat jalan;Pantun Nasihat;Pantun Nasihat
4819;pergi ke bengkel membeli baut\nlalu pergi ke toko sepatu\nduduk sendiri menghadap laut\nkukira orang ternyata batu;Pantun Nasihat;Pantun Hiburan
4820;pergi ke bogor sama pak abu\nbogornya daerah cijayanti\njangan menyerah mencari ilmu\nkelak akan berguna hingga mati;Pantun Nasihat;Pantun Nasihat
4821;Pergi ke bukit melihat matahari\nMatahari naik perlahan\nJika ingin sukses berdiri\nBangun pagi dan lakukan tindakan;Pantun Nasihat;Pantun Nasihat
4822;Pergi ke bukit membawa kompas\nKompas kecil penunjuk arah\nJika ingin langkahmu jelas\nTetap fokus jangan menyerah;Pantun Nasihat;Pantun Nasihat
4823;Pergi ke bukit memetik duku\nDuku masak manis rasanya\nJika ingin hidup bermutu\nPerbaiki diri setiap masa;Pantun Nasihat;Pantun Nasihat
4826;Pergi ke danau membawa pelampung\nPelampung kecil berwarna merah\nJika ingin hidup tersambung\nJaga silaturahmi jangan lengah;Pantun Nasihat;Pantun Nasihat
4827;pergi ke danau mencari ikan\njalan setapak lewatnya licin\nubahlah nasib dengan pendidikan\nsekolah dan belajar selalu rajin;Pantun Nasihat;Pantun Nasihat
4828;Pergi ke desa bersama paman\nTiba di sana melihat angsa\nMarilah kita kuatkan iman\nGapai ridha dari Sang Esa;Pantun Nasihat;Pantun Agama
4829;Pergi ke desa melewati sawah\nPadi hijau melambai pelan\nJika ingin hidup penuh berkah\nHormati orang dan kawan;Pantun Nasihat;Pantun Nasihat
4830;Pergi ke desa melewati sawah\nPadi hijau melambai pelan\nJika ingin hidup penuh berkah\nTaat aturan dan tuntunan;Pantun Nasihat;Pantun Nasihat
4831;Pergi ke desa melihat sawah\nPadi menguning siap dituai\nJika ingin hidup penuh berkah\nRajin bekerja jangan lalai;Pantun Nasihat;Pantun Nasihat
4832;Pergi ke desa melihat sawah\nPadi terhampar luas terbentang\nJika hidup ingin terasa indah\nJaga rukun jangan bertentang;Pantun Nasihat;Pantun Nasihat
4835;Pergi ke desa membawa air\nAir jernih menghapus dahaga\nJika hidup ingin tak tergelincir\nPegang nilai dan agama;Pantun Nasihat;Pantun Nasihat
4836;Pergi ke desa membawa bekal\nBekal nasi sederhana saja\nJika hidup ingin terasa kekal\nSyukuri hidup apa adanya;Pantun Nasihat;Pantun Nasihat
4837;Pergi ke desa membawa benih\nBenih ditanam di tanah subur\nJika hidup ingin tumbuh bersih\nRawat niat dengan sabar dan jujur;Pantun Nasihat;Pantun Nasihat
4838;Pergi ke desa membawa benih\nBenih ditanam penuh keyakinan\nJika hidup ingin tumbuh bersih\nRawat niat dan perbuatan;Pantun Nasihat;Pantun Nasihat
4839;Pergi ke desa membawa beras\nBeras ditanak jadi nasi\nJika ingin hidup jadi berkelas\nRendah hati jangan tinggi diri;Pantun Nasihat;Pantun Nasihat
4840;Pergi ke desa membawa beras\nBeras ditanak menjadi nasi\nJika ingin hidup penuh kelas\nSopan santun jangan dilangsi;Pantun Nasihat;Pantun Nasihat
4842;Pergi ke desa membawa buah\nBuah manis dibagi rata\nJika hidup ingin penuh berkah\nBerbagi tanpa pamrih nyata;Pantun Nasihat;Pantun Nasihat
4843;Pergi ke desa membawa buah\nBuah ranum dibagi rata\nJika hidup ingin penuh berkah\nBerbagi ikhlas tanpa meminta;Pantun Nasihat;Pantun Nasihat
4844;Pergi ke desa membawa cerita\nCerita lama penuh hikmah\nJika hidup ingin kaya makna\nAmbil pelajaran dari sejarah;Pantun Nasihat;Pantun Nasihat
4845;Pergi ke desa membawa cerita\nCerita lama penuh makna\nJika hidup ingin kaya rasa\nAmbil hikmah dari semua;Pantun Nasihat;Pantun Nasihat
4846;Pergi ke desa membawa cerita\nCerita lama penuh makna\nJika hidup ingin kaya rasa\nBelajar dari pengalaman nyata;Pantun Nasihat;Pantun Nasihat
4851;Pergi ke desa membawa kain\nKain tenun rapi lipatannya\nJika hidup ingin hati terjamin\nJaga janji dan kepercayaannya;Pantun Nasihat;Pantun Nasihat
4852;Pergi ke desa membawa kendi\nKendi tanah berisi air\nJika ingin hati terisi\nSyukuri nikmat tanpa khawatir;Pantun Nasihat;Pantun Nasihat
4853;Pergi ke desa membawa padi\nPadi ditukar dengan ikan\nJika hidup ingin berisi budi\nHormati janji dan ucapan;Pantun Nasihat;Pantun Nasihat
4854;Pergi ke desa membawa padi\nPadi ditumbuk jadi beras\nJika ingin hidup penuh budi\nHormati sesama tanpa membalas;Pantun Nasihat;Pantun Nasihat
4855;Pergi ke desa membawa peta\nPeta lama penuh tanda\nJika ingin langkah tertata\nRencanakan hidup dengan bijaksana;Pantun Nasihat;Pantun Nasihat
4856;Pergi ke desa membawa surat\nSurat dibaca penuh makna\nJika ingin hidup selamat\nJauhi sikap angkuh dan durjana;Pantun Nasihat;Pantun Nasihat
4857;Pergi ke desa membawa susu\nSusu segar diminum pagi\nJika hidup ingin selalu maju\nTambah ilmu setiap hari;Pantun Nasihat;Pantun Nasihat
4858;Pergi ke desa membeli beras\nBeras putih ditanak pagi\nJika ingin hidup ikhlas\nBerbagi rezeki setiap hari;Pantun Nasihat;Pantun Nasihat
4859;Pergi ke desa menanam padi\nPadi tumbuh hijau merata\nJika ingin masa depan jadi\nDisiplin waktu setiap masa;Pantun Nasihat;Pantun Nasihat
4860;Pergi ke desa meniti titi\nTiti kayu di atas kali\nJika ingin dihormati\nJangan suka mencela dan membenci;Pantun Nasihat;Pantun Nasihat
4861;Pergi ke desa menjelang malam\nBintang muncul di angkasa\nJika hidup terasa dalam\nDekatkan diri pada Yang Esa;Pantun Nasihat;Pantun Nasihat
4862;Pergi ke desa menjelang petang\nLampu menyala di tiap rumah\nJika ingin hidup selalu tenang\nJangan suka membuat resah;Pantun Nasihat;Pantun Nasihat
4863;Pergi ke desa menjelang senja\nAnak bermain di halaman\nJika ingin hidup penuh sejahtera\nBangun rukun dalam pergaulan;Pantun Nasihat;Pantun Nasihat
4864;Pergi ke desa menjelang senja\nLampu menyala di tiap rumah\nJika hidup ingin sejahtera\nBangun rukun tanpa resah;Pantun Nasihat;Pantun Nasihat
4866;Pergi ke desa menjelang subuh\nAyam berkokok tanda pagi\nJika hidup ingin selalu kukuh\nBangun niat sejak dini;Pantun Nasihat;Pantun Nasihat
4867;Pergi ke desa menyusuri jalan\nJalan kecil penuh cerita\nJika hidup ingin berkesan\nJadilah baik dalam kata dan nyata;Pantun Nasihat;Pantun Nasihat
4868;Pergi ke desa menyusuri lorong\nLorong kecil penuh cerita\nJika hidup ingin tak kosong\nIsi hari dengan karya nyata;Pantun Nasihat;Pantun Nasihat
4869;Pergi ke desa menyusuri pematang\nEmbun pagi membasahi kaki\nJika hidup ingin hati lapang\nSederhana sikap dan rezeki;Pantun Nasihat;Pantun Nasihat
4870;Pergi ke desa menyusuri pematang\nPematang basah oleh embun pagi\nJika hidup ingin hati lapang\nSederhana sikap dan rezeki;Pantun Nasihat;Pantun Nasihat
4871;Pergi ke desa menyusuri pematang\nPematang basah oleh embun\nJika hidup ingin hati lapang\nSederhana sikap dan tutur yang santun;Pantun Nasihat;Pantun Nasihat
4873;Pergi ke desa saat malam sunyi\nBintang bertabur di angkasa\nJika hidup ingin tenteram hati\nDekatkan diri pada Yang Esa;Pantun Nasihat;Pantun Nasihat
4876;pergi ke dokter periksa gigi\ndengan wajah berseri seri\njangan malas bangun pagi\nagar semangat menjalani hari;Pantun Nasihat;Pantun Nasihat
4877;pergi ke gunung untuk berburu\nanak kancil berbalabala\nlupakan kepedihan di tahun lalu\njangan lepaskan kenangan kita;Pantun Nasihat;Pantun Nasihat
4880;Pergi ke hutan bertemu akar\nAda besi tapi perlu di las\nKalau kamu ingin bertambah pintar\nTeruslah belajar janganlah malas;Pantun Nasihat;Pantun Nasihat
4881;Pergi ke hutan bertemu gajah\nGajah lari dikejar kangguru\nAku sudah siap berangkat sekolah\nTernyata sekarang hari minggu;Pantun Nasihat;Pantun Nasihat
4883;pergi ke hutan cari kayu\ntapi malah tersandung batu\nadik jangan terus merayu\nlamalama meleleh hatiku;Pantun Nasihat;Pantun Nasihat
4885;Pergi ke hutan melihat cemara\nCemara tinggi menjulang lama\nJika ingin hidup sejahtera\nKelola rezeki dengan bijaksana;Pantun Nasihat;Pantun Nasihat
4886;Pergi ke hutan melihat kijang\nKijang lincah berlari cepat\nJika ingin hidup gemilang\nLatih diri dengan disiplin ketat;Pantun Nasihat;Pantun Nasihat
4888;Pergi ke hutan memburu rusa\nDapat saekor di bagi rata\nEratkan perpaduan tak kira bangsa\nMenjaga keamanan bumi tercinta;Pantun Nasihat;Pantun Nasihat
4889;Pergi ke hutan mencari damar\nDamar diambil secukupnya saja\nJangan serakah mengejar benar\nCukupkan diri dengan sederhana;Pantun Nasihat;Pantun Nasihat
4890;Pergi ke hutan mencari damar\nDamar diambil secukupnya saja\nJika hidup ingin tenteram benar\nJauhi sifat serakah dan loba;Pantun Nasihat;Pantun Nasihat
4891;Pergi ke hutan mencari damar\nDamar diambil secukupnya\nJika hidup ingin tenteram benar\nJauhi tamak dan loba dunia;Pantun Nasihat;Pantun Nasihat
4892;Pergi ke hutan mencari damar\nDamar dibakar jadi pelita\nOrang tekun pasti bersinar\nWalau dulu diremehkan dunia;Pantun Nasihat;Pantun Nasihat
4893;Pergi ke hutan mencari damar\nDamar wangi dibakar terang\nJika ingin hidup benar\nJangan pilih jalan yang curang;Pantun Nasihat;Pantun Nasihat
4894;Pergi ke hutan mencari getah\nGetah kental dari pohon tua\nJika ingin hidup berkah\nPerbanyak amal dan doa;Pantun Nasihat;Pantun Nasihat
4895;Pergi ke hutan mencari jamur\nJamur kecil tumbuh bersih\nJika ingin masa depan makmur\nMulai hari ini dengan niat bersih;Pantun Nasihat;Pantun Nasihat
4896;pergi ke hutan mencari kayu\njadikan meja dan bangku\nsungguh penting namanya ilmu\nmerubah dunia menjadi maju;Pantun Nasihat;Pantun Nasihat
4897;pergi ke hutan mencari kayu\nkayu dibelah di atas batu\nmari sambut tahun baru\ndengan hasrat dan harapan baru;Pantun Nasihat;Pantun Nasihat
4898;Pergi ke hutan mencari kayu\nKayu dibelah jadi papan\nJika tekad menyala selalu\nTak ada kata kegagalan;Pantun Nasihat;Pantun Nasihat
4899;Pergi ke hutan mencari kayu\nKayu dipotong dibuat meja\nJika ingin hidup maju\nBelajar tekun sejak remaja;Pantun Nasihat;Pantun Nasihat
4900;Pergi ke hutan mencari kayu\nKayu kering disusun rapi\nJika hidup ingin selalu maju\nKerja keras jangan dihindari;Pantun Nasihat;Pantun Nasihat
4901;Pergi ke hutan mencari madu\nMadu manis di sarang tinggi\nJika ingin hidup bersatu\nSaling percaya dalam hati;Pantun Nasihat;Pantun Nasihat
4903;Pergi ke hutan mencari rotan\nRotan kuat dibuat tali\nJika ingin kuat bertahan\nLatih diri setiap hari;Pantun Nasihat;Pantun Nasihat
4904;Pergi ke hutan mencari rotan\nRotan panjang diikat rapi kawan\nJangan malas dalam pekerjaan\nKarena malas dekat kemunduran;Pantun Nasihat;Pantun Nasihat
4906;pergi ke hutan mencari serangga\ndi hutan dikejar sama lebah\nuntukmu generasi muda\nsemangatlah untuk bersekolah;Pantun Nasihat;Pantun Nasihat
4909;pergi ke hutan untuk berburu\nketemu kelinci digigit di tangan\naku kemarin di hukum guru\nkarena buang sampah sembarangan;Pantun Nasihat;Pantun Nasihat
4911;pergi ke kali mencari batu\nbatu kali siapa yang punya\njika menginginkan sesuatu\nberjuanglah untuk mendapatkannya;Pantun Nasihat;Pantun Nasihat
4914;pergi ke kebun di pagi hari\nambil parang untuk menyabit\nsesama teman jangan berkelahi\ntak ada guna badanpun sakit;Pantun Nasihat;Pantun Nasihat
4915;pergi ke kebun memanen kacang\njalan ke kebun lewati aspal\npemilik rambut terurai panjang\nbolehkan kita saling kenal;Pantun Nasihat;Pantun Sosial Budaya
4917;Pergi ke kebun membawa keranjang\nKeranjang rotan diisi mangga\nKatanya tak pernah bimbang\nPilih menu saja lama sekali ya;Pantun Nasihat;Pantun Hiburan
4918;Pergi ke kebun membawa keranjang\nMemetik buah yang telah matang\nKalau ingin hidup cemerlang\nRajin belajar siang dan petang;Pantun Nasihat;Pantun Nasihat
4920;Pergi ke kebun memetik belimbing\nBelimbing masak rasanya asam\nJika hidup ingin selalu bening\nJauhkan iri dan rasa dendam;Pantun Nasihat;Pantun Nasihat
4921;Pergi ke kebun memetik bunga\nBunga dirangkai jadi hiasan\nJika hidup ingin bermakna juga\nHiasi hari dengan kebaikan;Pantun Nasihat;Pantun Nasihat
4922;Pergi ke kebun memetik cabai\nCabai merah disimpan rapi\nJika ingin hidup damai\nJauhkan diri dari iri hati;Pantun Nasihat;Pantun Nasihat
4924;Pergi ke kebun memetik delima\nDelima merah terasa segar\nJika hidup ingin penuh makna\nTekuni kerja dengan sabar;Pantun Nasihat;Pantun Nasihat
4925;Pergi ke kebun memetik delima\nDelima merah terasa segar\nJika ingin hidup penuh makna\nIsi waktu dengan belajar sabar;Pantun Nasihat;Pantun Nasihat
4926;Pergi ke kebun memetik delima\nDelima ranum merah warnanya\nJika ingin hidup diterima\nTunjukkan sopan dalam sikapnya;Pantun Nasihat;Pantun Nasihat
4927;Pergi ke kebun memetik duku\nDuku masak disusun rapi\nJika hidup ingin selalu laku\nJaga sikap dan budi pekerti;Pantun Nasihat;Pantun Nasihat
4928;Pergi ke kebun memetik durian\nDurian masak harum baunya\nJika hidup ingin penuh kebaikan\nJaga niat dan perbuatannya;Pantun Nasihat;Pantun Nasihat
4929;Pergi ke kebun memetik jambu\nJambu masak jatuh ke tanah\nJika hidup ingin selalu mampu\nJaga tekad dan jangan menyerah;Pantun Nasihat;Pantun Nasihat
4930;Pergi ke kebun memetik jambu\nJambu merah manis rasanya\nJika hidup ingin selalu mampu\nBelajar tekun sepanjang masa;Pantun Nasihat;Pantun Nasihat
4932;Pergi ke kebun memetik jambu\nJambu merah ranum warnanya\nJika ingin langkahmu maju\nTekun berusaha sepanjang masa;Pantun Nasihat;Pantun Nasihat
4933;Pergi ke kebun memetik jambu\nJambu merah rasanya manis\nHormati ayah serta ibu\nAgar hidup terasa manis;Pantun Nasihat;Pantun Nasihat
4934;Pergi ke kebun memetik jambu\nJambu merah rasanya segar\nJika hidup ingin selalu mampu\nBelajar sabar dan bersyukur besar;Pantun Nasihat;Pantun Nasihat
4935;Pergi ke kebun memetik jeruk\nJeruk manis segar rasanya\nJika hidup ingin tak terpuruk\nPercaya diri dan usahanya;Pantun Nasihat;Pantun Nasihat
4936;Pergi ke kebun memetik jeruk\nJeruk manis terasa segar\nJika hidup ingin tak terpuruk\nBangkit lagi dengan sabar;Pantun Nasihat;Pantun Nasihat
4938;Pergi ke kebun memetik kenari\nKenari jatuh di rerumputan\nJika hidup ingin berarti\nJaga niat dan perbuatan;Pantun Nasihat;Pantun Nasihat
4939;Pergi ke kebun memetik labu\nLabu besar dibawa pulang\nJika ingin hidup tak ragu\nPercaya diri dan terus berjuang;Pantun Nasihat;Pantun Nasihat
4940;Pergi ke kebun memetik lengkuas\nLengkuas muda harum baunya\nJika hidup ingin bebas dari cemas\nSerahkan usaha pada Yang Kuasa;Pantun Nasihat;Pantun Nasihat
4941;pergi ke kebun memetik mangga\nmangga dipetik manis rasanya\ninternet kasur guling sudah ada\nselamat hari minggu ria;Pantun Nasihat;Pantun Nasihat
4942;Pergi ke kebun memetik mangga\nMangga manis dibagi rata\nJika hidup ingin penuh makna\nJadilah manfaat bagi sesama;Pantun Nasihat;Pantun Nasihat
4944;Pergi ke kebun memetik mangga\nMangga masak dibagi rata\nJika hidup ingin penuh makna\nBerbagi tulus pada sesama;Pantun Nasihat;Pantun Nasihat
4947;Pergi ke kebun memetik manggis\nManggis ungu manis rasanya\nJika hidup ingin tak habis-habis\nSyukuri nikmat yang ada;Pantun Nasihat;Pantun Nasihat
4949;Pergi ke kebun memetik pala\nPala harum disimpan lama\nJika ingin hidup bermakna\nGunakan waktu dengan bijaksana;Pantun Nasihat;Pantun Nasihat
4952;Pergi ke kebun memetik pepaya\nPepaya masak manis rasanya\nJika hidup ingin sejahtera\nSabar dan ikhlas jadi dasarnya;Pantun Nasihat;Pantun Nasihat
4955;Pergi ke kebun memetik rambutan\nRambutan manis rasanya lezat\nJika hidup ingin penuh keberkahan\nJujur dan adil jadi syarat;Pantun Nasihat;Pantun Nasihat
4956;Pergi ke kebun memetik rambutan\nRambutan merah manis rasanya\nJika hidup ingin penuh ketenangan\nIkhlas menerima keadaannya;Pantun Nasihat;Pantun Nasihat
4957;Pergi ke kebun memetik rambutan\nRambutan merah manis rasanya\nJika hidup ingin penuh ketenangan\nSabar dan syukur jadi senjatanya;Pantun Nasihat;Pantun Nasihat
4958;Pergi ke kebun memetik salak\nSalak manis dibagi rata\nJika hidup ingin banyak tapak\nTinggalkan jejak kebaikan nyata;Pantun Nasihat;Pantun Nasihat
4959;Pergi ke kebun memetik salak\nSalak manis dibagi rata\nJika hidup ingin banyak telapak\nBerbagi rezeki dengan sesama;Pantun Nasihat;Pantun Nasihat
4961;Pergi ke kebun memetik salak\nSalak masak rasanya manis\nJika ingin hidup tak banyak retak\nJagalah lisan dan janji manis;Pantun Nasihat;Pantun Nasihat
4962;Pergi ke kebun memetik sawi\nSawi hijau segar warnanya\nJika ingin hidup berarti\nRawat kejujuran dalam jiwa;Pantun Nasihat;Pantun Nasihat
4963;Pergi ke kebun memetik serai\nSerai wangi dibawa pulang\nJika ingin hidup damai\nJangan suka menyakiti orang;Pantun Nasihat;Pantun Nasihat
4964;Pergi ke kebun memetik serai\nSerai wangi direbus airnya\nJika hidup ingin damai\nTenangkan hati dan pikirannya;Pantun Nasihat;Pantun Nasihat
4965;Pergi ke kebun memetik serai\nSerai wangi direbus airnya\nJika hidup ingin damai\nTenangkan pikiran dan jiwanya;Pantun Nasihat;Pantun Nasihat
4966;Pergi ke kebun memetik serai\nSerai wangi direbus airnya\nJika nasihat sudah tersampai\nAmalkan baik dalam hidupnya;Pantun Nasihat;Pantun Nasihat
4968;pergi ke kebun memetik tomat\nbunga wangi namanya melati\nkepada ayah mesti hormat\nkepada ibu harus berbakti;Pantun Nasihat;Pantun Nasihat
4969;Pergi ke kebun memetik tomat\nTomat merah segar baunya\nJika hidup ingin selamat\nJujur sikap dan katanya;Pantun Nasihat;Pantun Nasihat
4970;Pergi ke kebun menanam labu\nLabu kuning tumbuh subur\nJika ingin hidup tak ragu\nPegang prinsip dengan jujur;Pantun Nasihat;Pantun Nasihat
4971;pergi ke kebun menanam talas\npulang membawa daun salam\nmakanya jangan suka malas\nsikat gigi pagi dan malam;Pantun Nasihat;Pantun Nasihat
4972;Pergi ke kebun menanam terong\nTerong ungu tumbuh berjajar\nJika ingin hati tak kosong\nIsi hari dengan belajar;Pantun Nasihat;Pantun Nasihat
4974;pergi ke kebun panen durian\ncampurkan ia dengan ketan\nsemut mati karena manisan\nmanis itu bahaya makanan;Pantun Nasihat;Pantun Nasihat
4977;pergi ke kebun untuk membabat\nketika pulang ditimpa hujan\nketika jantung mulai tak sehat\nhidup tak tenang penyakit rentan;Pantun Nasihat;Pantun Nasihat
4979;Pergi ke kedai membeli asam\nAsam dibeli bersama gula\nSemangat patriotik harus ditanam\nSupaya diri cintakan negara;Pantun Nasihat;Pantun Nasihat
4980;Pergi ke kedai tergesa-gesa\nHendak membeli gula Melaka\nMalaysia maju rakyat sentosa\nNegara aman bebas merdeka;Pantun Nasihat;Pantun Nasihat
4981;pergi ke kolam untuk berenang\nhabis berenang basah sekali\njadi orang tua harus penyayang\nbimbing anak sepenuh hati;Pantun Nasihat;Pantun Nasihat
4983;pergi ke kota beli pakaian\npakaian bagus murah harganya\nusia muda harus dimanfaatkan\ntuntut ilmu sebanyakbanyaknya;Pantun Nasihat;Pantun Nasihat
4985;pergi ke kota belilah kaca\nambil pita dua seuntai\nrajin menulis rajin membaca\nitu tandanya anak yang pandai;Pantun Nasihat;Pantun Nasihat
4988;Pergi ke kota melihat taman\nTaman indah penuh warna\nJika ingin jadi teladan\nBersikap baik pada sesama;Pantun Nasihat;Pantun Nasihat
4989;Pergi ke kota membeli benang\nBenang halus berwarna biru\nJika ingin hidup gemilang\nTekun belajar sepanjang waktu;Pantun Nasihat;Pantun Nasihat
4990;Pergi ke kota membeli buku\nBuku lama berdebu tebal\nIlmu dicari sejak dulu\nMenjadi bekal sepanjang akal;Pantun Nasihat;Pantun Nasihat
4991;Pergi ke kota membeli buku\nBuku lama berdebu tebal\nJika ilmu terus dituju\nJadilah bekal sepanjang akal;Pantun Nasihat;Pantun Nasihat
4992;Pergi ke kota membeli buku\nBuku tebal berisi ilmu\nJika ingin jadi nomor satu\nBelajar tekun setiap waktu;Pantun Nasihat;Pantun Nasihat
4993;Pergi ke kota membeli buku\nBuku tebal penuh ilmu\nJika hidup ingin selalu maju\nBelajar tekun sepanjang waktu;Pantun Nasihat;Pantun Nasihat
4994;Pergi ke kota membeli buku\nBuku tebal penuh ilmu\nJika ingin jadi nomor satu\nBelajar tekun sepanjang waktu;Pantun Nasihat;Pantun Nasihat
4996;Pergi ke kota membeli jam\nJam berdetak mengingat waktu\nJika hidup ingin tak terpendam\nManfaatkan detik yang berlalu;Pantun Nasihat;Pantun Nasihat
4997;Pergi ke kota membeli kaca\nKaca bening memantul diri\nJika hidup ingin jujur terasa\nNilai diri sebelum menghakimi;Pantun Nasihat;Pantun Nasihat
4998;Pergi ke kota membeli kaca\nKaca bening memantul wajah\nJika hidup ingin jujur terasa\nNilai diri sebelum menyalah;Pantun Nasihat;Pantun Nasihat
4999;Pergi ke kota membeli kaca\nKaca bening memantul wajah\nJika hidup ingin terjaga rasa\nIntrospeksi diri sebelum melangkah;Pantun Nasihat;Pantun Nasihat
5000;Pergi ke kota membeli kaca\nKaca bening tanpa noda\nJika ingin hidup terjaga\nJauhi dusta dalam berkata;Pantun Nasihat;Pantun Nasihat
5001;Pergi ke kota membeli kain\nKain batik bermotif indah\nJika ingin hati tak main\nJangan mudah berbuat salah;Pantun Nasihat;Pantun Nasihat
5002;Pergi ke kota membeli payung\nPayung dibuka saat hujan\nJika ingin langkah tak bingung\nRencanakan hidup ke depan;Pantun Nasihat;Pantun Nasihat
5003;Pergi ke kota membeli pena\nPena dipakai menulis surat\nJika hidup penuh makna\nBerbuat baiklah setiap saat;Pantun Nasihat;Pantun Nasihat
5004;Pergi ke kota membeli pena\nPena hitam disimpan rapi\nJika hidup ingin tertata\nSusun tujuan sejak dini;Pantun Nasihat;Pantun Nasihat
5005;Pergi ke kota membeli pena\nPena hitam ditaruh rapi\nJika hidup ingin tertata\nTuliskan rencana sejak dini;Pantun Nasihat;Pantun Nasihat
5006;Pergi ke kota membeli pena\nPena hitam menulis cerita\nJika hidup ingin tertata\nRencanakan langkah dengan nyata;Pantun Nasihat;Pantun Nasihat
5007;Pergi ke kota membeli pena\nPena hitam menulis cerita\nJika hidup ingin tertata\nTuliskan rencana lalu usaha;Pantun Nasihat;Pantun Nasihat
5008;Pergi ke kota membeli peta\nPeta dibuka mencari arah\nJika hidup ingin sampai cita\nRencanakan langkah jangan cerobah;Pantun Nasihat;Pantun Nasihat
5009;Pergi ke kota membeli sepatu\nSepatu baru dipakai rapi\nJika hidup ingin langkah tentu\nTentukan tujuan sejak dini;Pantun Nasihat;Pantun Nasihat
5010;Pergi ke kota membeli sepatu\nTak lupa membeli kain tenun\nIlmu tinggi harus menyatu\nDengan adab dan sikap santun;Pantun Nasihat;Pantun Nasihat
5011;Pergi ke kota membeli tali\nTali kuat pengikat barang\nJika hidup ingin terjaga diri\nIkat prinsip jangan gampang goyang;Pantun Nasihat;Pantun Nasihat
5012;Pergi ke kota membeli tas\nTas kulit disimpan rapi\nJika hidup ingin berkelas\nBudi pekerti jadi jati diri;Pantun Nasihat;Pantun Nasihat
5013;Pergi ke kota membeli tinta\nTinta hitam menulis kata\nJika hidup ingin terarah nyata\nTuliskan mimpi lalu usaha;Pantun Nasihat;Pantun Nasihat
5014;Pergi ke kota membeli tinta\nTinta hitam untuk menulis\nCita-cita jangan sekadar kata\nHarus diwujudkan dengan realistis;Pantun Nasihat;Pantun Nasihat
5015;Pergi ke kota menaiki becak\nBecak berjalan pelan sekali\nJika hidup ingin banyak jejak\nBerbuat baik sepenuh hati;Pantun Nasihat;Pantun Nasihat
5016;Pergi ke kota menaiki bis\nJalan panjang terasa lelah\nJika ingin mimpi tetap manis\nTerus berusaha jangan menyerah;Pantun Nasihat;Pantun Nasihat
5017;Pergi ke kota menaiki bus\nJalan panjang ditempuh pelan\nJika ingin hidup tetap lurus\nPegang nilai dan tujuan kehidupan;Pantun Nasihat;Pantun Nasihat
5018;Pergi ke kota menaiki delman\nDelman berjalan perlahan-lahan\nJika ingin hidup penuh keimanan\nPerbanyak sabar dan amalan;Pantun Nasihat;Pantun Agama
5019;Pergi ke kota menaiki kereta\nKereta melaju tepat waktu\nJika hidup ingin sampai cita\nDisiplin langkah dan tekad yang satu;Pantun Nasihat;Pantun Nasihat
5020;Pergi ke kota menaiki kereta\nKereta melaju tepat waktu\nJika ingin hidup terjaga\nDisiplin diri harus selalu;Pantun Nasihat;Pantun Nasihat
5021;Pergi ke kota menaiki sepeda\nSepeda dikayuh perlahan\nJika hidup ingin sampai juga\nNikmati proses perjalanan;Pantun Nasihat;Pantun Nasihat
5022;pergi ke kota mencari paku\nke kota naik perahu\njanganlah bosan membaca buku\nbanyak membaca banyak tahu;Pantun Nasihat;Pantun Nasihat
5023;pergi ke kota naik angkutan\ntidak lupa berkunjung ke balai kota\npunya sisik tapi bukan ikan\npunya mahkota tapi bukan raja;Pantun Nasihat;Pantun Hiburan
5024;pergi ke kota naik delman\ndelman lucu dan menggemaskan\njika kita hendak berteman\njaga sikap dan saling memaafkan;Pantun Nasihat;Pantun Nasihat
5025;Pergi ke kota naik kereta\nKereta cepat melaju jauh\nJika ingin hidup tertata\nSusun prioritas dengan sungguh;Pantun Nasihat;Pantun Nasihat
5027;pergi ke kota naik sepeda\nsepeda baru warnanya biru\nkatanya ingin hidup sederhana\ndiskon besar langsung kalap memburu;Pantun Nasihat;Pantun Hiburan
5028;Pergi ke kota naik sepeda\nSepeda baru warnanya biru\nKatanya tak pernah drama\nStatus galau tiap waktu;Pantun Nasihat;Pantun Nasihat
5030;Pergi ke kota naik tremi\nLangkah pasti menuju pagi\nSusun rencana sejak dini\nAgar tujuan mudah dicapai nanti;Pantun Nasihat;Pantun Nasihat
5031;Pergi ke ladang melihat mentari\nMentari naik memberi cahaya\nJika hidup ingin selalu berarti\nMulai hari dengan niat mulia;Pantun Nasihat;Pantun Nasihat
5032;Pergi ke ladang melihat mentari\nMentari naik perlahan pagi\nJika hidup ingin selalu berarti\nBangun tekad sejak dini;Pantun Nasihat;Pantun Nasihat
5034;Pergi ke ladang memandang bukit\nBukit hijau sejauh mata\nJika hidup terasa sempit\nLapangkan dada dan pikiran kita;Pantun Nasihat;Pantun Nasihat
5037;Pergi ke ladang memanen jagung\nJagung kuning disimpan bakul\nJika hidup ingin jauh dari bingung\nSusun rencana dengan betul;Pantun Nasihat;Pantun Nasihat
5038;Pergi ke ladang memanen jagung\nJagung kuning ditaruh bakul\nJika ingin hidup jauh dari bingung\nRencanakan langkah dengan betul;Pantun Nasihat;Pantun Nasihat
5039;Pergi ke ladang memanen kacang\nKacang kering disimpan rapi\nJika hidup ingin berkembang\nRajin usaha jangan berhenti;Pantun Nasihat;Pantun Nasihat
5040;Pergi ke ladang memanen padi\nPadi menguning siap dituai\nJika hidup ingin penuh budi\nRendah hati jangan dilalai;Pantun Nasihat;Pantun Nasihat
5041;Pergi ke ladang memanen singkong\nSingkong direbus dimakan hangat\nJika hidup ingin selalu condong\nCondongkan hati pada yang tepat;Pantun Nasihat;Pantun Nasihat
5042;Pergi ke ladang memanen tebu\nTebu manis diperas airnya\nJika hidup ingin selalu maju\nTekun usaha dan doanya;Pantun Nasihat;Pantun Nasihat
5043;Pergi ke ladang membawa air\nAir diminum saat kehausan\nJika hidup terasa getir\nSabar itu kunci kelegaan;Pantun Nasihat;Pantun Nasihat
5045;Pergi ke ladang membawa benih\nBenih ditanam penuh doa\nJika niatmu tulus dan bersih\nHasil baik akan tiba jua;Pantun Nasihat;Pantun Nasihat
5046;Pergi ke ladang membawa benih\nBenih ditanam saat musim tiba\nJika hidup ingin terus bersih\nJaga niat dan tutur kata;Pantun Nasihat;Pantun Nasihat
5047;Pergi ke ladang membawa cangkul\nTanah dibuka dengan semangat\nJika hidup ingin tak terpukul\nBangkit kuat walau terhambat;Pantun Nasihat;Pantun Nasihat
5048;Pergi ke ladang membawa cangkul\nTanah digembur ditanam padi\nHati lapang hidup terkabul\nJika ikhlas dalam berbagi;Pantun Nasihat;Pantun Nasihat
5050;Pergi ke ladang membawa caping\nCaping bambu dipakai petani\nJika ingin masa tak miring\nJaga lurus niat di hati;Pantun Nasihat;Pantun Nasihat
5052;Pergi ke ladang membawa sabit\nRumput dipotong rapi sekali\nJika hidup ingin tak rumit\nPilih sederhana dalam hidup ini;Pantun Nasihat;Pantun Nasihat
5053;Pergi ke ladang membawa sabit\nSabit tajam memotong rumput\nJika ingin hati tak sakit\nHindari iri dan sikap penuntut;Pantun Nasihat;Pantun Nasihat
5054;Pergi ke ladang membawa tali\nTali kuat terbuat sabut\nJika ingin berhasil nanti\nKonsisten langkah jangan surut;Pantun Nasihat;Pantun Nasihat
5055;Pergi ke ladang memetik jagung\nJagung kuning dijemur panas\nJika hidup ingin tak murung\nIsi waktu dengan kerja ikhlas;Pantun Nasihat;Pantun Nasihat
5056;Pergi ke ladang memetik kacang\nKacang direbus hangat rasanya\nJika hidup ingin terus berkembang\nTekun usaha tanpa putus asa;Pantun Nasihat;Pantun Nasihat
5057;Pergi ke ladang memetik kacang\nKacang tua dijemur panas\nJika hidup ingin jauh dari bimbang\nBersikap tegas dan jangan malas;Pantun Nasihat;Pantun Nasihat
5058;Pergi ke ladang memetik kedelai\nKedelai kering disimpan rapi\nJika hidup ingin damai\nHindari konflik dan iri hati;Pantun Nasihat;Pantun Nasihat
5059;Pergi ke ladang memetik labu\nLabu masak dimasak santan\nJika hidup ingin tak ragu\nTeguhkan hati dan keyakinan;Pantun Nasihat;Pantun Nasihat
5060;Pergi ke ladang memetik padi\nPadi disimpan di dalam lumbung\nIlmu diamalkan setiap hari\nAgar hidup selalu beruntung;Pantun Nasihat;Pantun Nasihat
5061;Pergi ke ladang memetik padi\nPadi masak dituai perlahan\nJika hidup ingin selalu jadi\nKerja tekun dan penuh kesabaran;Pantun Nasihat;Pantun Nasihat
5062;Pergi ke ladang memetik talas\nTalas direbus santap pagi\nJika hidup ingin tak terlepas\nPegang janji dan komitmen diri;Pantun Nasihat;Pantun Nasihat
5063;Pergi ke ladang memetik ubi\nUbi direbus santap pagi\nJika hidup ingin terus lestari\nTekun bekerja setiap hari;Pantun Nasihat;Pantun Nasihat
5064;Pergi ke ladang memotong padi\nPadi diikat rapi seikat\nJika hidup ingin diberkati\nJaga niat dan perbuatan niat;Pantun Nasihat;Pantun Nasihat
5065;Pergi ke ladang memotong padi\nPadi disusun dekat lumbung\nJika hidup ingin diberkati\nTekun bekerja jangan tertundung;Pantun Nasihat;Pantun Nasihat
5066;Pergi ke ladang memotong rumput\nRumput kering disusun rapi\nJika hidup ingin selalu menurut\nIkuti aturan dengan hati murni;Pantun Nasihat;Pantun Nasihat
5068;Pergi ke ladang memotong tebu\nTebu manis dibawa pulang\nJika ingin hidup selalu bersatu\nJaga persaudaraan jangan terguncang;Pantun Nasihat;Pantun Nasihat
5069;Pergi ke ladang menabur benih\nBenih jagung jatuh merata\nJika ingin masa depan jernih\nSiapkan diri sejak muda;Pantun Nasihat;Pantun Nasihat
5070;Pergi ke ladang menanam benih\nBenih disiram penuh doa\nJika niatmu tulus dan bersih\nHasil baik akan datang jua;Pantun Nasihat;Pantun Nasihat
5071;Pergi ke ladang menanam jagung\nJagung muda tumbuh tinggi\nJika ingin hidup bersambung\nRawat mimpi sepenuh hati;Pantun Nasihat;Pantun Nasihat
5072;Pergi ke ladang menanam kacang\nKacang hijau tumbuh merata\nJika ingin masa depan terang\nDisiplin diri setiap masa;Pantun Nasihat;Pantun Nasihat
5073;Pergi ke ladang menanam padi\nTanah digembur penuh harapan\nJika ingin hidup berarti\nHidupkan nilai dan kesantunan;Pantun Nasihat;Pantun Nasihat
5074;pergi ke ladang menggiring kerbau\njangan lupa memakai sepatu\nbagaimana kabarmu dirantau\nwahai teman masa bermainku;Pantun Nasihat;Pantun Nasihat
5078;pergi ke laut kita menyelam\ndi dalam air melihat ikan\nlewat rembulan kutitip salam\nselamat malam minggu gadis impian;Pantun Nasihat;Pantun Nasihat
5079;Pergi ke lembah memetik kapas\nKapas putih lembut rasanya\nJika ingin hidup berkelas\nJaga sikap dan bicaranya;Pantun Nasihat;Pantun Nasihat
5080;pergi ke luar memakai topi\nuntuk membeli sekilo ikan\nmimpi hanyalah menjadi mimpi\njika tidak diwujudkan;Pantun Nasihat;Pantun Nasihat
5083;pergi ke medan membeli ulos\nenaknya kambing dibuat gulai\njangan adek suka membolos\nharus jadi anak yang pandai;Pantun Nasihat;Pantun Nasihat
5084;pergi ke medan siang hari\nmampir sejenak di rantau parapat\ntenangkan pikiran bebaskan diri\nmanjakan jantung dengan makanan sehat;Pantun Nasihat;Pantun Nasihat
5085;pergi ke muara menaiki rakit\nbawa balik bunga yang mekar\nbuah ini pelik sedikit\nbijinya pula ada diluar;Pantun Nasihat;Pantun Nasihat
5087;Pergi ke pantai melihat batu\nBatu karang berdiri tegar\nJika hidup ingin kuat selalu\nSabar dan doa jangan ditukar;Pantun Nasihat;Pantun Nasihat
5088;Pergi ke pantai melihat batu\nBatu karang kokoh berdiri\nJika hidup ingin selalu tentu\nPegang prinsip dalam diri;Pantun Nasihat;Pantun Nasihat
5089;Pergi ke pantai melihat batu\nBatu karang kokoh berdiri\nJika hidup punya tujuan tentu\nLangkah mantap penuh berani;Pantun Nasihat;Pantun Nasihat
5091;Pergi ke pantai melihat buih\nBuih memecah di batu karang\nJika hidup terasa perih\nIngat sabar penenang hati orang;Pantun Nasihat;Pantun Nasihat
5092;Pergi ke pantai melihat burung\nBurung camar terbang beriring\nJika hidup ingin tak murung\nIsi hari dengan hal yang penting;Pantun Nasihat;Pantun Nasihat
5093;Pergi ke pantai melihat cakrawala\nLangit dan laut bertemu jauh\nJika hidup ingin penuh makna\nTetapkan tujuan dan berjuang sungguh;Pantun Nasihat;Pantun Nasihat
5094;Pergi ke pantai melihat cakrawala\nLaut biru luas terbentang\nJika hidup ingin penuh makna\nTetapkan tujuan dan berjuang;Pantun Nasihat;Pantun Nasihat
5095;Pergi ke pantai melihat camar\nCamar terbang tinggi sekali\nJika hidup ingin jadi penawar\nBerbuat baik tanpa pamrih lagi;Pantun Nasihat;Pantun Nasihat
5096;Pergi ke pantai melihat karang\nKarang kokoh diterpa gelombang\nJika hidup datang banyak tantang\nHadapi sabar jangan goyah terombang;Pantun Nasihat;Pantun Nasihat
5097;Pergi ke pantai melihat karang\nKarang kokoh diterpa ombak\nHati yang kuat tidak mudah goyang\nWalau hidup banyak desak;Pantun Nasihat;Pantun Nasihat
5098;Pergi ke pantai melihat karang\nOmbak memecah di tepi batu\nJika hidup sering diterjang malang\nBerdiri tegar jangan ragu;Pantun Nasihat;Pantun Dukacita
5099;Pergi ke pantai melihat mercusuar\nCahaya terang penunjuk arah\nJika hidup ingin tak tersasar\nPegang nilai jangan goyah;Pantun Nasihat;Pantun Nasihat
5101;Pergi ke pantai melihat perahu\nPerahu kecil berlabuh tenang\nJika hidup ingin punya arah tentu\nTetapkan tujuan jangan bimbang;Pantun Nasihat;Pantun Nasihat
5102;Pergi ke pantai melihat perahu\nPerahu kecil berlabuh tenang\nJika hidup ingin tujuan tentu\nJangan ragu untuk berjuang;Pantun Nasihat;Pantun Nasihat
5103;Pergi ke pantai melihat senja\nLangit jingga indah warnanya\nJika hidup ingin damai rasa\nIkhlas menerima takdir-Nya;Pantun Nasihat;Pantun Nasihat
5104;Pergi ke pantai melihat senja\nLangit merah indah warnanya\nHidup ini hanya sementara\nGunakan waktu sebaik-baiknya;Pantun Nasihat;Pantun Nasihat
5105;Pergi ke pantai melihat senja\nMentari turun di ufuk barat\nJika hidup ingin damai rasa\nTerima ikhlas apa yang didapat;Pantun Nasihat;Pantun Nasihat
5106;pergi ke pantai memakai sepeda\nduduk santai di atas batu\nkita adalah kumpulan saudara\njika berpisah tetaplah beratu;Pantun Nasihat;Pantun Nasihat
5107;Pergi ke pantai memandang bulan\nBulan tenang di langit gelap\nJika hidup ingin penuh keteduhan\nTenangkan hati dan sikap;Pantun Nasihat;Pantun Nasihat
5108;Pergi ke pantai memandang bulan\nBulan tenang di malam sunyi\nJika hidup ingin penuh keteduhan\nTenangkan hati dan pikiran diri;Pantun Nasihat;Pantun Nasihat
5111;Pergi ke pantai memandang laut\nOmbak berdebur tiada henti\nHidup akan selalu berlanjut\nJika harapan tetap di hati;Pantun Nasihat;Pantun Nasihat
5113;Pergi ke pantai membawa jaring\nJaring ditebar ke tengah laut\nJika ingin langkah tak saring\nBerhati-hati dalam menyebut;Pantun Nasihat;Pantun Nasihat
5114;Pergi ke pantai membawa tikar\nTikar pandan digelar rapi\nJika ingin hidup bersinar\nJujurlah selalu dalam hati;Pantun Nasihat;Pantun Nasihat
5115;Pergi ke pantai memungut kerang\nKerang putih disimpan rapi\nJika hidup ingin terus berkembang\nTerbuka hati menerima koreksi;Pantun Nasihat;Pantun Nasihat
5116;Pergi ke pantai mendengar ombak\nOmbak datang silih berganti\nJika hidup banyak cobaan mendesak\nTetap kuat dan berani;Pantun Nasihat;Pantun Nasihat
5117;Pergi ke pantai menjelang pagi\nMentari muncul di ufuk timur\nJika hidup ingin penuh energi\nBangun niat dengan hati jujur;Pantun Nasihat;Pantun Nasihat
5118;Pergi ke pantai menjelang senja\nLangit jingga indah warnanya\nJika hidup ingin penuh makna\nIkhlas menerima takdir-Nya;Pantun Nasihat;Pantun Nasihat
5119;Pergi ke pantai menyambut fajar\nCahaya pagi menghapus kelam\nJika hidup ingin langkah benar\nMulai hari dengan niat salam;Pantun Nasihat;Pantun Nasihat
5120;Pergi ke pantai menyambut senja\nLangit jingga menutup hari\nJika hidup ingin penuh makna\nGunakan waktu sebaik mungkin kini;Pantun Nasihat;Pantun Nasihat
5121;pergi ke pasar bareng bibi\ntidak lupa membeli makanan\ncuma punya satu kaki\ntiga warna bergantigantian;Pantun Nasihat;Pantun Nasihat
5122;pergi ke pasar beli bawang\nbeli bawang tidak pakai kulit\nhati hati lah jadi orang\njadi orang janganlah suka pelit;Pantun Nasihat;Pantun Nasihat
5124;pergi ke pasar beli cabai\ncabai di pasar tinggal tiga\ncitacita harus tercapai\nagar hidup selalu bahagia;Pantun Nasihat;Pantun Sukacita
5126;pergi ke pasar beli ketupat\nketupat sedap untuk sarapan\ncarilah ilmu sampai dapat\njangan sampai putus harapan;Pantun Nasihat;Pantun Nasihat
5128;pergi ke pasar beli lampu\ndandanannya acakacakan\nbilang kelas sudah disapu\nnyatanya sampah masih berserakan;Pantun Nasihat;Pantun Nasihat
5129;pergi ke pasar beli mainan\nmainan tersangkut di atas pagar\nmari semua tanam pepohonan\nagar udara sekitar jadi segar;Pantun Nasihat;Pantun Nasihat
5130;pergi ke pasar beli pepaya\npepaya manis enak rasanya\ngayanya aja kayak orang kaya\nnyatanya pensil aja nggak punya;Pantun Nasihat;Pantun Hiburan
5132;pergi ke pasar dengan naik unta\nbeli perhiasan dan intan permata\ntak peduli walau dia sudah tua\nyang penting adalah saling cinta;Pantun Nasihat;Pantun Kasih Sayang
5134;pergi ke pasar di pagi minggu\nmembeli garam dan gula batu\nterima kasih untukmu guru\natas semua pengorbananmu;Pantun Nasihat;Pantun Nasihat
5136;pergi ke pasar membawa nampan\nnampan di isi dengan terasi\njangan kau anggap dirimu tampan\nkarena hasil edit fotografi;Pantun Nasihat;Pantun Nasihat
5137;pergi ke pasar membeli acar\nnaik motor jalannya banter\njadilah anak rajin belajar\nkelak mudah menjadi dokter;Pantun Nasihat;Pantun Nasihat
5138;pergi ke pasar membeli anggur\nanggur yang dibeli warna merah\nmasa muda asik menganggur\nmasa tua bisa bisa nangis darah;Pantun Nasihat;Pantun Nasihat
5139;Pergi ke pasar membeli bawang\nBawang merah harum baunya\nJika hidup ingin tenang\nJaga lisan dan katanya;Pantun Nasihat;Pantun Nasihat
5140;Pergi ke pasar membeli benang\nBenang putih digulung rapi\nJika hidup ingin tak terkarang\nJujur selalu dalam bersikapi;Pantun Nasihat;Pantun Nasihat
5141;Pergi ke pasar membeli beras\nBeras dimasak jadi nasi\nJika ingin hidup berkualitas\nKerja keras jadi fondasi;Pantun Nasihat;Pantun Nasihat
5142;Pergi ke pasar membeli beras\nBeras putih dimasak nasi\nJika ingin hidup terasa puas\nCukupkan diri jangan iri;Pantun Nasihat;Pantun Nasihat
5143;Pergi ke pasar membeli beras\nBeras putih disimpan rapi\nJika ingin hidup terasa puas\nBersyukur selalu dalam hati;Pantun Nasihat;Pantun Nasihat
5144;Pergi ke pasar membeli beras\nMembeli cincin berhias permata\nMengharap hujan turun deras\nHanya gerimis sekejap mata;Pantun Nasihat;Pantun Nasihat
5146;Pergi ke pasar membeli garam\nGaram putih dalam wadah\nJika ingin hidup tenteram\nPerbanyak sabar dan ibadah;Pantun Nasihat;Pantun Agama
5147;Pergi ke pasar membeli garam\nGaram putih terasa asin\nJika ingin hidup tenteram\nJauhi iri dan batin yang licin;Pantun Nasihat;Pantun Nasihat
5148;pergi ke pasar membeli garam\ntidak lupa membeli martabak\nbajunya loreng hijau hitam\nbadannya tegap bawa tembak;Pantun Nasihat;Pantun Hiburan
5149;pergi ke pasar membeli gitar\nmembeli gitar di toko depan\nrajinrajinlah belajar\nagar bermanfaat bagi masa depan;Pantun Nasihat;Pantun Nasihat
5152;Pergi ke pasar membeli gula\nGula pasir manis rasanya\nJika hidup ingin terasa mulia\nJaga akhlak sepanjang masa;Pantun Nasihat;Pantun Nasihat
5154;pergi ke pasar membeli ikan\nbeli ikan nila dan gurami\nsebelum pantun kami tampilkan\njawab dulu salam kami;Pantun Nasihat;Pantun Nasihat
5155;Pergi ke pasar membeli ikan\nIkan segar banyak pilihan\nJika ingin banyak kawan\nJaga sikap dalam pergaulan;Pantun Nasihat;Pantun Nasihat
5156;Pergi ke pasar membeli ikan\nIkan segar dibawa pulang\nJika hidup ingin penuh ketenangan\nJauhi dengki dan prasangka orang;Pantun Nasihat;Pantun Nasihat
5157;Pergi ke pasar membeli ikan\nIkan segar dibawa pulang\nJika ingin hidup penuh kebaikan\nRingankan tangan menolong orang;Pantun Nasihat;Pantun Nasihat
5158;Pergi ke pasar membeli ikan\nIkan segar dibawa pulang\nKalau ingin jadi teladan\nJaga sikap dan tutur kata orang;Pantun Nasihat;Pantun Nasihat
5159;Pergi ke pasar membeli ikan\nIkan segar jadi hidangan\nBelajar sabar dalam tekanan\nAgar kuat menghadapi cobaan;Pantun Nasihat;Pantun Nasihat
5160;Pergi ke pasar membeli jam\nJam berdetak mengingatkan waktu\nJika hidup ingin terasa dalam\nHargai detik yang berlalu;Pantun Nasihat;Pantun Nasihat
5161;Pergi ke pasar membeli kain putih\nKain bersih disimpan rapi\nJika hidup ingin hati bersih\nJauhkan diri dari iri hati;Pantun Nasihat;Pantun Nasihat
5162;Pergi ke pasar membeli kain sutra\nSutra halus lembut diraba\nJika hidup ingin terjaga citra\nBerkata baik di mana berada;Pantun Nasihat;Pantun Nasihat
5163;Pergi ke pasar membeli kain sutra\nSutra lembut indah warnanya\nJika hidup ingin terjaga citra\nBerkata baik di mana berada;Pantun Nasihat;Pantun Nasihat
5164;pergi ke pasar membeli kain\njangan lupa membeli tomat\npulang sekolah jangan main\nkita makan lalu istirahat;Pantun Nasihat;Pantun Nasihat
5165;Pergi ke pasar membeli kain\nKain sutra lembut diraba\nJika hidup ingin terjamin\nBerkata baik di mana berada;Pantun Nasihat;Pantun Nasihat
5166;Pergi ke pasar membeli keladi\nKeladi direbus dimakan pagi\nJika hidup ingin berarti\nBermanfaatlah bagi negeri;Pantun Nasihat;Pantun Nasihat
5167;Pergi ke pasar membeli keladi\nKeladi segar dibawa pulang\nJika ingin dihormati diri\nJangan suka berlaku curang;Pantun Nasihat;Pantun Nasihat
5168;Pergi ke pasar membeli kelapa\nKelapa muda diminum airnya\nJika ingin hidup penuh makna\nJaga tutur dan sikap perilakunya;Pantun Nasihat;Pantun Nasihat
5169;Pergi ke pasar membeli kelapa\nKelapa muda segar airnya\nJika hidup ingin penuh makna\nJaga tutur dan sikap perilakunya;Pantun Nasihat;Pantun Nasihat
5170;pergi ke pasar membeli ketan\ntidak lupa santan juga\nmari kita jaga kesehatan\nkarena itu sangat berharga;Pantun Nasihat;Pantun Nasihat
5171;Pergi ke pasar membeli ketela\nKetela rebus santap pagi\nJika hidup ingin langkah terjaga\nTekun usaha setiap hari;Pantun Nasihat;Pantun Nasihat
5172;Pergi ke pasar membeli ketumbar\nKetumbar harum penyedap rasa\nJika hidup ingin terhindar gusar\nJaga lisan dan periksa kata;Pantun Nasihat;Pantun Nasihat
5174;Pergi ke pasar membeli labu\nLabu kuning dimasak gulai\nJika ingin dihormati waktu\nDatang tepat jangan lalai;Pantun Nasihat;Pantun Nasihat
5175;Pergi ke pasar membeli lada\nLada hitam pedas rasanya\nJika hidup ingin terjaga rasa\nKendalikan emosi dan kata;Pantun Nasihat;Pantun Nasihat
5176;Pergi ke pasar membeli lada\nTak lupa membeli buah delima\nJika hidup penuh makna\nBerbuat baiklah sesama;Pantun Nasihat;Pantun Nasihat
5177;Pergi ke pasar membeli lentera\nLentera menyala di kala gelap\nJika hidup ingin penuh cahaya\nJadilah terang walau setitik harap;Pantun Nasihat;Pantun Nasihat
5178;Pergi ke pasar membeli madu\nMadu manis obat tubuh\nJika hidup ingin selalu padu\nSatukan niat dan tekad utuh;Pantun Nasihat;Pantun Nasihat
5179;pergi ke pasar membeli mangga\napa daya dapat pisang raja\njika hidup bertetangga\nsudah seharusnya saling tegur sapa;Pantun Nasihat;Pantun Nasihat
5182;Pergi ke pasar membeli paku\nPaku disimpan dalam peti\nJika ingin langkah selalu laku\nJaga niat dan jaga hati;Pantun Nasihat;Pantun Nasihat
5183;Pergi ke pasar membeli pala\nPala harum disimpan peti\nJika hidup ingin jauh dari cela\nHati-hati menjaga budi;Pantun Nasihat;Pantun Nasihat
5185;Pergi ke pasar membeli papan\nPapan dirakit jadi meja\nJika hidup punya tujuan\nLangkah pasti lebih terjaga;Pantun Nasihat;Pantun Nasihat
5186;pergi ke pasar membeli pari\nlebih enak memasak belut\nnafsu syahwat merusak diri\nagar selamat jangan diturut;Pantun Nasihat;Pantun Nasihat
5187;pergi ke pasar membeli pasak\ntidak lupa membeli papan\npercuma saja punya ilmu banyak\nkalau itu tidak pernah diamalkan;Pantun Nasihat;Pantun Nasihat
5188;pergi ke pasar membeli pensil\ntidak lupa juga membeli meja\nrajin belajar dari masih kecil\nkalau sudah besar mau jadi apa;Pantun Nasihat;Pantun Nasihat
5189;Pergi ke pasar membeli pepaya\nPepaya matang warna jingga\nJika ingin hidup berjaya\nBelajar tekun tanpa jeda;Pantun Nasihat;Pantun Nasihat
5190;Pergi ke pasar membeli pinang\nPinang muda disusun rapi\nJika hidup ingin dikenang orang\nBaikkan sikap setiap hari;Pantun Nasihat;Pantun Nasihat
5192;Pergi ke pasar membeli roti\nRoti hangat dimakan pagi\nHormati ayah serta ibu hati\nAgar selamat hingga nanti;Pantun Nasihat;Pantun Nasihat
5193;Pergi ke pasar membeli roti\nRoti hangat dimakan pagi\nJika ingin langkah tak terhenti\nJaga semangat setiap hari;Pantun Nasihat;Pantun Nasihat
5194;Pergi ke pasar membeli roti\nRoti hangat masih berasap\nJagalah selalu hati\nAgar hidup tetap mantap;Pantun Nasihat;Pantun Nasihat
5195;pergi ke pasar membeli sandal\njangan lupa uang di saku\nkalau memang ingin mengenal\nkatakan saja tak usah malu;Pantun Nasihat;Pantun Nasihat
5196;Pergi ke pasar membeli santan\nSantan kental untuk gulai\nKalau hidup penuh kesantunan\nBanyak orang akan menyukai;Pantun Nasihat;Pantun Nasihat
5197;Pergi ke pasar membeli sayur\nSayur segar dibawa pulang\nJika hidup ingin teratur\nAtur waktu jangan terbuang;Pantun Nasihat;Pantun Nasihat
5198;Pergi ke pasar membeli sayur\nSayur segar dimasak pagi\nJika hidup ingin jauh dari hancur\nRawat tubuh dan jiwa sendiri;Pantun Nasihat;Pantun Nasihat
5199;pergi ke pasar membeli sayuran\ntidak lupa membeli gula\nusia muda harus digunakan\nmenuntut ilmu setinggitingginya;Pantun Nasihat;Pantun Nasihat
5200;Pergi ke pasar membeli serai\nSerai harum dibuat kuah\nJika ingin hidup damai\nJauhi prasangka yang salah;Pantun Nasihat;Pantun Nasihat
5201;pergi ke pasar membeli susu\nrasanya enak tidak seperti jamu\ntak cuma pilih yang pandai melucu\ntapi harus yang serius denganmu;Pantun Nasihat;Pantun Nasihat
5202;Pergi ke pasar membeli talas\nTak lupa membeli buah duku\nIlmu diamalkan jadi ikhlas\nAgar hidup penuh makna selalu;Pantun Nasihat;Pantun Nasihat
5203;pergi ke pasar membeli tikar\ntikar terbuat dari anyaman\nsaya murid baru belajar\nkalau ada salah mohon betulkan;Pantun Nasihat;Pantun Sosial Budaya
5206;pergi ke pasar naik dokar\ntidak lupa membeli panci\nkalau kecil rajin belajar\nsaat besar senanglah nanti;Pantun Nasihat;Pantun Nasihat
5207;pergi ke pasar naik sepeda\nmembeli bawang dan juga lada\nkalau berjuang jangan putus asa\nkalau jatuh bangkit sekuat tenaga;Pantun Nasihat;Pantun Nasihat
5208;pergi ke pasar naik sepeda\nmembeli sayur dan terong ungu\nhappy birthday ayah tercinta\ntetaplah jadi sosok inspirasiku;Pantun Nasihat;Pantun Nasihat
5209;pergi ke pasar naik sepeda\nuntuk membeli semangkok gulai\ndari hidup hingga matinya\nkasih orangtua tak pernah usai;Pantun Nasihat;Pantun Nasihat
5210;pergi ke pasar pakai kerudung\nsampai di pasar membeli balon\nsenin pagi terlihat mendung\npadahal bos sudah menelpon;Pantun Nasihat;Pantun Nasihat
5211;pergi ke pasar pakai sepeda\nsampai di pasar membeli kemiri\nmeski sukses kalian disana\njangan lupakan kami yang disini;Pantun Nasihat;Pantun Nasihat
5212;pergi ke pesta pakai batik\npenampilannya sungguh anggun\njangan enggan berbuat baik\nmeski tanpa imbalan apapun;Pantun Nasihat;Pantun Nasihat
5213;pergi ke pondok para santri\nmereka ramah menyambut tamu\nuntuk sahabat yang aku sayangi\nselamat pagi untukmu;Pantun Nasihat;Pantun Kasih Sayang
5214;pergi ke pulau naik sampan\ndi perahu makan sekoteng\nwajah jelek minta dapet laki tampan\nngaca dan sadar diri dong neng;Pantun Nasihat;Pantun Hiburan
5215;Pergi ke rawa melihat bangau\nBangau putih berdiri lama\nJika ingin hidup tak kacau\nUtamakan sabar dalam jiwa;Pantun Nasihat;Pantun Nasihat
5216;Pergi ke rawa membawa jala\nJala kecil ditebar rata\nJika ingin hidup berjaya\nJangan tunda setiap rencana;Pantun Nasihat;Pantun Nasihat
5217;Pergi ke rawa memetik teratai\nTeratai putih terapung tenang\nJika ingin hidup tercapai\nTetapkan tujuan dengan matang;Pantun Nasihat;Pantun Nasihat
5218;Pergi ke rawa mencari ikan\nIkan kecil masuk ke jaring\nJika ingin raih harapan\nBerjuang tekun jangan berpaling;Pantun Nasihat;Pantun Nasihat
5220;pergi ke sawah di pagi hari\ndi sawah merawat sapi\nbuat apa dipikir lagi\nlebih baik mencari lagi;Pantun Nasihat;Pantun Nasihat
5221;Pergi ke sawah melihat burung\nBurung beterbangan di pagi hari\nJika ingin hidup tidak murung\nIsi hati dengan rasa syukuri;Pantun Nasihat;Pantun Nasihat
5222;Pergi ke sawah melihat burung\nBurung terbang di atas padi\nJika hidup ingin jauh dari murung\nIsi hari dengan hal berarti;Pantun Nasihat;Pantun Nasihat
5223;Pergi ke sawah melihat langit\nAwan putih berarak tenang\nJika hidup terasa rumit\nTenangkan hati jangan gelisah panjang;Pantun Nasihat;Pantun Nasihat
5224;Pergi ke sawah melihat mentari\nMentari naik menyinari bumi\nJika hidup ingin selalu berseri\nMulai hari dengan niat suci;Pantun Nasihat;Pantun Nasihat
5225;Pergi ke sawah melihat mentari\nMentari naik perlahan-lahan\nJika hidup ingin selalu berseri\nHadapi ujian dengan kesabaran;Pantun Nasihat;Pantun Nasihat
5226;pergi ke sawah membawa ani-ani\npadi menguning siap dituai\nilmu dicari sepenuh hati\nbukan karena ingin dipuji ramai;Pantun Nasihat;Pantun Nasihat
5227;Pergi ke sawah membawa bekal\nBekal disimpan dalam tas\nJika hidup ingin selalu kekal\nPerbanyak amal jangan terlepas;Pantun Nasihat;Pantun Nasihat
5228;Pergi ke sawah membawa bekal\nBekal nasi lauk sederhana\nJika hidup ingin terasa kekal\nSyukur nikmat apa adanya;Pantun Nasihat;Pantun Nasihat
5229;Pergi ke sawah membawa benih\nBenih ditanam penuh harap\nJika hidup ingin tumbuh bersih\nRawat niat setiap tahap;Pantun Nasihat;Pantun Nasihat
5230;Pergi ke sawah membawa benih\nBenih padi ditanam rata\nJika ingin hasilnya bersih\nNiatkan kerja dengan cinta;Pantun Nasihat;Pantun Kasih Sayang
5231;Pergi ke sawah membawa benih\nBenih padi ditanam rata\nJika ingin hidup bersih\nJaga iman dan akhlak mulia;Pantun Nasihat;Pantun Agama
5232;Pergi ke sawah membawa benih\nBenih padi ditanam rata\nJika ingin jiwa bersih\nPerbanyak amal dan doa;Pantun Nasihat;Pantun Nasihat
5233;Pergi ke sawah membawa benih\nTanah subur ditanam padi\nJika ingin jiwa bersih\nPerbanyak amal setiap hari;Pantun Nasihat;Pantun Nasihat
5234;Pergi ke sawah membawa cangkul\nCangkul digunakan menggembur tanah\nJika hidup ingin terasa betul\nJangan tinggalkan kewajiban yang sah;Pantun Nasihat;Pantun Nasihat
5235;Pergi ke sawah membawa cangkul\nCangkul digunakan menggembur tanah\nJika hidup ingin terasa betul\nTepati janji dan amanah;Pantun Nasihat;Pantun Nasihat
5236;Pergi ke sawah membawa cangkul\nTanah basah siap ditanam\nJika ingin ilmu terkumpul\nBelajar rajin siang malam;Pantun Nasihat;Pantun Nasihat
5237;Pergi ke sawah membawa cangkul\nTanah dibuka pagi hari\nJika hidup ingin tak terpukul\nKuatkan hati dan mandiri;Pantun Nasihat;Pantun Nasihat
5238;Pergi ke sawah membawa cangkul\nTanah dibuka penuh usaha\nJika hidup ingin tak terkekang pikul\nKerja keras jadi jalannya;Pantun Nasihat;Pantun Nasihat
5239;Pergi ke sawah membawa cangkul\nTanah digarap hingga rata\nBila kerja tak pernah kumpul\nMimpi hanya tinggal cerita;Pantun Nasihat;Pantun Hiburan
5240;Pergi ke sawah membawa cangkul\nTanah digembur ditanam padi\nHidup teratur jauh dari betul\nJika disiplin dijaga diri;Pantun Nasihat;Pantun Nasihat
5241;Pergi ke sawah membawa cangkul\nTanah digembur pagi hari\nJika hidup ingin tak terpukul\nBangun kuat dari jatuh sendiri;Pantun Nasihat;Pantun Nasihat
5242;Pergi ke sawah membawa cangkul\nTanah subur ditanami padi\nJika ingin ilmu terkumpul\nBelajar tekun setiap hari;Pantun Nasihat;Pantun Nasihat
5243;Pergi ke sawah membawa caping\nCaping lebar lindungi kepala\nJika hidup ingin terus beriring\nJaga rukun sesama manusia;Pantun Nasihat;Pantun Nasihat
5244;Pergi ke sawah membawa sabit\nRumput dipotong rapi rata\nJika hidup ingin tak berbelit\nTegas memilih jalan nyata;Pantun Nasihat;Pantun Nasihat
5245;Pergi ke sawah membawa tajak\nTajak disimpan di tepi ladang\nBudi bahasa harus dijajak\nSupaya hidup selalu tenang;Pantun Nasihat;Pantun Nasihat
5246;Pergi ke sawah memotong padi\nPadi kuning menguning rata\nJika ingin hidup berarti\nGunakan waktu sebaik-baiknya;Pantun Nasihat;Pantun Nasihat
5247;pergi ke sawah menanam benih\ntidak lupa cangkul dibawa\nwajah hitam isinya putih\nmanis rasanya seperti gula;Pantun Nasihat;Pantun Nasihat
5248;pergi ke sawah menanam ketan\nsetelah hari kamis itu jumat\nrajinlah makan sayursayuran\nagar tubuh menjadi sehat;Pantun Nasihat;Pantun Nasihat
5249;Pergi ke sawah menanam padi\nAir mengalir jernih sekali\nJika ingin hidup berarti\nIsi waktu dengan prestasi;Pantun Nasihat;Pantun Nasihat
5250;Pergi ke sawah menanam padi\nPadi tumbuh perlahan pasti\nJika hidup ingin hasil sejati\nTekun proses jangan berhenti;Pantun Nasihat;Pantun Nasihat
5251;Pergi ke sawah menanam padi\nSinggah sebentar membeli kain\nKalau belajar sungguh di hati\nIlmu didapat manfaatnya lain;Pantun Nasihat;Pantun Nasihat
5252;Pergi ke sawah menanam padi\nTanah basah terasa dingin\nJika ingin hasil kelak menghampiri\nRawat proses dengan disiplin;Pantun Nasihat;Pantun Nasihat
5253;Pergi ke sawah saat fajar\nKabut tipis datang menyebar\nJika ingin menjadi pintar\nBelajar tekun dan sabar;Pantun Nasihat;Pantun Nasihat
5254;Pergi ke sawah saat fajar\nKabut tipis menutup jalan\nJika ingin menjadi pintar\nTekun belajar penuh ketekunan;Pantun Nasihat;Pantun Nasihat
5255;pergi ke sawah saat fajar\nkabut tipis menyelimuti padi\nilmu menuntun akal belajar\nmembedakan benar dan salah sejati;Pantun Nasihat;Pantun Nasihat
5256;Pergi ke sawah saat fajar\nKabut tipis mulai menyebar\nTuntut ilmu dengan sabar\nKarena ilmu cahaya yang benar;Pantun Nasihat;Pantun Nasihat
5257;Pergi ke sawah saat hujan\nTanah basah beri harapan\nPerbanyak amal dan kebaikan\nAgar ringan saat perhitungan;Pantun Nasihat;Pantun Nasihat
5258;Pergi ke sawah saat mentari naik\nAngin sepoi menemani langkah\nJika hidup ingin terasa baik\nJauhi dusta dan tingkah salah;Pantun Nasihat;Pantun Nasihat
5259;Pergi ke sawah saat mentari naik\nPadi hijau tampak melambai\nJika ingin hasil yang baik\nUsaha keras janganlah lalai;Pantun Nasihat;Pantun Nasihat
5260;Pergi ke sawah saat pagi cerah\nBurung bernyanyi di pematang\nJika hidup ingin jauh dari resah\nTenangkan hati jangan bimbang;Pantun Nasihat;Pantun Nasihat
5261;Pergi ke sawah saat pagi cerah\nKabut tipis menyelimuti padi\nJika hidup ingin jauh dari resah\nTenangkan hati dan kendali diri;Pantun Nasihat;Pantun Nasihat
5262;Pergi ke sawah saat pagi hari\nKabut tipis menyelimuti ladang\nJika ingin hidup penuh arti\nPegang prinsip jangan mudah goyang;Pantun Nasihat;Pantun Nasihat
5265;pergi ke sekolah pakai sepatu\nletakkan tas dalam leci\nkadas kurap menutupi kulit mu\nmungkin karna jarang mandi;Pantun Nasihat;Pantun Nasihat
5267;pergi ke sungai berburu\nmakan berburu dengan teman\nmurid yang rajin dicintai guru\nitu murid yang berbudiman;Pantun Nasihat;Pantun Kasih Sayang
5268;pergi ke sungai di hari rabu\nmencuci kain di atas batu\ndari tidak tahu menjadi tahu\nbegitulah jasa para guru;Pantun Nasihat;Pantun Nasihat
5269;Pergi ke sungai di waktu senja\nAir berkilau terkena cahaya\nJika hidup ingin penuh makna\nJalani ikhlas apa adanya;Pantun Nasihat;Pantun Nasihat
5271;Pergi ke sungai melihat arus\nAir mengalir tanpa henti\nHidup harus dijalani lurus\nAgar hati tetap suci;Pantun Nasihat;Pantun Nasihat
5272;Pergi ke sungai melihat arus\nAir mengalir tanpa henti\nJika hidup ingin langkah lurus\nPegang nilai sampai mati;Pantun Nasihat;Pantun Nasihat
5273;Pergi ke sungai melihat arus\nAir mengalir tiada henti\nHidup ini harus lurus\nAgar hati selalu suci;Pantun Nasihat;Pantun Nasihat
5274;Pergi ke sungai melihat arus\nArus deras mengalir cepat\nJika ingin langkahmu lurus\nHindari jalan yang menyesat;Pantun Nasihat;Pantun Nasihat
5275;Pergi ke sungai melihat arus\nArus deras mengalir jauh\nJika hidup ingin langkah lurus\nPegang prinsip dengan teguh;Pantun Nasihat;Pantun Nasihat
5277;Pergi ke sungai melihat batu\nBatu besar tertanam kuat\nHidup harus punya tujuan tentu\nAgar langkah selalu terarah tepat;Pantun Nasihat;Pantun Nasihat
5278;Pergi ke sungai melihat buih\nBuih pecah tersapu arus\nJika hidup terasa pedih\nBangkit lagi niatkan lurus;Pantun Nasihat;Pantun Nasihat
5279;Pergi ke sungai melihat ikan\nIkan kecil berenang riang\nJika hidup ingin penuh kebaikan\nRingankan tangan untuk menolong orang;Pantun Nasihat;Pantun Nasihat
5281;Pergi ke sungai melihat riak\nRiak kecil berkejaran cepat\nJika hidup ingin tetap bijak\nPikirkan dampak sebelum berbuat;Pantun Nasihat;Pantun Nasihat
5282;pergi ke sungai memancing ikan\ndapat dipancing lalu lepas\ncitacita hanya jadi khayalan\njika belajar saja malas;Pantun Nasihat;Pantun Nasihat
5283;pergi ke sungai memancing ikan\nmemasang umpan agar terkena\njika kau ingin berwawasan\nmaka rajinlah membaca;Pantun Nasihat;Pantun Nasihat
5284;pergi ke sungai memancing ikan\npulangnya mengambil buah rambutan\nmeski nanti raga berjauhan\ningatlah aku wahai kawan;Pantun Nasihat;Pantun Nasihat
5285;Pergi ke sungai membawa dayung\nDayung kayu dipakai pelan\nJika ingin mimpi tersambung\nJangan takut pada rintangan;Pantun Nasihat;Pantun Nasihat
5286;Pergi ke sungai membawa jala\nAir bening tampak berseri\nJaga lisan setiap harinya\nSupaya selamat diri sendiri;Pantun Nasihat;Pantun Nasihat
5287;Pergi ke sungai membawa jala\nAir jernih mengalir nyata\nKatanya jarang bergosip pula\nDengar berita jadi yang pertama;Pantun Nasihat;Pantun Nasihat
5288;Pergi ke sungai membawa jala\nAir jernih mengalir tenang\nJika ingin hidup sejahtera\nRajin bekerja jangan berutang;Pantun Nasihat;Pantun Nasihat
5290;Pergi ke sungai membawa jala\nIkan kecil terperangkap jaring\nJika hidup ingin terjaga rasa\nKendalikan diri dari yang miring;Pantun Nasihat;Pantun Nasihat
5291;Pergi ke sungai membawa jala\nIkan kecil tertangkap perlahan\nJika ingin hidup terasa lega\nBelajarlah ikhlas dalam kehilangan;Pantun Nasihat;Pantun Dukacita
5292;Pergi ke sungai membawa jala\nIkan kecil tertangkap perlahan\nJika ingin hidup terasa lega\nLepaskan beban dan keluhan;Pantun Nasihat;Pantun Nasihat
5293;Pergi ke sungai membawa jala\nJala ditebar ke tengah arus\nJika hidup ingin jauh dari cela\nJaga perilaku tetap lurus;Pantun Nasihat;Pantun Nasihat
5295;Pergi ke sungai membawa kail\nIkan kecil dilepas kembali\nJika hidup ingin selalu adil\nJangan serakah dalam diri;Pantun Nasihat;Pantun Nasihat
5296;Pergi ke sungai membawa perahu\nPerahu kecil berlayar pelan\nJika hidup ingin tak ragu\nMantapkan niat dan tujuan;Pantun Nasihat;Pantun Nasihat
5297;Pergi ke sungai membawa perahu\nPerahu kecil didayung pelan\nJika ingin hidup tak kelabu\nIsi hari dengan kebaikan;Pantun Nasihat;Pantun Nasihat
5299;Pergi ke sungai membawa sampan\nSampan kecil mengarungi arus\nJika hidup ingin penuh harapan\nJalani dengan niat yang lurus;Pantun Nasihat;Pantun Nasihat
5301;pergi ke sungai menangkap ikan\nikan dijual ke kampung baru\nselamat hari sabtu buat kalian\nsemua teman di dunia mayaku;Pantun Nasihat;Pantun Sukacita
5302;Pergi ke sungai menangkap ikan\nIkan kecil masuk jala\nJika ingin masa depan\nKerja keras sejak muda;Pantun Nasihat;Pantun Nasihat
5303;Pergi ke sungai menatap aliran\nAir mengalir tanpa henti\nJika hidup ingin penuh keteguhan\nTerus melangkah walau diuji;Pantun Nasihat;Pantun Nasihat
5304;Pergi ke sungai mencari ikan\nIkan kecil dilepas kembali\nJika hidup ingin penuh kebaikan\nTolong sesama sepenuh hati;Pantun Nasihat;Pantun Nasihat
5305;Pergi ke sungai mencari ikan\nJaring ditebar penuh harapan\nBelajar ikhlas dalam pemberian\nAgar hati terasa ketenangan;Pantun Nasihat;Pantun Nasihat
5306;Pergi ke sungai mencari kerang\nKerang kecil dikumpulkan rapi\nJika hidup ingin terus berkembang\nBelajar tekun setiap hari;Pantun Nasihat;Pantun Nasihat
5307;pergi ke sungai mencari rebung\nuntuk dimakan di malam sabtu\ntak sabar rasanya pulang kampung\ningin mencium dan menggendong ibu;Pantun Nasihat;Pantun Nasihat
5308;Pergi ke sungai mencuci kain\nKain bersih dijemur panas\nJika hidup ingin hati terjamin\nPegang amanah jangan lepas;Pantun Nasihat;Pantun Nasihat
5310;Pergi ke sungai mencuci kaki\nAir dingin menyentuh kulit\nJika hidup ingin tenang hati\nMaafkan salah walau sulit;Pantun Nasihat;Pantun Nasihat
5311;Pergi ke sungai mencuci kaki\nAir jernih mengalir tenang\nJika ingin hidup selalu rapi\nAtur diri jangan sembarang;Pantun Nasihat;Pantun Nasihat
5313;Pergi ke sungai mencuci piring\nAir jernih mengalir tenang\nJika hati sering merasa miring\nIngat sabar agar tetap seimbang;Pantun Nasihat;Pantun Nasihat
5314;Pergi ke sungai mencuci tangan\nAir jernih menyejukkan kulit\nJika hidup ingin ketenangan\nLepaskan dendam yang menyulit;Pantun Nasihat;Pantun Nasihat
5315;Pergi ke sungai mencuci tangan\nAir jernih terasa sejuk\nJika hidup ingin penuh ketenangan\nLepaskan dendam dan rasa buruk;Pantun Nasihat;Pantun Nasihat
5316;pergi ke sungai mendulang emas\nbawa pendulang dengan sepeda\nsenin pagi semakin malas\nteringat gajian masih lama;Pantun Nasihat;Pantun Nasihat
5320;Pergi ke taman duduk bersantai\nAngin lembut menyentuh rasa\nJika hidup dijalani dengan damai\nBahagia hadir tanpa dipaksa;Pantun Nasihat;Pantun Nasihat
5321;Pergi ke taman duduk bersantai\nAngin sejuk menyapa rasa\nJika ingin hidup terasa damai\nKurangi keluh perbanyak doa;Pantun Nasihat;Pantun Nasihat
5322;Pergi ke taman duduk bersila\nAngin sepoi menemani tenang\nJika hidup ingin bahagia pula\nLapangkan dada dan jangan bimbang;Pantun Nasihat;Pantun Sukacita
5324;Pergi ke taman duduk sendiri\nAngin sepoi menemani diam\nJika hidup ingin mengenal diri\nLuangkan waktu untuk merenung dalam;Pantun Nasihat;Pantun Nasihat
5325;pergi ke taman lihat siamang\nsiamangnya dapat dihitung jari\nkarena waktu semakin siang\nizinkan saya undur diri;Pantun Nasihat;Pantun Nasihat
5326;Pergi ke taman melihat angsa\nAngsa berenang beriringan\nJika hidup ingin damai sentosa\nJaga rukun dalam pergaulan;Pantun Nasihat;Pantun Nasihat
5327;Pergi ke taman melihat angsa\nAngsa putih berenang tenang\nJika hidup ingin damai rasa\nJauhi dengki dan prasangka orang;Pantun Nasihat;Pantun Nasihat
5330;Pergi ke taman melihat bunga\nBunga merekah berwarna ceria\nJika ingin hidup penuh makna\nIsi hari dengan karya nyata;Pantun Nasihat;Pantun Nasihat
5331;Pergi ke taman melihat cemara\nCemara tinggi menjulang angkasa\nJika hidup ingin penuh makna\nBerani jujur dalam berkata;Pantun Nasihat;Pantun Nasihat
5332;Pergi ke taman melihat cemara\nDaunnya hijau sepanjang masa\nJika ingin hidup penuh makna\nIsilah hari dengan kerja nyata;Pantun Nasihat;Pantun Nasihat
5336;Pergi ke taman melihat kupu\nKupu terbang dari bunga ke bunga\nJika hidup ingin penuh waktu\nGunakan hari dengan guna;Pantun Nasihat;Pantun Nasihat
5337;Pergi ke taman melihat melati\nMelati putih harum baunya\nJika hidup ingin berarti\nJaga amanah dan katanya;Pantun Nasihat;Pantun Nasihat
5338;Pergi ke taman melihat mentari\nEmbun pagi menetes perlahan\nJika hidup ingin berseri\nAwali hari dengan niat kebaikan;Pantun Nasihat;Pantun Nasihat
5341;Pergi ke taman melihat pinus\nPinus tinggi menjulang angkasa\nJika hidup ingin tetap lurus\nPegang prinsip sepanjang masa;Pantun Nasihat;Pantun Nasihat
5344;Pergi ke taman memandang kolam\nIkan berenang saling menyapa\nJika hidup terasa kelam\nYakin terang akan tiba;Pantun Nasihat;Pantun Nasihat
5345;Pergi ke taman memandang kolam\nIkan kecil berenang ceria\nJika hidup dilanda malam\nPercaya esok datang cahaya;Pantun Nasihat;Pantun Nasihat
5346;Pergi ke taman memandang langit\nLangit biru luas terbentang\nJika hidup terasa sempit\nLapangkan dada jangan menentang;Pantun Nasihat;Pantun Nasihat
5347;Pergi ke taman memandang mentari\nMentari senyum hangat pagi\nJika hidup ingin selalu berseri\nSebarkan baik tiap hari;Pantun Nasihat;Pantun Nasihat
5348;Pergi ke taman memandang pelangi\nPelangi muncul selepas hujan\nJika hidup ingin harapan sejati\nBangkit kembali setelah cobaan;Pantun Nasihat;Pantun Nasihat
5349;Pergi ke taman membawa buku\nDuduk sejenak di bawah cemara\nIlmu dicari sepanjang waktu\nTakkan habis walau dimakan usia;Pantun Nasihat;Pantun Nasihat
5350;Pergi ke taman membawa buku\nDuduk tenang membaca ilmu\nJika ingin masa depan bersatu\nSatukan mimpi dan usaha selalu;Pantun Nasihat;Pantun Nasihat
5351;Pergi ke taman membawa kendi\nKendi diisi air yang jernih\nJika budi sudah terpatri\nHidup pun terasa lebih bersih;Pantun Nasihat;Pantun Nasihat
5352;Pergi ke taman membawa kendi\nKendi diisi air yang jernih\nJika ilmu sudah dimiliki\nGunakan selalu dengan hati bersih;Pantun Nasihat;Pantun Nasihat
5353;Pergi ke taman membawa payung\nPayung terbuka menahan panas\nJika hidup ingin selalu beruntung\nRajin berusaha jangan bermalas;Pantun Nasihat;Pantun Nasihat
5354;Pergi ke taman memetik bunga\nBunga dirangkai jadi karangan\nKalau ingin hidup mulia\nJaga tutur dan perbuatan;Pantun Nasihat;Pantun Nasihat
5355;Pergi ke taman memetik delima\nDelima merah manis rasanya\nIlmu dan adab harus bersama\nAgar hidup penuh maknanya;Pantun Nasihat;Pantun Nasihat
5356;Pergi ke taman memetik kenanga\nKenanga putih harum baunya\nIlmu dicari sepanjang masa\nAgar hidup terang jalannya;Pantun Nasihat;Pantun Nasihat
5357;Pergi ke taman memetik kenari\nKenari jatuh ke atas tanah\nJika hidup ingin penuh budi\nRendah hati jauhi angkuh dan marah;Pantun Nasihat;Pantun Nasihat
5358;Pergi ke taman memetik kenari\nKenari jatuh ke dalam peti\nJika ingin hidup berarti\nBerbuat baik setiap hari;Pantun Nasihat;Pantun Nasihat
5359;Pergi ke taman memetik kenari\nKenari kuning jatuh ke tanah\nJika ingin hidup penuh prestasi\nRajin belajar jangan menyerah;Pantun Nasihat;Pantun Nasihat
5360;Pergi ke taman memetik mawar\nMawar merah harum baunya\nJika hidup ingin bersinar\nBersih niat dan caranya;Pantun Nasihat;Pantun Nasihat
5361;Pergi ke taman memetik mawar\nMawar merah harum baunya\nJika ingin hidup bersinar\nPerbaiki sikap dan lakunya;Pantun Nasihat;Pantun Nasihat
5362;Pergi ke taman memetik melati\nMelati putih harum baunya\nIlmu dicari sejak dini\nAgar hidup terang jalannya;Pantun Nasihat;Pantun Nasihat
5363;Pergi ke taman memetik melati\nMelati putih harum baunya\nJika hidup ingin suci hati\nJaga laku dan tutur katanya;Pantun Nasihat;Pantun Nasihat
5364;Pergi ke taman memetik melati\nMelati putih harum baunya\nJika ingin dihormati\nJagalah sikap serta lakunya;Pantun Nasihat;Pantun Nasihat
5365;Pergi ke taman memetik melati\nMelati putih harum baunya\nJika ingin hidup lebih berarti\nJagalah tutur serta lakunya;Pantun Nasihat;Pantun Nasihat
5366;Pergi ke taman memetik melati\nMelati putih harum baunya\nJika ingin hidup penuh arti\nBersihkan niat dalam hatinya;Pantun Nasihat;Pantun Nasihat
5367;Pergi ke taman memetik melati\nMelati putih lambang suci\nJika hidup ingin berarti\nJaga amanah dan janji;Pantun Nasihat;Pantun Nasihat
5370;pergi ke toko malammalam\npulangnya mampir ke rumah rian\nperkenankan saya uluk salam\nuntuk para hadirin sekalian;Pantun Nasihat;Pantun Sosial Budaya
5371;pergi ke toko membeli kain\nkena air kainnya basah\nkalau kamu jadi pemimpin\nharus berlaku jujur dan amanah;Pantun Nasihat;Pantun Nasihat
5372;pergi kehutan mencari damar\nLangkah dijaga agar tak sesat\nilmu adalah pelita samar\nyang menerangi gelapnya hidup tepat;Pantun Nasihat;Pantun Kiasan
5373;pergi kehutan mencari kayu api\nuntuk dijual menyara keluarga\nhormatmenghormati amalan terpuji\nmenjadi amalan sepanjang masa;Pantun Nasihat;Pantun Nasihat
5376;pergi kelaut untuk berlayar\nudaranya dingin seperti es\nklau kita rajin belajar\npasti kita kelak akan sukses;Pantun Nasihat;Pantun Nasihat
5379;pergi kenduri dapat berkat\npada tetangga di kampung pedalaman\ndi mana ilmu bisa didapat\nhanya pada guru yang berpengalaman;Pantun Nasihat;Pantun Nasihat
5380;pergi kepasar beli panci\njangan lupa beli kaca\nsebagai pembuka pantun ini\nsaya ucapkan selamat membaca;Pantun Nasihat;Pantun Sosial Budaya
5382;pergi kepasar membeli kerang\nkerangnya dimasak dengan sayur\njika masih merasa kurang\npertanda hati yang tak bersyukur;Pantun Nasihat;Pantun Nasihat
5383;pergi kepasar membeli sandal\njangan lupa membawa duku\nkalau memang kepingin kenal\nkatakan saja tak usah malu;Pantun Nasihat;Pantun Nasihat
5384;pergi kerja ke kolam ikan\nmemberi mereka semua pakan\njangan sampai lupa makan\nmeski tidak ada yang mengingatkan;Pantun Nasihat;Pantun Nasihat
5386;pergi kesawah menanam padi\nsawah dibajak dengan sapi\njadi anak yang baik hati\ntentu tahu balas budi;Pantun Nasihat;Pantun Nasihat
5387;pergi kondangan memakai kameja\npesta pernikahan anak pak guru\naku sangat suka berolahraga\njasmani terasa sehat selalu;Pantun Nasihat;Pantun Nasihat
5388;pergi liburan di akhir pekan\nair belerang rasanya hangat\ndari hati kamu ucapkan\nsemoga guru selalu sehat;Pantun Nasihat;Pantun Nasihat
5391;pergi mancing di seberang lautan\njangan lupa membawa pengait\njangan suka jajan sembarangan\nawas nanti perutmu melilit;Pantun Nasihat;Pantun Nasihat
5394;Pergi memancing di tepi rawa\nDapat ikan dimasak gulai\nBila niat sungguh terjaga\nImpian besar mudah digapai;Pantun Nasihat;Pantun Nasihat
5395;pergi memancing ikan bawal\nikan di kolam kolam lebar\nberangkat tidur lebih awal\nbangun pagi badan pun segar;Pantun Nasihat;Pantun Nasihat
5396;pergi memancing ikan nila\nnila dipancing di hari senja\nsalam undur diri dari saya\nuntuk temanteman semuanya;Pantun Nasihat;Pantun Nasihat
5397;pergi memancing saat fajar\npulang siang membawa ikan\nsiapa yang rajin belajar\njadi orang sukses kemudian;Pantun Nasihat;Pantun Nasihat
5398;pergi memancing umpannya lumut\nsetelah pulang dari kantor\njangan lupa menggosok mulut\nnafasmu bau knalpot motor;Pantun Nasihat;Pantun Nasihat
5399;pergi membabat membawa sabit\njangan sampai terkena kulit\nlingkungan kotor banyak penyakit\nketika datang selalu menjangkit;Pantun Nasihat;Pantun Nasihat
5400;Pergi memburu sampai ke Gombak\nLalu berhenti mengutip petai\nKalau takut dilambung ombak\nJangan berumah di tepi pantai;Pantun Nasihat;Pantun Kiasan
5401;Pergi memetik buah delima\nDisimpan rapi dalam peti\nJangan lelah menata rencana\nAgar masa depan berseri;Pantun Nasihat;Pantun Nasihat
5402;Pergi memetik buah markisa\nMarkisa segar di kebun lama\nJika ingin hidup terasa\nBerbuat baiklah sesama;Pantun Nasihat;Pantun Nasihat
5403;Pergi menanam pohon jati\nJati kuat akarnya dalam\nJika ingin teguh hati\nPegang iman siang dan malam;Pantun Nasihat;Pantun Agama
5404;pergi mendaki gunung daik\nhendak menjerat kancil dan rusa\nbergotongroyong amalan yang baik\nelok diamalkan setiap masa;Pantun Nasihat;Pantun Nasihat
5406;Pergi mendaki ke puncak bukit\nBukit hijau tertutup kabut\nJika ingin cita terbit\nJangan takut jatuh dan surut;Pantun Nasihat;Pantun Nasihat
5408;Pergi mendaki melihat awan\nLangit luas terbentang biru\nJika hati penuh keyakinan\nLangkah hidup terasa padu;Pantun Nasihat;Pantun Nasihat
5409;Pergi mengail di tepi sawah\nBawah mentari di tengah panas\nJika kita menabur fitnah\nAkhirat nanti akan dibalas;Pantun Nasihat;Pantun Nasihat
5411;pergi merantau ke maluku\nperginya naik perahu nelayan\nbarangsiapa yang punya ilmu\ntentu derajatnya akan ditinggikan;Pantun Nasihat;Pantun Nasihat
5412;pergi mudik ke tasikmalaya\nnaik bis bareng si sayang\nmerokok itu berbahaya\nduit habis nyawa melayang;Pantun Nasihat;Pantun Nasihat
5413;Pergi pagi ke kota lama\nSinggah sebentar membeli roti\nJika ingin hidup bermakna\nGunakan waktu sebaik hati;Pantun Nasihat;Pantun Nasihat
5414;Pergi pagi ke kota lama\nSinggah sebentar membeli roti\nJika ingin hidup bermakna\nJangan sia-siakan hari;Pantun Nasihat;Pantun Nasihat
5415;Pergi pagi melihat pelangi\nWarna indah menghias langit\nJika hidup ingin berseri\nJauhi maksiat dan penyakit;Pantun Nasihat;Pantun Agama
5416;pergi pagi memancing ikan\nmemancing ikan di kolam taman\ncuci tangan sebelum makan\nagar sehat sepanjang zaman;Pantun Nasihat;Pantun Nasihat
5417;Pergi pagi membawa bekal\nBekal nasi lauk sederhana\nJika ingin jadi berakal\nJangan tinggalkan membaca;Pantun Nasihat;Pantun Nasihat
5418;Pergi pagi membawa bekal\nBekal nasi lauk sederhana\nJika ingin jadi berakal\nRajin membaca tiada jeda;Pantun Nasihat;Pantun Nasihat
5419;Pergi pagi membeli ketan\nKetan hangat dibungkus daun\nJika ingin dihormati teman\nJadilah pribadi santun;Pantun Nasihat;Pantun Nasihat
5421;Pergi pagi menanam padi\nPadi hijau tumbuh merata\nJika ingin masa berarti\nIsi hari dengan karya;Pantun Nasihat;Pantun Nasihat
5423;pergi sekolah bersama teman\nanak perempuan memakai rok\nmerokok tak baik buat kesehatan\nbiar aku aja yang merokok;Pantun Nasihat;Pantun Nasihat
5424;pergi sekolah dengan semangat\nsarapan pagi dengan roti\nkalau ingin jantungmu sehat\nolahraga dijaga setiap hari;Pantun Nasihat;Pantun Nasihat
5425;pergi sekolah meminum jamu\nminum jamu di balai kota\nsekolah untuk mencari ilmu\nbukan cari nilai semata;Pantun Nasihat;Pantun Nasihat
5426;pergi sekolah naik bendi\npulangnya dengan baik sepeda\nitulah hewan cumicumi\ntinta hitam sebagai senjata;Pantun Nasihat;Pantun Nasihat
5427;pergi sekolah naik sepeda\nbelajar matematika dan bahasa\njangan melawan pada orangtua\nnanti jadi anak durhaka;Pantun Nasihat;Pantun Nasihat
5433;Pergi sore melihat senja\nLangit merah indah sekali\nCinta suci jangan ternoda\nJaga hati sepenuh diri;Pantun Nasihat;Pantun Kasih Sayang
5435;Pergi sore melihat senja\nLangit merah indah warnanya\nSyukuri nikmat dari Yang Esa\nAgar hidup penuh makna;Pantun Nasihat;Pantun Nasihat
5436;Pergi sore membeli roti\nRoti manis rasa cokelat\nJika ingin hidup berarti\nJangan malas berbuat manfaat;Pantun Nasihat;Pantun Nasihat
5439;pergi tamasya ke dufan\nban bocor mobilnya diderek\nmelihat teman bermesraan\nmalming panjang menjadi pendek;Pantun Nasihat;Pantun Nasihat
5440;pergi tamasya ke kota tua\nkesana dengan naik sepeda\nkaulah pahlawan yang nyata\nmeski tanpa tanda jasa;Pantun Nasihat;Pantun Nasihat
5442;pergi tamasya ke taman safari\nbanyak rusa berbelang kaki\njika lingkungan bersih rapi\nhidup nyaman terasa asri;Pantun Nasihat;Pantun Nasihat
5443;Perigi tua di hujung desa\nAirnya dalam sejuk sekali\nJika hidup mahu sentosa\nJaga amanah dalam diri;Pantun Nasihat;Pantun Nasihat
5446;perih tangan karena tersayat\nkeluar darah luka diikat\njauhi olehmu segala maksiat\nagar ilmu cepat didapat;Pantun Nasihat;Pantun Agama
5447;perlibur panjang ke jakarta\nesoknya pergi ke kota tua\nibu pergi untuk selamanya\ntinggal kenangan dan ajarannya;Pantun Nasihat;Pantun Dukacita
5450;persami pramuka perlu berkemah\nsiswa tidur dalam tenda\nbaca lagi pelajaran di rumah\nbermain dan santai dapat ditunda;Pantun Nasihat;Pantun Nasihat
5452;perut ini lapar sekali\ningin ke pantai makan kerang\nmenemukan ia sulit sekali\nsekali bertemu malah dibuang;Pantun Nasihat;Pantun Nasihat
5454;perut lapar segera makan\nlauknya daging juga ikan\npungut sampah berserakan\nitulah namanya kebajikan;Pantun Nasihat;Pantun Nasihat
5456;pesta kecil makanmakan\nsemua hadiah dipersembahkan\nilmu yang ada diamalkan\nniscaya akan ditambahkan;Pantun Nasihat;Pantun Nasihat
5457;Pestanya bagus sangat meriah\nBersama adik mencari boneka\nModal insan penjana sahsiah\nMartabatkan insan penjana etika;Pantun Nasihat;Pantun Nasihat
5458;petang datang para tamu\njauh ada di seberang sama\nrajinlah kamu mencari ilmu\nuntuk bekal di hari tua;Pantun Nasihat;Pantun Nasihat
5459;petang datang para tamu\njauh dari seberang sana\nrajinlah engkau meraih ilmu\nsebagai bekal di hari tua;Pantun Nasihat;Pantun Nasihat
5461;petani di sawah memangkas rumput\nagar tak ada hewan melata\nmasa depan itu harus dijemput\ndengan ilmu maupun harta;Pantun Nasihat;Pantun Nasihat
5462;petani ke sawah menanam padi\npadi ditanam menguning tua\nmeski mungkin tiada dinanti\nperpisahan kini di depan mata;Pantun Nasihat;Pantun Nasihat
5463;petani pergi untuk bekerja\nselalu ucapkan alhamdulillah\nbelajar di mana saja\nbukan hanya di sekolah;Pantun Nasihat;Pantun Nasihat
5464;petik kecapi suara bening\nsatu satu dawai di harpa\ncium pipi cium di kening\nsetelah itu yang dicium apa;Pantun Nasihat;Pantun Nasihat
5467;Petik rambutan lalu diikat\nBuah dikauli oleh Pak Sapuk\nJiran sepakat membawa berkat\nBagaimana ia dapat dipupuk;Pantun Nasihat;Pantun Nasihat
5468;petik satu buah sukun\nsayang buah masih kecil\nhendaknya belajar dengan tekun\ndengan tekun bisa berhasil;Pantun Nasihat;Pantun Nasihat
5469;Petir berdentum langit berkilat\nDoa pun dibaca di dalam hati\nNegara ini negara berdaulat\nSanjunglah ia sampai ke mati;Pantun Nasihat;Pantun Nasihat
5470;petir datang kilat menyambar\nhujan deras sedang ditunggu\ndatang ke sekolah untuk belajar\npulang sekolah dapat ilmu;Pantun Nasihat;Pantun Nasihat
5471;petir datang rumah bergetar\nlangit berkilau oleh kilat\norang bodoh merasa pintar\ntak tahu adab di masyarakat;Pantun Nasihat;Pantun Nasihat
5472;petir menggelegar kilat menyambar\nhujan deras yang ditunggu\ndatang kesekolah untuk belajar\npulang sekolah dapatlah ilmu;Pantun Nasihat;Pantun Nasihat
5473;pilihlah pisau yang terasah\nada daging jangan lupa dicacah\nbelajarlah tanpa kenal lelah\nsampai akhir akan penuh faedah;Pantun Nasihat;Pantun Nasihat
5474;pinang muda dibelah dua\nanak burung mati diranggah\ndari muda sampai ke tua\najaran baik jangan diubah;Pantun Nasihat;Pantun Nasihat
5475;pinang muda dibelah dua\nmanikmanik mati dirembah\ndari muda sampai ke tua\npengajaran baik jangan diubah;Pantun Nasihat;Pantun Nasihat
5477;pintu ditutup rapatrapat\ndibuka saat pulang kerja\nsekarang sudah kelas empat\nmasa nggak malu masih dimanja;Pantun Nasihat;Pantun Nasihat
5478;pintu hancur dinding belah\nbola satu jatuh di kolam\nterburuburu ke sekolah\nternyata hanya pakai celana dalam;Pantun Nasihat;Pantun Nasihat
5483;pisang barangan dibuat pengat\ndicampur dengan gula melaka\nsetiap detik setiap saat\nmenghitung waktu tak kita masa;Pantun Nasihat;Pantun Nasihat
5484;pisang emas di tepi sawah\nbenih baik hendak ditabur\nkaki di atas kepala di bawah\nsiang hari matanya tidur;Pantun Nasihat;Pantun Hiburan
5485;Pisang emas dibawa belayar\nMasak sebiji di atas peti\nAmalkan apa yang diajar\nUtamakan kebersihan diri;Pantun Nasihat;Pantun Nasihat
5486;pisang emas dibawa berlayar\nmasak sebiji di atas peti\nhutang emas boleh dibayar\nhutang budi dibawa mati;Pantun Nasihat;Pantun Nasihat
5488;pisau belati sangatlah tajam\nuntuk mengiris aneka buah\njika merasa dunia ini kejam\nhadapilah dengan sabar dan tabah;Pantun Nasihat;Pantun Nasihat
5490;pisau di dapur harus diasah\nsupaya daging dapat dicacah\nbelajar tanpa mengenal lelah\nniscaya nanti dapat faedah;Pantun Nasihat;Pantun Nasihat
5491;pisau di dapur harus diasah\nsupaya daging dapat dicacah\nbelajar tidak kenal lelah\nniscaya akan mendapat faedah;Pantun Nasihat;Pantun Nasihat
5492;pisau di dapur haruslah diasah\nsupaya tajam dan jadi kuat\nbelajar harus tanpa kenal lelah\nagar dapat ilmu yang bermanfaat;Pantun Nasihat;Pantun Nasihat
5493;pisau diasah pagipagi\nbawa ke kebun untuk membabat\nberakhir sudah pidatoku ini\nsemoga bisa memberi manfaat;Pantun Nasihat;Pantun Nasihat
5494;pisau lipat dimainkan kera\ntangannya luka lalu terjun\nmakan kuat tidak terkira\nkenyangnya tidak tahi bertimbun;Pantun Nasihat;Pantun Nasihat
5496;pisau tajam dari baja\nkelapa keras tetap dibelah\naku belajar di waktu senja\nmengerjakan pr dari sekolah;Pantun Nasihat;Pantun Nasihat
5500;Pohon ara berdaun lebat\nMenjadi teduh kala siang\nJika usaha dibuat hebat\nCita tinggi bukan sekadar bayang;Pantun Nasihat;Pantun Nasihat
5502;Pohon ara rindang daunnya\nMenjadi teduh kala terik\nJika niat baik adanya\nSegala usaha terasa asyik;Pantun Nasihat;Pantun Nasihat
5503;Pohon ara tumbuh rendang\nTempat berteduh kala panas\nJika hidup ingin dikenang\nBerbuat baik dengan ikhlas;Pantun Nasihat;Pantun Nasihat
5504;Pohon asam berbuah lebat\nRantingnya kuat tidak mudah patah\nJika tekun dalam ibadat\nHidup selamat penuh berkah;Pantun Nasihat;Pantun Agama
5505;Pohon asam berbuah lebat\nRantingnya rendah menyentuh tanah\nJika hidup mahu selamat\nBerhati-hati dalam melangkah;Pantun Nasihat;Pantun Nasihat
5508;Pohon asam rindang sekali\nTempat berteduh kala panas\nJika hidup ingin terpuji\nBerbuat baik dengan ikhlas;Pantun Nasihat;Pantun Nasihat
5511;pohon bambu tegak berdiri\npohon jambu daunnya persegi\nsapamu sehangat mentari\nsenyummu sesejuk embun pagi;Pantun Nasihat;Pantun Nasihat
5512;pohon bambu tegak lurus\nsangat kecil daun ilalang\nkasian sekali orang kurus\nbadan ceking tinggal tulang;Pantun Nasihat;Pantun Nasihat
5514;pohon beringin daunnya rindang\nawan gelap petir menyambar\njangan biarkan semangat hilang\noleh rasa takut dan rasa gentar;Pantun Nasihat;Pantun Nasihat
5519;Pohon bidara di tepi laman\nBuahnya kecil jatuh ke tanah\nJika sabar jadi pegangan\nHidup tenang jauh dari resah;Pantun Nasihat;Pantun Nasihat
5521;pohon cemara banyak monyetnya\nmonyet berlari sambil berjoget\nmelihat onta pake celana\nmata terbelalak kaget;Pantun Nasihat;Pantun Nasihat
5522;Pohon cempaka tinggi menjulang\nBunganya gugur ke tanah\nJika hidup ingin dikenang\nTinggalkan budi jangan lelah;Pantun Nasihat;Pantun Nasihat
5523;Pohon cempaka tinggi menjulang\nHarumnya lembut di waktu senja\nJika usaha jangan hilang\nPasti berhasil suatu masa;Pantun Nasihat;Pantun Nasihat
5524;Pohon cempaka tumbuh tinggi\nBunganya gugur di atas batu\nJika ilmu penuh di hati\nJangan lupa asal usulmu;Pantun Nasihat;Pantun Nasihat
5525;pohon ceri subur tumbuhnya\npetik buahnya masukkan kantong\nsaling memberi saling menerima\nsaling bantu tolong menolong;Pantun Nasihat;Pantun Nasihat
5526;Pohon ciku berbuah manis\nDipetik pagi sebelum senja\nJika hidup jauh dari dengkis\nBanyak sahabat datang menyapa;Pantun Nasihat;Pantun Nasihat
5527;pohon coklat dimana tumbuh\ntumbuh dekat pohon rambutan\ntuntutlah ilmu dengan sungguh\nakar selamat di masa depan;Pantun Nasihat;Pantun Nasihat
5529;pohon durian pohon duku\ndi sampingnya pohon waru\nmemandang wajahmu setiap waktu\ntak pernah membuatku jemu;Pantun Nasihat;Pantun Nasihat
5531;pohon enau penghasil nira\nmusim tiba bawa ke kota\njikalau tuan bisa mengira\nbuah apa yang bermahkota;Pantun Nasihat;Pantun Hiburan
5532;pohon enau pohon kemumu\ntanam lima semua berjajar\njika engkau tak punya ilmu\nbagaimana bisa untuk mengajar;Pantun Nasihat;Pantun Nasihat
5533;Pohon jambu berbuah lebat\nDipetik anak waktu petang\nJika usaha dibuat hebat\nHasil datang tidak terhalang;Pantun Nasihat;Pantun Nasihat
5534;Pohon jambu di tepi pagar\nBuahnya ranum jatuh ke laman\nJika hidup mahu segar\nJangan iri pada teman;Pantun Nasihat;Pantun Nasihat
5537;Pohon jati berdaun rimbun\nAkarnya dalam mencengkam bumi\nJika janji bukan sekadar pantun\nSetia terpatri sampai ke mati;Pantun Nasihat;Pantun Kasih Sayang
5538;Pohon jati berdaun rimbun\nTempat berteduh kala mentari\nJika janji bukan sekadar pantun\nTepati kata hingga ke mati;Pantun Nasihat;Pantun Nasihat
5539;Pohon jati berdiri gagah\nAkarnya kuat mencengkeram tanah\nJika ingin hidup indah\nJauhi dusta dan fitnah;Pantun Nasihat;Pantun Nasihat
5540;Pohon jati berdiri gagah\nAkarnya kuat mencengkeram tanah\nJika ingin hidup indah\nJauhi fitnah dan amarah;Pantun Nasihat;Pantun Nasihat
5541;Pohon jati berdiri megah\nAkarnya kuat mencengkam bumi\nJika hidup jauh dari salah\nPegang agama dalam diri;Pantun Nasihat;Pantun Nasihat
5542;Pohon jati berdiri tegak\nAkarnya kuat mencengkam bumi\nJika pendirian jangan retak\nPegang prinsip dalam diri;Pantun Nasihat;Pantun Nasihat
5543;pohon jati berjajar jajar\npohon rotan dengan lontar\nrajin sekolah rajin belajar\nnanti kamu jadi pintar;Pantun Nasihat;Pantun Nasihat
5544;pohon jati kuat kayunya\npohon kapuk tinggi batangnya\nmurid rajin banyak ilmunya\nmurid malas banyak bohongnya;Pantun Nasihat;Pantun Nasihat
5545;pohon jati kuat kayunya\npohon nyiur batangnya tinggi\nmurid sejati banyak ilmunya\nuntuk bekal di hari nanti;Pantun Nasihat;Pantun Nasihat
5546;pohon jati kuat kayunya\npohon nyiur tinggi batangnya\nmurid pandai banyak ilmunya\nbekal bagi nusa bangsanya;Pantun Nasihat;Pantun Nasihat
5547;pohon jati kuat kayunya\npohon nyiur tinggi batangnya\nmurid sejati banyak ilmunya\nbekal mengabdi nusa bangsa;Pantun Nasihat;Pantun Nasihat
5551;Pohon jati teguh berdiri\nAkarnya dalam mencengkam bumi\nJika prinsip terpasak diri\nFitnah melata tiada bererti;Pantun Nasihat;Pantun Nasihat
5552;pohon jati tumbuh berjajar\ndaunnya untuk membungkus ikan\njika engkau rajin belajar\nmanfaatnya engkau yang rasakan;Pantun Nasihat;Pantun Nasihat
5553;pohon jati tumbuh berjajar\nkucing kecil suka berpindah\nkalau pagi kita belajar\nilmu masuk dengan mudah;Pantun Nasihat;Pantun Nasihat
5554;pohon jati tumbuh berjajar\npandai berpantun orang banjar\nkalau kita malas belajar\ncitacita takkan terkejar;Pantun Nasihat;Pantun Nasihat
5555;pohon jati tumbuh berjajar\ntempat pak tani mencari kentang\ndunia bolehlah dikejar\njangan sampai dikejar penagih hutang;Pantun Nasihat;Pantun Nasihat
5556;Pohon jati tumbuh tegak\nAkarnya kuat mencengkam bumi\nJika pendirian mahu tegak\nPegang prinsip dalam diri;Pantun Nasihat;Pantun Nasihat
5558;Pohon kapuk berbuah banyak\nSeratnya putih ringan sekali\nJika ingin rezeki tak teracak\nBekerja jujur sepenuh hati;Pantun Nasihat;Pantun Nasihat
5559;pohon kelapa ada semut rangrang\npohonnya ditebang jadikan papan\nsaya dari sekolah seberang\npindah kesini bertemu kalian;Pantun Nasihat;Pantun Nasihat
5560;pohon kelapa di tepi telaga\ndaunnya melambai tertiup angin\nhormat guru tanda mulia\nilmu mengalir penuh berkah yakin;Pantun Nasihat;Pantun Nasihat
5561;pohon kelapa dipanjat ketam\nia jatuh ke dalam kolam\nada enaknya berkulit hitam\nbisa sembunyi disaat malam;Pantun Nasihat;Pantun Nasihat
5563;pohon kelapa ditanam disana\nberdekatan dengan pohon kenari\nperan ibu bapak dalam dunia\nbagaikan bulan dan matahari;Pantun Nasihat;Pantun Nasihat
5565;Pohon kelapa melambai angin\nBuahnya muda segar rasanya\nJika ingin hidup yakin\nPercaya diri pada usaha;Pantun Nasihat;Pantun Nasihat
5566;pohon kelapa tampak tinggi\njual seribu dapat rugi\nsebelum tidur gosok gigi\nmulut bersih kuman pergi;Pantun Nasihat;Pantun Nasihat
5567;Pohon kelapa tepi pantai\nBuahnya muda enak rasanya\nJika hidup hendak damai\nJangan suka mengadu domba;Pantun Nasihat;Pantun Nasihat
5568;Pohon kelapa tepi perigi\nBuahnya muda enak rasanya\nJika hidup mahu terpuji\nBersopan santun dalam katanya;Pantun Nasihat;Pantun Nasihat
5569;Pohon kelapa tinggi menjulang\nBuahnya jatuh dekat perigi\nJika ingin hidup gemilang\nDisiplin waktu setiap hari;Pantun Nasihat;Pantun Nasihat
5570;Pohon kelapa tinggi menjulang\nBuahnya jatuh dekat perigi\nJika ingin hidup gemilang\nTekun belajar setiap hari;Pantun Nasihat;Pantun Nasihat
5571;Pohon kelapa tinggi menjulang\nBuahnya jatuh ke tanah lapang\nJika ingin hidup gemilang\nTekun bekerja janganlah hilang;Pantun Nasihat;Pantun Nasihat
5572;Pohon kelapa tinggi menjulang\nBuahnya muda jatuh ke tanah\nJika hidup ingin cemerlang\nBerani gagal jangan menyerah;Pantun Nasihat;Pantun Nasihat
5573;pohon kelapa tumbuh berjajar\nberjajar rapi sepanjang pantai\nbarang siapa mau rajin belajar\ntentulah ia akan cepat pandai;Pantun Nasihat;Pantun Nasihat
5574;pohon kelapa tumbuh berjajar\ntumbuh berjajar di lereng gunung\nibu bapak sungguh mengajar\nberjasa besar seperti gunung;Pantun Nasihat;Pantun Kiasan
5575;pohon kelapa tumbuh berjajar\ntumbuh di rimba pohon lontar\nbarang siapa rajin belajar\ntentu dia menjadi pintar;Pantun Nasihat;Pantun Nasihat
5576;Pohon kelapa tumbuh tinggi\nBuahnya jatuh dekat pagar\nJika engkau ingin dipuji\nPerbaiki sikap dan sabar;Pantun Nasihat;Pantun Nasihat
5577;Pohon kelapa tumbuh tinggi\nBuahnya jatuh di tepi kali\nJika ingin hidup berarti\nHormati orang tua setiap hari;Pantun Nasihat;Pantun Nasihat
5578;Pohon kelat berdaun lebat\nBuahnya kecil berwarna merah\nJika hidup ingin selamat\nJangan dekat pada yang salah;Pantun Nasihat;Pantun Nasihat
5579;Pohon kelat berdaun rimbun\nTempat berteduh kala panas\nJika hidup mahu terhimpun\nJalin ukhuwah penuh ikhlas;Pantun Nasihat;Pantun Nasihat
5580;Pohon kelat rimbun daunnya\nTempat teduh kala panas\nJika ikhlas dalam amalnya\nSegala urusan terasa lepas;Pantun Nasihat;Pantun Nasihat
5581;Pohon kelor berdaun kecil\nTumbuh subur di tanah desa\nJika niat jangan kerdil\nCita tinggi boleh terasa;Pantun Nasihat;Pantun Nasihat
5582;Pohon kelor tumbuh rendah\nDaunnya kecil banyak khasiat\nJika hidup jauh dari amarah\nPersahabatan makin erat;Pantun Nasihat;Pantun Nasihat
5583;Pohon ketapang rindang daunnya\nTempat berteduh kala panas\nJika hidup bersih jiwanya\nLangkah ringan terasa ikhlas;Pantun Nasihat;Pantun Nasihat
5585;pohon kurma sebesar paha\npohon kemiri tidak berduri\nmari bersama kita berusaha\nmembangun seni negeri sendiri;Pantun Nasihat;Pantun Nasihat
5586;Pohon langsat berbuah kuning\nRasanya manis di lidah terasa\nJika usaha jangan kering\nPasti berhasil suatu masa;Pantun Nasihat;Pantun Nasihat
5589;Pohon mahoni lurus batangnya\nDaunnya rimbun tempat berteduh\nJika hidup jaga akhlaknya\nLangkah pasti terasa teguh;Pantun Nasihat;Pantun Nasihat
5590;Pohon mahoni lurus berdiri\nDaunnya rindang menahan panas\nJika hati bersih nurani\nSegala langkah terasa ikhlas;Pantun Nasihat;Pantun Nasihat
5591;Pohon mangga berbuah lebat\nBuahnya manis jatuh ke tanah\nJika hidup ingin selamat\nBerhati-hati dalam melangkah;Pantun Nasihat;Pantun Nasihat
5592;Pohon mangga di tepi pagar\nDaunnya hijau tertiup angin\nJika engkau ingin pintar\nRajin belajar janganlah main;Pantun Nasihat;Pantun Nasihat
5593;Pohon mangga tumbuh tinggi\nBuah ranum jatuh ke tanah\nDekatkan diri pada Ilahi\nAgar hidup penuh berkah;Pantun Nasihat;Pantun Nasihat
5594;Pohon mangga tumbuh tinggi\nBuah ranum jatuh lagi\nBersungguh hati mencari rezeki\nSupaya hidup tidak merugi;Pantun Nasihat;Pantun Nasihat
5596;Pohon manggis berbuah lebat\nKulit hitam isinya putih\nJika hidup ingin selamat\nJauhi niat yang tidak bersih;Pantun Nasihat;Pantun Nasihat
5597;Pohon manggis berbuah manis\nKulit hitam isinya putih\nJika hidup mahu harmonis\nSatukan hati jangan berselisih;Pantun Nasihat;Pantun Nasihat
5599;Pohon manggis tumbuh subur\nBuahnya lebat banyak sekali\nKalau hidup ingin makmur\nBekerjalah sepenuh hati;Pantun Nasihat;Pantun Nasihat
5600;pohon mawar banyak durinya\npohon bambu kuat kayunya\njika rajin banyak ilmunya\njika malas banyak bohongnya;Pantun Nasihat;Pantun Nasihat
5602;pohon menjulang tinggitinggi\njangan sampai ia ditebang\nguru mengajarlah sepenuh hati\njangan sekadar mencari uang;Pantun Nasihat;Pantun Nasihat
5603;pohon meranti dekat lapangan\npohonnya roboh terbelah dua\nrintangan pasti jadi halangan\nsemangat tabah menghadapi semua;Pantun Nasihat;Pantun Nasihat
5604;Pohon meranti menjulang tinggi\nAkar mencengkam tanah pusaka\nJika berani kerana benar diri\nTakkan tunduk pada dusta;Pantun Nasihat;Pantun Nasihat
5608;Pohon nibung di tepi rawa\nBatangnya lurus tinggi menjulang\nJika hidup mahu bermakna\nBerbuat baik janganlah kurang;Pantun Nasihat;Pantun Nasihat
5611;Pohon pandan wangi daunnya\nDisimpan kering dalam anyaman\nJika janji sudah niatnya\nLaksanakan penuh kesungguhan;Pantun Nasihat;Pantun Nasihat
5612;pohon pepaya didalam semak\npohon manggis sebasar lengan\nkawan tertawa memang banyak\nkawan menangis diharap jangan;Pantun Nasihat;Pantun Dukacita
5613;pohon pepaya pohon mangga\ntumbuh subur di kebun nenek\nkalau memang ingin orangtua bangga\nraih nilai bagus jangan mencontek;Pantun Nasihat;Pantun Nasihat
5614;pohon pepaya pohon waru\nbuah kokosan untuk jamu\nalangkah mulia menjadi guru\nmendidik insan menebar ilmu;Pantun Nasihat;Pantun Nasihat
5615;Pohon petai berbuah panjang\nBaunya kuat menusuk hidung\nJika ingin hidup cemerlang\nRajin belajar jangan menyinggung;Pantun Nasihat;Pantun Nasihat
5616;Pohon pinang tegak berbaris\nDi tepi bendang menghijau subur\nJika berjanji jangan terkikis\nTepati kata walau teruji luhur;Pantun Nasihat;Pantun Nasihat
5618;Pohon pinus tinggi menjulang\nDaunnya rimbun ditiup bayu\nJika cita ingin gemilang\nBelajar rajin sepanjang waktu;Pantun Nasihat;Pantun Nasihat
5619;pohon pisang berbuah salak\nTumbuhnya di semak-semak\nOrang beriman punyai akhlak\nSuka membantu pada yang berhak;Pantun Nasihat;Pantun Nasihat
5620;Pohon rambai di hujung desa\nBerbuah lebat musim tiba\nJika hidup penuh rasa\nSyukur selalu jangan lupa;Pantun Nasihat;Pantun Nasihat
5622;Pohon rambutan berbuah lebat\nDipetik anak waktu senja\nJika usaha dibuat hebat\nHasil manis pasti terasa;Pantun Nasihat;Pantun Nasihat
5625;pohon randu pohon meranti\ntumbuh satu di bawah rawa\nbelajar jangan pernah berhenti\nwalau usia semakin tua;Pantun Nasihat;Pantun Nasihat
5626;Pohon rindang di tepi jalan\nTempat berteduh kala siang\nJika ingin hidup nyaman\nHindari hati yang bimbang;Pantun Nasihat;Pantun Nasihat
5627;pohon rindang membuat teduh\nbatu hancur jadi kepingan\njangan menangis jangan mengeluh\nhidup ini penuh perjuangan;Pantun Nasihat;Pantun Dukacita
5630;pohon sagu jatoh ditebang\npohon duku dibikin sarang\njangan ragu jangan bimbang\ncintaku hanya untukmu seorang;Pantun Nasihat;Pantun Kasih Sayang
5631;pohon salak pohon leci\nkalau tidak disiram akan mati\njanganlah kita selalu menanti\nkarena cinta tak harus memiliki;Pantun Nasihat;Pantun Kasih Sayang
5632;Pohon salam di tepi rawa\nDaunnya gugur tertiup bayu\nJika hidup ingin berjaya\nUsaha tekun sepanjang waktu;Pantun Nasihat;Pantun Nasihat
5633;pohon sawit ditumbuhi benalu\nsawit dipanen oleh pak heru\nmemandang wajahmu setiap waktu\ntak pernah membuatku jemu;Pantun Nasihat;Pantun Nasihat
5634;Pohon sawo berbuah manis\nDipetik pagi sebelum siang\nJika sabar dan tak egois\nBanyak teman datang menyayang;Pantun Nasihat;Pantun Nasihat
5638;Pohon sena di tepi paya\nDaunnya luruh ditiup bayu\nJika usaha sungguh adanya\nHasil baik pasti bertemu;Pantun Nasihat;Pantun Nasihat
5639;Pohon sena di tepi rawa\nDaunnya rimbun tempat berteduh\nJika hidup ingin berjaya\nTekun berusaha bersungguh-sungguh;Pantun Nasihat;Pantun Nasihat
5640;Pohon sena di tepi taman\nDaunnya gugur tertiup bayu\nJika cita sudah diaman\nJangan mundur sebelum maju;Pantun Nasihat;Pantun Nasihat
5641;Pohon sukun berbuah lebat\nJatuh sebiji ke tanah merah\nJika usaha dibuat hebat\nHasilnya pasti tidak menyerah;Pantun Nasihat;Pantun Nasihat
5644;pohon tinggi tempat si tupai\nloncat ke bawah menuju sampan\nsemakin membaca semakin pandai\nbanyak ilmu yang tersimpan;Pantun Nasihat;Pantun Nasihat
5646;Pohon waru tumbuh di pantai\nDaunnya lebar menahan panas\nJika hidup ingin pandai\nRajin membaca tiap kertas;Pantun Nasihat;Pantun Nasihat
5647;pohon yang tinggi menjulang teguh\njanganlah sampai ia ditebang\nguru mengajarlah dengan sungguh\njangan sekadar mencari uang;Pantun Nasihat;Pantun Nasihat
5648;pohonnya besar berdaun rindang\nasam dan hijau ketika muda\nbentuknya ia seperti bintang\njikapun masak kuninglah ia;Pantun Nasihat;Pantun Hiburan
5649;Pokok ditebang tumbang serata\nPuyuh bersarang mati kepanasan\nIkut nafsu badan binasa\nIkut akal terangi jalan;Pantun Nasihat;Pantun Nasihat
5651;Pokok terap tumbuh di bukit\nBelat berbanjar panjang ke hulu\nJangan diharap guruh di langit\nKilat memancar hujan tak lalu;Pantun Nasihat;Pantun Nasihat
5652;pokoknya bulat dan juga rendang\nmacam dan hijau ketika muda\nbuahnya berbentuk seperti bintang\nsudah masak kuninglah ia;Pantun Nasihat;Pantun Nasihat
5653;polisi patroli agar aman\ndari seorang pencuri permata\njagalah kebersihan taman\nagar indah dimandang mata;Pantun Nasihat;Pantun Nasihat
5654;polisi wanita dinamakan polwan\nwanita yang tak pernah mengeluh\nkita untuk selamanya kawan\nwalaupun jarak kita menjauh;Pantun Nasihat;Pantun Nasihat
5656;potong bambu cara dibelah\nbambu dibelah tersorot matahari\nbarang siapa malas sekolah\nawas menyesal dikemudian hari;Pantun Nasihat;Pantun Nasihat
5657;potong bambu dengan dibelah\nbambu terbelah terkena matahari\nbarang siapa yang malas sekolah\nakan menyesal di kemudian hari;Pantun Nasihat;Pantun Nasihat
5658;potong bebek angsa di kuali\ncuci bersih memakai sabun\nmencari ikan di pinggir kali\nmemetik buah di dalam kebun;Pantun Nasihat;Pantun Nasihat
5659;potong kain dengan gunting\njangan sambung dengan perekat\naksi dan gerak yang terpenting\nagar kesuksesan semakin dekat;Pantun Nasihat;Pantun Nasihat
5660;potong kain menakai gunting\nuntuk mendesain sehelai pakaian\npendidikan sangat penting\njangan pernah diabaikan;Pantun Nasihat;Pantun Nasihat
5662;Puas saya bertanam ubi\nNanas jugak dipandang orang\nPuas saya menabur budi\nEmas juga dipandang orang;Pantun Nasihat;Pantun Nasihat
5664;publik figur mainkan adegan\nuntuk membuat film baru\nsebelum semua kita usaikan\njawablah salam terakhirku;Pantun Nasihat;Pantun Sosial Budaya
5667;Pucuk muda di hujung dahan\nDisapa angin tumbuh berseri\nJika bercita setinggi awan\nUsaha tekun jadi tangga diri;Pantun Nasihat;Pantun Nasihat
5668;Pucuk muda di hujung dahan\nTumbuh segar disapa cahaya\nImpian besar bermula perlahan\nDisulam usaha jadi berjaya;Pantun Nasihat;Pantun Nasihat
5669;Pucuk pauh delima batu\nAnak sembilang di tapak tangan\nBiar jauh beribu batu\nJauh di mata di hati jangan;Pantun Nasihat;Pantun Nasihat
5670;pucuk pauh delima batu\nanak sembilang ditapak tangan\nbiar jauh dinegeri satu\nhilang dimata dihati jangan;Pantun Nasihat;Pantun Nasihat
5671;Pucuk pauh di tepi perigi\nDaun melambai ditiup bayu\nJika hidup ingin dipuji\nBudi dan santun jadikan tumpu;Pantun Nasihat;Pantun Nasihat
5674;puisi cinta harus berjajar\nseperti bungabunga teratai\nkalau kita rajin belajar\ncitacita pasti tercapai;Pantun Nasihat;Pantun Nasihat
5676;pukul tujuh pagi masuk kelas\nkerjakan tugas soalnya rumit\nmenuntut ilmu dengan ikhlas\nuntuk cintacita setinggi langit;Pantun Nasihat;Pantun Kiasan
5677;pulang dari hutan ketika senja\nkedapkedip si kunangkunang\nselamat jalan ibu tercinta\njasamu akan selalu ku kenang;Pantun Nasihat;Pantun Kasih Sayang
5678;pulang dari pulau bali\napa yang paling asyik dilakukan\ncintamu itu seperti tali\nyang mengikatku hingga kematian;Pantun Nasihat;Pantun Kasih Sayang
5679;pulang dari rumah teman\nmelihat pekerja membuat aspal\nbekerja jangan asalasalan\nnanti hasilnya tidak maksimal;Pantun Nasihat;Pantun Nasihat
5680;pulang dari surabaya\nmampir ke toko sumber guna\nbenar pilihanmu emang kaya\ntapi selingkuhannya dimanamana;Pantun Nasihat;Pantun Nasihat
5683;pulang sekolah hari hujan\nbasah kuyup si supir kenek\nsemangat dipupuk hendak ujian\nagar nilaimu tidak jelek;Pantun Nasihat;Pantun Nasihat
5684;pulang sekolah jam setengah dua\nsampai rumah membaca komik\nayo gabung masuk pramuka\ngunakan masa muda dengan baik;Pantun Nasihat;Pantun Nasihat
5685;pulang sekolah langsung makan\nmakannys dengan goreng kentang\nkatanya teman beneran teman\ntapi menusuk dari belakang;Pantun Nasihat;Pantun Hiburan
5686;pulang sekolah naik bajai\nsampai rumah lupa ongkos\njika ingin impian tercapai\nrajin kuliah jangan suka bolos;Pantun Nasihat;Pantun Nasihat
5687;pulang sekolah pakai sepeda\nditengah jalan hujan tiba\nayo kawan masuk pramuka\nmelatih diri mencipta karya;Pantun Nasihat;Pantun Nasihat
5688;pulang sekolah sama ganu\nmesin ketam terikat tali\nbiarlah putih karna panu\ndaripada hitam kayak kuali;Pantun Nasihat;Pantun Nasihat
5689;pulau bangka banyak lada\ntanah berbukit dan berawa\nkerja keras di waktu muda\nbahagia di waktu tua;Pantun Nasihat;Pantun Nasihat
5690;Pulau indah jauh di sana\nTempat burung mencari makan\nJika hidup penuh makna\nBudi bahasa jadi pegangan;Pantun Nasihat;Pantun Nasihat
5691;pulau pandan jauh ke tengah\ngunung daik bercabang tiga\nhancur badan dikandung tanah\nbudi yang baik dikenang juga;Pantun Nasihat;Pantun Nasihat
5692;Pulau Pandan jauh ke tengah\nGunung Daik bersegi-segi\nUsah buat apa ditegah\nKelak nanti membahayakan diri;Pantun Nasihat;Pantun Nasihat
5694;pulau terpisah oleh selat\ndatang burung iringiringan\ndalam kitab sudah tercatat\nberbuat baiklah pada lingkungan;Pantun Nasihat;Pantun Nasihat
5695;Pulau Tinggi terendak Cina\nNampak dari Pulau Sibu\nAbang pergi janganlah lama\nTidak kuasa menanggung rindu;Pantun Nasihat;Pantun Nasihat
5696;Pulau tua ada di tengah\nLetak di balik, angsa terlihat\nHancur jasad di dalam tanah\nBudi baiknya akan diingat;Pantun Nasihat;Pantun Nasihat
5697;Pungguk ternanti rindukan bulan\nSambil menanti memandang awan\nAndai menyinggung juga melukakan\nKupohon maaf darimu kawan;Pantun Nasihat;Pantun Nasihat
5698;punggung rebah puyuh mendenyut\ndenyut melata di tengah padang\nsedangkan buah kapal tak hanyut\ninikan pula kemarau panjang;Pantun Nasihat;Pantun Kiasan
5700;punya harta harus berbagi\nkarena tak dibawa matimu\notak cerdas harus dimiliki\njalan terus mencari ilmu;Pantun Nasihat;Pantun Nasihat
5703;pupus bukan sembarang pupus\npupus baying pikiran limbung\nputus bukan sembarang putus\nsekali putus tak dapat disambung;Pantun Nasihat;Pantun Nasihat
5705;Purnama bersemi di langit raya\nCahayanya jatuh ke anjung balai\nJika hikmah menjadi upaya\nSengketa reda tiada terlalai;Pantun Nasihat;Pantun Nasihat
5708;Purnama luhur memancar terang\nMenyinari laut yang luas membiru\nJika prinsip sentiasa dipegang\nTakkan runtuh diri yang satu;Pantun Nasihat;Pantun Nasihat
5713;pusara ada batu nisan\ntulisannya diukir dan dipahat\nmasa sd mencari teman\nketika besar bisa bermanfaat;Pantun Nasihat;Pantun Nasihat
5716;puteri raja datang memohon\nagar pulang kasih dirantau\nmari kita tanam pohon\nalam sekitar terlihat hijau;Pantun Nasihat;Pantun Nasihat
5720;putih warna kambing domba\njangan lepas selalu dijaga\npagi baru saja tiba\nmari kita berolahraga;Pantun Nasihat;Pantun Nasihat
5722;putih warnanya bunga melati\nbunga mawar berwarna merah\nkedatangan anda ke sini\nmembuat acara semakin meriah;Pantun Nasihat;Pantun Sukacita
5724;putih warnanya bunga melati\nharum semerbak di taman mini\npersiapkan diri bersihkan hati\nmenyambut bulan yang mulia ini;Pantun Nasihat;Pantun Nasihat
5725;putih warnanya kembang melati\nmekar ketika pagi hari\nsahabat sejati sahabat sejati\ndari kini hingga nanti;Pantun Nasihat;Pantun Nasihat
5726;putih warnanya tepung tapioka\ntepuktepuk jadikan roti\nhidup terasa lebih bermakna\nsaat sahabat ada di sisi;Pantun Nasihat;Pantun Nasihat
5727;putihputih bulu domba\nbila dirajut indah jadinya\nbila insan sempurna menghamba\nallah akan penuhi segalanya;Pantun Nasihat;Pantun Nasihat
5731;putihputih bunga melati\nkumbang datang tak kelahi\nmenuntut ilmu hatihati\nluruskan niat karena ilahi;Pantun Nasihat;Pantun Nasihat
5733;putihputih tepung tapioka\nkepallah dia jadikan adonan\nada gelak dan juga tawa\ndalam indahnya kebersamaan;Pantun Nasihat;Pantun Nasihat
5734;Putik kemboja baru mengembang\nWangi mengharum di tengah laman\nErat perpaduan bangsa berbilang\nKemakmuran bersama satu tujuan;Pantun Nasihat;Pantun Nasihat
5735;Putik pauh delima batu\nAnak sembilang di tapak tangan\nTuan jauh di negeri satu\nHilang di mata di hati jangan;Pantun Nasihat;Pantun Nasihat
5736;putri cantik ciptakan tembang\nkala ratu berwajah muram\nbanyak ombak dan gelombang\nhatihati jangan karam;Pantun Nasihat;Pantun Nasihat
5737;putri cantik suka berdandan\nhendak pergi ke selatan\njadilah pemuda teladan\nberbuat baik di segala medan;Pantun Nasihat;Pantun Nasihat
5738;putri cantik tulang bawang\nmemakai gaun warna merah\ningin sukses harus berjuang\nkalau kalah jangan menyerah;Pantun Nasihat;Pantun Nasihat
5739;putus tali dengan gunting\nkain di sudut tolong ambilkan\npendidikan sangat penting\njangan pernah diabaikan;Pantun Nasihat;Pantun Nasihat
5740;qurban dengan seekor sapi\nsapi disembelih oleh algojo\njangan rayurayu aku lagi\ntidak semudah itu ferguso;Pantun Nasihat;Pantun Nasihat
5741;qurban sapi untuk disembelih\ntajamkan pisau terlebih dahulu\njangan keraskan hatimu kasih\ncobalah merindu akan diriku;Pantun Nasihat;Pantun Nasihat
5743;raja ampat sangatlah indah\nberlibur kesana membawa istri\nsalam pertama kurang meriah\nbiar kuulang sekali lagi;Pantun Nasihat;Pantun Sukacita
5744;raja bijak indragiri\ncinta sangat pada ratunya\nguru mengajar tiap hari\nagar murid hidup sentosa;Pantun Nasihat;Pantun Nasihat
5750;rajinrajin berlari pagi\nagar tubuh selalu sehat\nhari selasa tiba lagi\nkuucapkan untukmu wahai sahabat;Pantun Nasihat;Pantun Nasihat
5752;rakit biasa ternyata karam\nbatal berlabuh hilang kemana\nsulit terasa mata terpejam\ningat senyummu nan jauh di sana;Pantun Nasihat;Pantun Nasihat
5753;rakit di sungai mengangkut peti\ndiangkut bersama karung beras\nkalaulah sudah sembuh nanti\npasti kita bertemu di kelas;Pantun Nasihat;Pantun Nasihat
5754;rakit di sungai sampai tepian\nairnya jernih mengalir deras\njika memanglah demikian\nkudoakan sembuhlah lekas;Pantun Nasihat;Pantun Nasihat
5755;rakit terbuat dari bambu\nbambu besar panjang sekaki\ndengan belajar dapat ilmu\ndengan ilmu banyak rezeki;Pantun Nasihat;Pantun Nasihat
5756;Rama-rama hinggap di dahan\nAnak kucing ditatang menerkam\nRamai orang petikai keadilan\nApa gunanya ada SUHAKAM;Pantun Nasihat;Pantun Nasihat
5757;Rama-rama si kumbang janti\nChatib indah pulang berkuda\nPatah tumbuh hilang berganti\nBudi baik dikenang juga;Pantun Nasihat;Pantun Nasihat
5762;ramai kampung kala lebaran\nbanyak yang memakai baju baru\nsalam hangat untuk kalian\npara mahasiswai baru;Pantun Nasihat;Pantun Sosial Budaya
5763;ramai orang membeli jamu\ndi bawah pokok cuaca redup\nbersungguhsungguh mencari ilmu\nilmu dicari penyuluh hidup;Pantun Nasihat;Pantun Nasihat
5766;ramai suara gegap gempita\nwarna warni aneka pita\nwalaupun tak punya harta\npendidikan tetap yang utama;Pantun Nasihat;Pantun Nasihat
5767;rambut adik panjang terurai\ntemani ibuk memasak di dapur\nselamat malam sobat dumai\nsaya undur hendak tidur;Pantun Nasihat;Pantun Sukacita
5769;rambut gatal ternyata banyak kutu\nmembuat minder dan semakin murung\nrajinlah menabung setiap waktu\nagar kelak diri menjadi beruntung;Pantun Nasihat;Pantun Nasihat
5770;rambut hitam anggun rupanya\nsehalus bulu burung merpati\nhidup mati untuk negara\nikhlas hati kalau mati;Pantun Nasihat;Pantun Nasihat
5773;rambut panjang hitam terurai\nmencuci baju di tepi kolam\npertanda acara akan dimulai\nmari kita mengucap salam;Pantun Nasihat;Pantun Nasihat
5775;Rambutnya indah, kulitnya bersih\nRumahnya berhias bunga selasih\nMari bersujud pada Sang Pengasih\nSemoga kesulitan hilang tersisih;Pantun Nasihat;Pantun Nasihat
5778;Ranting sena berbalut embun\nBunga cempaka gugur sekuntum\nJika santun jadi pantun\nIndah tutur lembut berhukum;Pantun Nasihat;Pantun Nasihat
5779;Ranting sena berbalut embun\nHarum cempaka menyeri halaman\nJika hidup berteraskan santun\nTinggi darjat di mata zaman;Pantun Nasihat;Pantun Nasihat
5781;Ranting tua dililit resam\nDaun berayun menyapa awan\nJika nafsu tidak dipendam\nRosaklah akhlak hilang pedoman;Pantun Nasihat;Pantun Nasihat
5783;rasa manis rasa masam\npohon tebu dijadikan gula\nadikku manis jangan muram\navang datang menawarkan cinta;Pantun Nasihat;Pantun Kasih Sayang
5784;rebus ini dengan kentang\nsajikan untuk makan siang\nbadan kurus makin peyang\nditiup angin pasti goyanggoyang;Pantun Nasihat;Pantun Nasihat
5791;rendang dari sumatra barat\ntiwul dari kota pelajar\nmeski lelah dan juga penat\nkita harus terus belajar;Pantun Nasihat;Pantun Nasihat
5792;rendang minang enak rasanya\njadi makanan yang mendunia\nkini syawal telah menjelma\ntangan kuulurkan maaf kupinta;Pantun Nasihat;Pantun Nasihat
5793;rengat dikenal buah kedondong\njuga digemari sibuah manggis\nsempat mahal sudah di borong\nada pembeli ditambah gratis;Pantun Nasihat;Pantun Nasihat
5795;renyai menyapa gerimis petang\nmari berteduh di pohon bidara\npemanis kalam selamat malamdatang\nawal bismillah pembuka bicara;Pantun Nasihat;Pantun Sosial Budaya
5796;retak buah sigamagama\nretak tanduk liku berliku\nminta petua kepada ulama\nminta petunjuk kepada yang tahu;Pantun Nasihat;Pantun Nasihat
5798;ribuan gunting diangkut ke sana\nditengah jalan mampir di warung\nreseleting rusak sangkar terbuka\nawas terbang jauh itu burung;Pantun Nasihat;Pantun Nasihat
5802;rinbun daunnya si pohon gaharu\ntumbuh subur di tengah hutan\nkalau punya teman yang baru\nsahabat lama jangan dilupakan;Pantun Nasihat;Pantun Nasihat
5804;rintik rintik turun hujan\nmasuk kamar sama teman\ngadis cantik jadi pujaan\nmau dilamar kok hamil duluan;Pantun Nasihat;Pantun Kasih Sayang
5805;riuh bernyanyi ditengah ladang\nnyanyi tembang anak jalanan\ndi ujung gunung mata memandang\nmenghayal jadi seorang juragan;Pantun Nasihat;Pantun Nasihat
5807;roti asin bentuknya kempes\nkalau makan harus dipotong dulu\njika kamu ingin sukses\nberkatalah jujur terlebih dahulu;Pantun Nasihat;Pantun Nasihat
5810;rumah baru berwarna bata\nbunga mekar terus merekah\nlelaki pemimpin bagi wanita\nkarena lelaki memberi nafkah;Pantun Nasihat;Pantun Nasihat
5812;rumah di dayak berbahan papan\nbertingkat tinggi agar aman selalu\npohon adalah sumber kehidupan\njagalah dan rawatlah ia selalu;Pantun Nasihat;Pantun Nasihat
5814;Rumah di parit terlihat permai\nPedagang kecil jualan siomai\nKalau ke masjid tidak ramai\nPastinya sulit tercipta damai;Pantun Nasihat;Pantun Agama
5817;rumah jauh di batu kampar\nnaik kuda susah terkejar\ndari mana datangnya pintar\ndari ketekunan dalam belajar;Pantun Nasihat;Pantun Nasihat
5818;rumah kecil dari bambu\nbambu kecil tiada durinya\nbuku adalah gudang ilmu\nmembaca itu adalah kuncinya;Pantun Nasihat;Pantun Nasihat
5819;Rumah limas anjung Selatan\nBunga kemuning tumbuh di laman\nTangkainya emas bunganya intan\nBolehkah ranting hamba patahkan;Pantun Nasihat;Pantun Nasihat
5820;rumah limas anjung selatan\nbunga kemuning tumbuh di muara\nawal bismillah kami mulakan\nselamat datang pembuka bicara;Pantun Nasihat;Pantun Sosial Budaya
5821;Rumah Pak Mat di tepi sawah\nPakai langsir warna biru\nKalau hidup kita sudah mewah\nJanganlah kita lupa ayah dan ibu;Pantun Nasihat;Pantun Nasihat
5822;Rumah permai pintunya lima\nSungguh sedap dipandang mata\nHidup damai dengan sesama\nItulah ajaran agama kita;Pantun Nasihat;Pantun Nasihat
5825;rumput diberantas habis rata\nburung serindit mematuk betik\nberibu melintas di depan mata\nhanyalah adik yang paling cantik;Pantun Nasihat;Pantun Nasihat
5828;rumput segar makanan kambing\nkambing makan dilihat tupai\nmasuk sekolah untuk dibimbing\nmentuntu ilmu supaya pandai;Pantun Nasihat;Pantun Nasihat
5831;rusa kecil diam terkurung\nkurang makan kurang minum\ncari ilmu jangan murung\ncerialah selalu banyak tersenyum;Pantun Nasihat;Pantun Nasihat
5832;rusa lari jangan dikenar\nbuat jerat pasanglah umpan\ndari kami untuk pengajar\nselamat hari guru buat kalian;Pantun Nasihat;Pantun Nasihat
5833;rusa lari ke padang datar\nharimau datang tuk mengejar\njika ingin tambah pintar\ntentu kita harus belajar;Pantun Nasihat;Pantun Nasihat
5834;rusa terjerat bisa kabur\nmeski kakinya sudah memerah\nberolahragalah dengan teratur\ndemi lancarnya peredaran darah;Pantun Nasihat;Pantun Nasihat
5836;saat ada di toko buku\nmereka membully adikmu\nmenikahlah dengan aku\naku siap membahagiakanmu;Pantun Nasihat;Pantun Nasihat
5838;saat di jalan yang buntu\nada buah mangga yang jatuh\ngimana kita bisa bersatu\nkalau kita saling acuh tak acuh;Pantun Nasihat;Pantun Nasihat
5841;saat menemukan jamur\nkulihat senyum adikmu\naku semangat makan sahur\nkarena tadi aku mimpiin kamu;Pantun Nasihat;Pantun Nasihat
5843;saat mentari sinari bumi\nkokok ayam pun terdengar slalu\nketika bangun di pagi hari\nlangsung bereskan tempat tidurmu;Pantun Nasihat;Pantun Nasihat
5845;saat mudik hari raya\njangan bawa semua uangmu\nmaaf walau kamu kaya\naku nggak tertarik denganmu;Pantun Nasihat;Pantun Nasihat
5846;sabtu ini kita bersama\nbertemu berkumpul dan berpesta\npara guru kawan semua\ndoakan kami lulus semua;Pantun Nasihat;Pantun Nasihat
5847;sabtu ini tak perlu berduka\nmari semua kita gembira\nbapak ibu guru tercinta\nmaafkan salah kami yang ada;Pantun Nasihat;Pantun Nasihat
5854;sakit sungguh tidak kepalang\njika pisau mengenai badan\nmateri jangan jadikan penghalang\ndalam menimba ilmu pengetahuan;Pantun Nasihat;Pantun Nasihat
5855;Salahkah jika cacing dimakan\nDimakan oleh ikan haruan\nSalah dan silap saya lakukan\nAmpun maaf saya pohonkan;Pantun Nasihat;Pantun Nasihat
5856;sambal pedas di sawojajar\nbeli ketupat nangkring di batu\ningin cerdas ayo belajar\nbiar dapat rangking satu;Pantun Nasihat;Pantun Nasihat
5857;sambung plastik dengan perekat\nuntuk dijadikan layangan\nhari raya semakin dekat\nsilap dan salah mohon dimaafkan;Pantun Nasihat;Pantun Nasihat
5858;Sampan didayung ke Sungai Lipis\nGembiranya hati tak terperi\nSungai tercemar tanah terhakis\nGerangan apa jadi begini;Pantun Nasihat;Pantun Nasihat
5859;sampan kecil kita berlabuh\nmemuat kelapa bawa ke pasar\nsejak kecil kita diasuh\njasa ibu bapak sangatlah besar;Pantun Nasihat;Pantun Nasihat
5865;Sang saka merah putih berkibar\nTampak indah melambai-lambai\nSemangat juang kami terus berkobar\nAgar indonesia makmur Tergapai;Pantun Nasihat;Pantun Nasihat
5866;sangat cepat naik bus patas\nnaik bersama para mualaf\nsebab waktu yang terbatas\nminta maaf atas segala khilaf;Pantun Nasihat;Pantun Nasihat
5868;sangat indah bunga kamboja\nmawar dan melati aku suka\njangan cuma menuntut ilmu dunia\nakhirat lantas kamu lupa;Pantun Nasihat;Pantun Nasihat
5869;sangat keras kayu jati\ntinggi seperti pohon pinang\nlama sekali kunantinanti\nlebaran depan datanglah meminang;Pantun Nasihat;Pantun Nasihat
5872;sangat tajam giginya bajing\ntajam seperti bambu runcing\nlihat udin dikejar anjing\nnenek takut sampai terkencing;Pantun Nasihat;Pantun Nasihat
5873;sangat tinggi pohon kelapa\nmemang sedap kelapa muda\nbelajar agama jangan dilupa\nakhlak baik di dunia;Pantun Nasihat;Pantun Nasihat
5874;sanggul dipakai di kepala\nsiapa lihat pasti terpesona\nkalau tuan memang bijaksana\nkue berambut dalamnya gula jawa;Pantun Nasihat;Pantun Hiburan
5876;sangkuriang teman si lutung\npergi ke hutan mencari burung\nkalau menabung jangan dihitung\ntahutahu kita nanti dapat untung;Pantun Nasihat;Pantun Nasihat
5877;sapi disembelih berlumur darah\npotong dagingnya di hari qurban\nmohon maaf segala salah\njuga khilaf mohon dimaafkan;Pantun Nasihat;Pantun Nasihat
5879;sapi putih tarik pedati\ndalam pedati angkut orang\nayah selalu baik hati\naku ditimang aku disayang;Pantun Nasihat;Pantun Nasihat
5880;sapi putih tarik pedati\npedatinya bergoyanggoyang\nayah selalu baik hati\naku ditimang selalu disayang;Pantun Nasihat;Pantun Nasihat
5885;sarapan beli nasi pepes\nambil gelas di atas baki\njika tugas tidak beres\nguru pasti akan menasihati;Pantun Nasihat;Pantun Nasihat
5886;sarapan dengan roti kismis\ncelupkan ke dalam teh manis\nselamat pagi di hari kamis\nsemoga cintamu tak pernah habis;Pantun Nasihat;Pantun Kasih Sayang
5887;sarapan pagi banyak kupatnya\nkuah banyak sampai tumpah\nbuang sampah pada tempatnya\nlingkungan bersih jauh dari sampah;Pantun Nasihat;Pantun Nasihat
5888;sarapan pagi dengan bakwan\nlontong dengan kuah kacang\njangan cemas wahai kawan\nkalian semua akan kukenang;Pantun Nasihat;Pantun Nasihat
5889;sarapan pagi dengan keju\nhiasan kecil kain perca\nlihat itu negara maju\ndi manamana rakyat membaca;Pantun Nasihat;Pantun Nasihat
5891;sarapan pagi dengan ketan\nbaca koran sambil ngopi\nbersemangatlah dalam pekerjaan\nagar karirmu berprestasi;Pantun Nasihat;Pantun Nasihat
5892;sarapan pagi dengan ketan\nbuat kopi dengan gula\nbetapa banyak ibu berkorban\ntak mungkin bisa membalasnya;Pantun Nasihat;Pantun Nasihat
5893;sarapan pagi dengan ketan\nsebelum berangkat ke pasar baru\nmelihat teman bergandengan\njomblo meratap di depan pintu;Pantun Nasihat;Pantun Nasihat
5894;sarapan pagi dengan ketan\nsebelum berangkat menuju sawah\nkamis pagi menjadi berkesan\nkala sahabat menyapa ramah;Pantun Nasihat;Pantun Nasihat
5895;sarapan pagi dengan ketan\nsebelum melakukan pekerjaan\nbila jamuan kurang memuaskan\nmohon maaf kami ucapkan;Pantun Nasihat;Pantun Nasihat
5896;sarapan pagi dengan ketan\nsebelum pergi berangkat kerja\nuntuk temanteman sekalian\nkuucapkan selamat berpuasa;Pantun Nasihat;Pantun Agama
5899;sarapan pagi dengan rebung\nrebung dari bambu betung\nrajinrajinlah menabung\nagar hidup jadi beruntung;Pantun Nasihat;Pantun Nasihat
5900;sarapan pagi dengan roti\nbersiapsiap pergi bekerja\nsebelum masuk ke pembahasan inti\nsaya menyapa apa kabar semua;Pantun Nasihat;Pantun Nasihat
5902;sarapan pagi dengan roti\nroti celupkan dalam kopi\nmeraih citacita dan mimpi\njangan lupa pada illahi;Pantun Nasihat;Pantun Nasihat
5906;sarapan pagi dengan roti\nsebelum pergi ke ladang\nwahai guru yang kami hormati\njasamu mulia tetap dikenang;Pantun Nasihat;Pantun Nasihat
5907;sarapan pagi di dekat kali\nsambil melihat munculnya mentari\nmelihat cowok tampan sekali\ndikira single ternyata beristri;Pantun Nasihat;Pantun Hiburan
5908;sarapan pagi kue cucur\ntambah lagi dengan bubur\npantang mundur meskipun hancur\nkebenaran jangan terkubur;Pantun Nasihat;Pantun Nasihat
5909;sarapan pagi memakan roti\nroti diambil kemenakan\nkita bertemu di kelas ini\nsemoga bisa menjalin perkawanan;Pantun Nasihat;Pantun Nasihat
5910;sarapan pagi minumnya susu\nagar siang tidak mudah lapar\nsetiap hari rajin membaca buku\npasti kau kan jadi anak pintar;Pantun Nasihat;Pantun Nasihat
5913;sarapan pagi sambil baca koran\nbaca berita tentang batu apung\nbayangkan jika tidak ada hutan\nbanyak air siapa yang menampung;Pantun Nasihat;Pantun Nasihat
5914;sarapan pakai nasi padang\ntak lupa kerupuk udangnya\nkenapa suami tak mau pulang\ntakut diomelin sama istrinya;Pantun Nasihat;Pantun Kasih Sayang
5915;sarapan sepiring nasi\nnasi punel buatan mama\nharga diri pada seorang suami\nbisa dilihat kerja kerasnya;Pantun Nasihat;Pantun Kasih Sayang
5916;sarat perahu muat pinang\nsinggah berlabuh di kuala daik\njahat berlaku lagi dikenang\ninikan pula budi yang baik;Pantun Nasihat;Pantun Nasihat
5917;sarung bantal berhiaskan batik\ndijemur karena bau apek\nsenyumanmu memang sangat cantik\nbikin aku klepekklepek;Pantun Nasihat;Pantun Nasihat
5919;satu dua tiga dan empat\nlima enam tujuh delapan\ntuntutlah ilmu sampai dapat\nsudah tua menyesal jangan;Pantun Nasihat;Pantun Nasihat
5920;satu lari satu mengejar\njangan pula berputarputar\nhormati guru yang mengajar\nniscaya dirimu jadi pintar;Pantun Nasihat;Pantun Nasihat
5923;saya ingin makan tomat\ntomat dimakan kaya manfaat\nsaya ingin mencari sahabat\nagar hidup punya manfaat;Pantun Nasihat;Pantun Nasihat
5927;sayang musalmah memakai tudung\ntudung dipakai sebelah kiri\napa dikenang kepada untung\nuntung tak untung diri sendiri;Pantun Nasihat;Pantun Nasihat
5928;sayang rindu terbiar sakitan\npipi basah menurut rintisan\nterbayang wajah sesegar ingatan\nrindu ayah bersalut tangisan;Pantun Nasihat;Pantun Dukacita
5932;sayur bayam buah tomat\nsangat sehat untuk dimakan\nsalam saya untuk yang terhormat\npara tamu acara sekalian;Pantun Nasihat;Pantun Sosial Budaya
5934;sayur lodeh mana ketupatnya\nmakan besar jadi kenangan\nbuanglah sampah pada tempatnya\njangan buang sampah sembarangan;Pantun Nasihat;Pantun Nasihat
5935;sayur pare dicampur tomat\nmetik di ladang sambil minum jamu\nselamat malam buat sahabat\naku datang ingin menyapamu;Pantun Nasihat;Pantun Sukacita
5937;sayur tumis kasih tomat\npergi ke pasar membeli bahan\nbelajarlah hidup hemat\nbeli barang sesuai kebutuhan;Pantun Nasihat;Pantun Nasihat
5942;sebelum ke kualanamu\njangan lupa beli buku\ntak mengapa kita jarang ketemu\nyang penting cintamu tetap untukku;Pantun Nasihat;Pantun Kasih Sayang
5943;sebelum kerja jangan lupa sarapan\nagar kuat fisik di badan\nselamat berpuasa aku ucapkan\nuntuk sahabat dan kawankawan;Pantun Nasihat;Pantun Agama
5950;sebelum sekolah harus sarapan\nagar energi tetap terjaga\nmari berlomba dalam kebaikan\ndapatkan karunia dan ridhonya;Pantun Nasihat;Pantun Nasihat
5951;sebelum sholat kita berwudhu\nhari lebaran makan ketupat\nmakin berilmu makin tawadhu\nitulah ciri ilmu manfaat;Pantun Nasihat;Pantun Nasihat
5952;sebelum sholat mari berwudhu\nsupaya hilang segala najisnya\nsiapa yang hatinya tawadhu\nkan diangkat derajatnya;Pantun Nasihat;Pantun Nasihat
5954;sebelum tidur pasang kelambu\nmatikan lampu yang menyala\nsiapa tunduk kepada ibu\nkan ditinggikan derajatnya;Pantun Nasihat;Pantun Nasihat
5955;sebelum tidur pasang kelambu\nsemoga terlelap dalam mimpi\nsetiap berpisah denganmu ibu\nrindu menghantam menusuk nadi;Pantun Nasihat;Pantun Kasih Sayang
5956;sebentar lagi langit kan cerah\nsebentar lagi berhenti hujan\nsebentar lagi libur sekolah\nsebentar lagi kita liburan;Pantun Nasihat;Pantun Sukacita
5957;seberangi sungai memakai rakit\nuntuk pergi ke tepian\nkadang hati terasa makin sakit\nkala sahabat pergi pacaran;Pantun Nasihat;Pantun Kasih Sayang
5958;sebuah batu pasti tenggelam\napalagi batu pualam\nketika hari sudah malam\nkenapa langit warnanya hitam;Pantun Nasihat;Pantun Nasihat
5959;sebuah benda bentuknya bulat\nianya ada dari pada besi\njika bermain diikat kuat\ndilempar hidup dipegang mati;Pantun Nasihat;Pantun Nasihat
5960;sebuah dinding tertempel grafik\nternyata dibuat oleh si akang\npilih juga yang tidak munafik\nbaik di depan baik di belakang;Pantun Nasihat;Pantun Nasihat
5961;sebulan tidak terlalu lama\ndia dan aku disebut kami\ntak jadi soal beda agama\npersaudaraan tetap bersemi;Pantun Nasihat;Pantun Nasihat
5962;sedalamdalamnya dasar lautan\nlebih dalam suara hati\njika hendak punya banyak wawasan\ncarilah ilmu seperti padi;Pantun Nasihat;Pantun Kiasan
5963;sedari pagi sudah buka mata\nmelihat ayam mati satu\nkalau mau tercapai citacita\nrajinrajinlah bagi waktu;Pantun Nasihat;Pantun Nasihat
5965;seekor kucing kemarin mati\nmatinya sambil berdiri\nhidup ini sungguh berarti\njangan sampai lupa diri;Pantun Nasihat;Pantun Nasihat
5966;seekor kucing mengeongngeong\nmeminta makan pada induknya\nkalau berilmu janganlah sombong\nyang lebih pintar banyak jumlahnya;Pantun Nasihat;Pantun Nasihat
5968;seekor rusa tengah berlari\nkarena ada ular di semak\namalkan ilmu seharihari\nagar tak lupa di dalam benak;Pantun Nasihat;Pantun Nasihat
5970;segar sekali minum selasih\nduduk di atas tikar anyaman\nkalau kota kita bersih\ntentu hidup jadi nyaman;Pantun Nasihat;Pantun Nasihat
5971;segelas minuman di atas meja\nair diminum menetesnetes\ngigih dan tekunlah dalam bekerja\nniscaya nanti akan sukses;Pantun Nasihat;Pantun Nasihat
5972;segeralah melempar jangkar\njika perahu sandar di dermaga\njikalau anak bangsa pintar\nnegeri ini pasti berbangga;Pantun Nasihat;Pantun Nasihat
5973;segitiga bersudut tiga\nlingkaran bulat tak bersudut\nteruslah kejar citacita\nnasib baik tak akan luput;Pantun Nasihat;Pantun Nasihat
5974;seharian di terik panas\nkuda nil jatuh karena pingsan\nkenapa mulutmu begitu pedas\nkatakatamu tak beralasan;Pantun Nasihat;Pantun Nasihat
5976;sejambak bunga dari taman\nuntuk guru kuhadiahkan\npesananmu tetap jadi pedoman\nmendorong aku mencapai kejayaan;Pantun Nasihat;Pantun Nasihat
5988;sekarang tujuh belas ramadhan\nseribu empat ratus empat puluh\nlagi pengen kangenkangenan\nbiar galauku lekas sembuh;Pantun Nasihat;Pantun Nasihat
5989;sekolah mengejar bebek\ntopi persegi di butik\nbiarkan wajahnya jelek\ntapi wajah tetap cantik;Pantun Nasihat;Pantun Nasihat
5991;selain budaya yang berbagai jenis\njuga punya banyak etnis\nkembali menjelma si pagi kamis\nsenyum indahmu semakin sadis;Pantun Nasihat;Pantun Nasihat
5995;selamat hari kartini\nhabis gelap terbitlah terang\njangan mainin cintaku ini\njika kau tak pengen ku buang;Pantun Nasihat;Pantun Kasih Sayang
5997;selat malaka banyak polisi\nmusuh kalah jadi ditawan\naku suka membuat puisi\nesok bercitacita jadi sastrawan;Pantun Nasihat;Pantun Nasihat
5998;Selat Melaka lautnya tenang\nDi situ tempat perahu Bugis\nOrang jauh jangan dikenang\nKalau dikenang tentu menangis;Pantun Nasihat;Pantun Dukacita
6000;selesai dapat traktiran\njadi lebih semangat kerja\nkamu tuh jangan baperan\ndi tanya kabar aja dikira suka;Pantun Nasihat;Pantun Nasihat
6001;semak belukar hendak dibelah\ndibelah ketika selesai shalat\nbelajar tanpa mengenal lelah\npasti akan mendapat manfaat;Pantun Nasihat;Pantun Nasihat
6002;semakin diisi semakin ringan\nitulah balon untuk mainan\njajan jangan sembarangan\nbisabisa kena penyakitan;Pantun Nasihat;Pantun Nasihat
6003;semalam suntuk listrik padam\nmembuyarkan janji yang terencana\njanganlah kuras kekayaan alam\nitu akan menghantar pada bencana;Pantun Nasihat;Pantun Nasihat
6005;semangat pagi terus berkobar\nbiar hidup semakin seru\nmenuntut ilmu haruslah sabar\ndengarkan apa yang diajarkan guru;Pantun Nasihat;Pantun Nasihat
6006;semangka matang berwarna merah\ndipetik ke kebun hari selasa\nsukur dan harap selalu tercurah\nuntuk yang sedang berbuka disana;Pantun Nasihat;Pantun Nasihat
6007;Semarak kenanga bila dipetik\nHarum semerbak si bunga sena\nRancangan elok skema cantik\nKenapa tak lancar bila dilaksana;Pantun Nasihat;Pantun Nasihat
6008;sembah diri untuk baginda raja\nsalam santun terhadap putri rama\nbelajar tak melulu ribut saja\nsimak perkataan guru seksama;Pantun Nasihat;Pantun Nasihat
6009;sembilu tajam tuk menyayat\ndaun kepala dibuat ketupat\njauhi segala maksiat\nilmu masuk dengan cepat;Pantun Nasihat;Pantun Agama
6010;sembilu yang tajam menyayat\ndaun kelapa dibuat ketupat\njauhilah segala maksiat\nilmu akan masuk dengan cepat;Pantun Nasihat;Pantun Agama
6011;semilir angin bagai alunan\nbambu kecil membuat anyaman\nbersihkan selalu lingkungan\nsupaya hidup semakin nyaman;Pantun Nasihat;Pantun Nasihat
6017;semua orang bergelang tangan\nsaya seorang bergelang kaki\nsemua orang berkata jangan\nsaya seorang mengikut hati;Pantun Nasihat;Pantun Nasihat
6019;semut kecil tidak lemah\nmasuk rumah kayunya belah\nbawa bekal dari rumah\nkurangi jajan di sekolah;Pantun Nasihat;Pantun Nasihat
6020;sen ke kiri beloklah ke kiri\njangan sampai tertabrak lari\nbersyukur masuk perguruan tinggi\nbanyak yang hanya bisa bermimpi;Pantun Nasihat;Pantun Nasihat
6021;senang main jungkat jungkit\nlarilari takut dicubit\nkalau memberi jangan mengungkit\nyang menerima merasa sakit;Pantun Nasihat;Pantun Nasihat
6023;senin selasa rabu kamis\njumat sabtu sampai minggu\neh ada gadis bermuka manis\ntapi ternyata itu hantu;Pantun Nasihat;Pantun Hiburan
6025;senja berwarna merah jingga\nhapuskan lelah di badan diri\nmanfaat ilmu tiada hingga\njangan siasiakan sejak dini;Pantun Nasihat;Pantun Nasihat
6028;senja hari memakan putu\nputu di makan bersama sagu\nmeskipun tak tahu kapan waktu\nrindu ini pasti berlalu;Pantun Nasihat;Pantun Nasihat
6032;senja yang indah di sore hari\ntampak eksotis memikat hati\nkaulah bidadari yang ku nanti\nmenemani ku sampai mati;Pantun Nasihat;Pantun Nasihat
6035;seorang anak membawa gitar\nia berlari karena dikejar\njika ingin menjadi pintar\nkamu harus rajin belajar;Pantun Nasihat;Pantun Nasihat
6036;seorang gadis membawa panah\nduduk sendiri di atas tanah\njangan pernah kamu menyerah\nmenyerah hanya untuk orang lemah;Pantun Nasihat;Pantun Nasihat
6038;seorang kawan membawa kabar\nlama tak jumpa membuat rindu\nrajinlah untuk tetap belajar\nkesuksesan akan menghampirimu;Pantun Nasihat;Pantun Nasihat
6040;seorang raja bersama pengawal\npergi berburu naik kuda\njika ingin tidak menyesal\njangan malas selagi muda;Pantun Nasihat;Pantun Nasihat
6043;sepatu cantik kulit rusa\nbeli sepasang untuk tetangga\nkalau berjuang jangan putus asa\nkalau jatuh bangkit sekuat tenaga;Pantun Nasihat;Pantun Nasihat
6045;sepeda kempes cepat dikompa\nnanti jatuh terkena batu\nada suara tak ada rupa\ntak terlihat seperti hantu;Pantun Nasihat;Pantun Kiasan
6046;sepeda motor beroda dua\nmelaju menuju pasar raya\nwanita terbaik di atas dunia\nialah ibu kita tercinta;Pantun Nasihat;Pantun Nasihat
6048;seperti langit berwarna biru\nyang warna nya sangat santun\nterima kasih ruang guru\nsekarang aku bisa membuat pantun;Pantun Nasihat;Pantun Nasihat
6049;seperti macan dari lisan\njangan sampai membuat luka\nmari hargai jasa pahlawan\nrela mati membela bangsa;Pantun Nasihat;Pantun Nasihat
6051;seram sekali bukit hantu\npergi sendiri membawa lampu\norang lain takkan membantu\njika malas jadi tabiatmu;Pantun Nasihat;Pantun Nasihat
6052;serapah disembur mengobati gatal\ntok bomoh membaca jampi\nsebelum tidur tepuk bantal\nmenyeru nama dalam mimpi;Pantun Nasihat;Pantun Nasihat
6054;Seri kenanga di anjung balai\nHarum bersemi menjelang senja\nJanji terlafaz jangan terlalai\nTerkulai nama hilanglah harga;Pantun Nasihat;Pantun Nasihat
6056;serigala suka makan garam\ndia makan pakai tiga moncong\nrumah kumuh sangat seram\nkarena ada banyak pocong;Pantun Nasihat;Pantun Nasihat
6058;Serunai tua berbunyi syahdu\nMengiringi tari di balai desa\nJika hidup ingin bersatu\nJaga persaudaraan sepanjang masa;Pantun Nasihat;Pantun Nasihat
6060;sesudah sungai kian meriak\nair pun ngalir hingga lautan\nsesudah dapat ilmu yang banyak\nlalu ajarkan juga amalkan;Pantun Nasihat;Pantun Nasihat
6061;setangkai bunga indah menyihir\nterhirup baunya hati tertawan\nandai kita sudah di takdir\nhidup bersama jadi impian;Pantun Nasihat;Pantun Nasihat
6062;setelah hujan ada pelangi\nketika cerah langitpun biru\ndi hari ulang tahunmu ini\ntunggu kado spesial dariku;Pantun Nasihat;Pantun Nasihat
6068;setelah selasa ada rabu\ntanggal merah saatnya liburan\ngiatlah belajar menuntut ilmu\nagar berhasil meraih impian;Pantun Nasihat;Pantun Nasihat
6070;setelah senja ada malam\nsebelum tidur cucilah kaki\nsukses tidak datang semalam\nbanyak proses yang harus dilalui;Pantun Nasihat;Pantun Nasihat
6071;setiap berkata gunakan otak\notak berpikir demi pengetahuan\nsamasama bibir bergerak\npilihlah kata yang menyenangkan;Pantun Nasihat;Pantun Nasihat
6073;setiap hari pergi sekolah\nletaknya di daerah manyar\nhutang itu tidak masalah\nasal jangan lupa dibayar;Pantun Nasihat;Pantun Nasihat
6079;si anak bermain dalam kubangan\nbersama sapi dan kambing domba\nenak sungguh gembala makan\ntiada diingat lumpur dimuka;Pantun Nasihat;Pantun Hiburan
6080;si belati pun bisa tumpul\nhingga tak kuat memotong semuanya\nnanti dapur pun takkan mengepul\nanak anak pun kosong perutnya;Pantun Nasihat;Pantun Nasihat
6082;si buaya mengejar kancil\nistana raja tak berpintu\nbelajar di waktu kecil\nbagai mengukir di atas batu;Pantun Nasihat;Pantun Nasihat
6083;Si dara bersimpuh menyulam tekat\nBuat teruna jadi bekalan\nJiran baik membawa berkat\nHidup bermuafakat jadi amalan;Pantun Nasihat;Pantun Nasihat
6085;si kancil lari mengejar\nmenabrak kain robek semua\ndari kecil tekun belajar\nkurang main tak berguna;Pantun Nasihat;Pantun Nasihat
6086;si kancil mencuri timun\ntimun hijau warna kulitnya\njangan sering kamu melamun\nnanti bisa jadi pelupa;Pantun Nasihat;Pantun Nasihat
6087;si mulut kerbau mau berkicau\nberkata dendam memegang bahu\nhatiku galau hatiku kacau\ncinta terpendam tiada yang tahu;Pantun Nasihat;Pantun Nasihat
6088;si penidur penuh khayalan\nmembuat rumah dari papan\nberkata jangan sembarangan\ntutur kata mestilah sopan;Pantun Nasihat;Pantun Nasihat
6089;siang boleh malampun jadi\npada ibu yang punya bayi\nberikan saja mereka asi\nsampai usia seratus hari;Pantun Nasihat;Pantun Nasihat
6090;siang hari berjalan kaki\njangan lupa memakai topi\nsemangat kerja setiap hari\nbercucur keringat setiap hari;Pantun Nasihat;Pantun Nasihat
6092;siang hari cari makan\npengennya makan gulai rendang\nselamat hari sabtu aku ucapkan\nwalaupun sekarang sudah siang;Pantun Nasihat;Pantun Sukacita
6093;siang hari cuaca panas\nenaknya minum nutrisari\njangan jadi orang pemalas\nbekerja keraslah wujudkan mimpi;Pantun Nasihat;Pantun Nasihat
6094;siang hari enaknya santai\ntidur siang lupakan dunia\njadilah siswa yang rajin dan pandai\ndemi masa depan bangsa dan negara;Pantun Nasihat;Pantun Nasihat
6097;siang hari menjemur pakaian\nuntuk dikenakan pergi ke pantai\nselanat selasa bagi sekalian\nkiranya tekat bisa tercapai;Pantun Nasihat;Pantun Nasihat
6099;siang hari pakai kameja\nuntuk pergi ke kondangan\nsemoga maafku diterima\naku tak ingin ada pertengkaran;Pantun Nasihat;Pantun Nasihat
6100;siang hari panen rambutan\nrambutan masukkan dalam kardus\natas semua salah dan kekhilafan\nkupinta maaf dengan tulus;Pantun Nasihat;Pantun Nasihat
6101;siang hari pergi ke hutan\nuntuk melihat putri malu\nkamu harus cepat makan\nbiar badan sehat selalu;Pantun Nasihat;Pantun Nasihat
6102;siang hari pulang sekolah\nsampai rumah mencuci sepatu\nnamanya manusia pastilah salah\nuntuk itu berilah aku maafmu;Pantun Nasihat;Pantun Nasihat
6103;siang malam ku kejar kandis\nasam kandis dibawa tokek\nsiang malam ku kejar si gadis\ngadis hilang dibawa si kakek;Pantun Nasihat;Pantun Nasihat
6104;siang malam menerima tamu\ntamu memberi cinderamata\ntekunlah dalam mencari ilmu\nniscaya sukses di depan mata;Pantun Nasihat;Pantun Nasihat
6105;siang minum air kelapa\ncampur dengan es dan gula\nmari bergabung bersama pramuka\nagar kuat jiwa dan raga kita;Pantun Nasihat;Pantun Nasihat
6110;siangsiang masak untuk menjamu\ntamu dijamu sepiring kue cucur\nbekal sekolah tak hanya ilmu\nbutuh ketekunan dan juga jujur;Pantun Nasihat;Pantun Nasihat
6113;siapa kokoh memegang adat\nkemana pergi hidup semenggah\nsiapa senonoh dalam ibadat\nhidup dan mati beroleh berkah;Pantun Nasihat;Pantun Agama
6116;siapa melangkah ke arah barat\nmungkin ia sudah tersesat\nsiapa yang mengumbar aurat\nberarti dia ahli maksiat;Pantun Nasihat;Pantun Agama
6117;siapa memakai adat lembaga\nke mana pergi disayangi orang\nsiapa pandai syariat agama\nhidup mati tidak terbuang;Pantun Nasihat;Pantun Agama
6119;siapa orang melukis batik\nkainnya bagus dari pekalongan\nsiapa yang bertanam budi baik\nkan dikenang sepanjang zaman;Pantun Nasihat;Pantun Nasihat
6120;siapa suka duduk mengaji\nbanyaklah ilmu dapat dikenang\nsiapa suka mengelokkan budi\nke hilir ke hulu disayangi orang;Pantun Nasihat;Pantun Nasihat
6124;siapa yang membeli sangkar\nsangkar burung anyaman tikar\nsiapa yang suka bertengkar\ndekat dia dengan yang mungkar;Pantun Nasihat;Pantun Nasihat
6125;siapa yang mengambil lontar\nhatinya keruh terasa gasal\nsiapa yang malas belajar\npasti kelak akan menyesal;Pantun Nasihat;Pantun Nasihat
6127;siapkan buku pensil dan pena\nsebelum berangkat menuju sekolah\nsemangat pagi rekan semua\nsemoga selasa menjadi berkah;Pantun Nasihat;Pantun Nasihat
6128;siapkan pena dan juga buku\nuntuk kita pergi belajar\nsetiap hari rajin membaca buku\npasti kau kan jadi anak pintar;Pantun Nasihat;Pantun Nasihat
6130;simpan baju dalam lemari\nsepatu letakkan di bawah meja\nkalau terusterusan begini\nhubungan tidak akan bertahan lama;Pantun Nasihat;Pantun Nasihat
6131;simpan benang di dalam peti\nbila perlu dipakai lagi\njangan malas di senin pagi\ningat mahar semakin tinggi;Pantun Nasihat;Pantun Nasihat
6132;simpan dompet dalam lemari\npergi ke pasar dompetnya dibawa\nsemoga sabarmu sepanjang hari\nmenjadi berkah ketika berbuka;Pantun Nasihat;Pantun Nasihat
6133;simpan jarum dalam peti\nbuang sudah pecahan kaca\napa jadinya negeri ini\nbila pemimpin cuma pandai bicara;Pantun Nasihat;Pantun Nasihat
6135;simpan kain di lemari kaca\nsambil bersisir dengan rapi\nkurangilah makan garam dan gula\nagar terhindar dari hipertensi;Pantun Nasihat;Pantun Nasihat
6136;simpan sepeda di dalam rumah\nbila telah tiba malam hari\nmeski usia terus bertambah\nkenangan kita akan abadi;Pantun Nasihat;Pantun Nasihat
6141;siput selalu datang terlambat\nkalah sama burung sriti\njika tidak mau berobat\napakah sudah siap mati;Pantun Nasihat;Pantun Nasihat
6145;Sirih hijau digulung rapi\nPinang dibelah di atas papan\nJika hidup ingin terpuji\nJangan lupa pada sopan;Pantun Nasihat;Pantun Nasihat
6147;Sirih kuning dalam tempayan\nAir jernih penuh isinya\nJika hidup ingin bertahan\nSabar hadapi ujiannya;Pantun Nasihat;Pantun Nasihat
6148;Sirih kuning dalam tempayan\nAir jernih penuh isinya\nJika hidup mahu berteman\nIkhlaskan hati dalam segalanya;Pantun Nasihat;Pantun Nasihat
6150;Sirih kuning gagang menguning\nMari tanam belukar sana\nSeri sirih naik ke kening\nSeri pinang naik ke muka;Pantun Nasihat;Pantun Nasihat
6151;Sirih merah di dalam puan\nPinang muda dibelah rata\nJika hendak disayang kawan\nBersikap jujur sepanjang masa;Pantun Nasihat;Pantun Nasihat
6153;Sirih sekapur dalam tempayan\nAir jernih penuh isinya\nJika hidup ingin berteman\nIkhlaskan hati dalam segalanya;Pantun Nasihat;Pantun Nasihat
6154;Sirih sekapur di dalam dulang\nPinang belah disusun rata\nJika ingin hidup gemilang\nJangan lupa restu orang tua;Pantun Nasihat;Pantun Nasihat
6155;Sirih sekapur di dalam puan\nPinang muda dibelah dua\nJika hendak dihormati kawan\nBersikap adil pada semua;Pantun Nasihat;Pantun Nasihat
6156;Siti Wan Kembang perintah Kelantan\nNama termasyhur zaman dahulu\nBaik-baik memilih intan\nTakut terkena kaca dan batu;Pantun Nasihat;Pantun Nasihat
6160;sofa empuk berwarna jingga\nbeli ayam dengan lalapan\nmasa muda harus bekerja\nagar bahagia dan berkecukupan;Pantun Nasihat;Pantun Sukacita
6162;sopir bendi namanya kusir\nditarik kuda merah warnanya\nistri cerewet jangan kau usir\ncium pipinya dengarkan saja;Pantun Nasihat;Pantun Kasih Sayang
6165;sore hari bermain bola\nbola disebut sekulit bundar\npembuluh darah harus dijaga\nagar darah mengalir dengan lancar;Pantun Nasihat;Pantun Nasihat
6167;sore hari main gundu\npulang ketika sudah senja\nselamat menua kawan kecilku\nditunggu royalnya yaa;Pantun Nasihat;Pantun Nasihat
6168;sore hari pergi ke sawah\ndi sawah bermain bola\njerih payah ortu terbayar sudah\nmelihat diri yang sudah wisuda;Pantun Nasihat;Pantun Nasihat
6170;sore hari pulang sekolah\nhujan di jalan pergi berteduh\njika khatib sedang berkhutbah\nsimaklah ia dan jangan bergaduh;Pantun Nasihat;Pantun Nasihat
6172;Sore-sore bermain wayang\nSambil main memakan biscuit\nBanyak uang abang disayang\nAbang pailit di semprit peluit;Pantun Nasihat;Pantun Nasihat
6173;soresore bermain gitar\nyang main wajahnya masih polos\nbagaimana mau jadi pintar\nkalau sekolah saja sering bolos;Pantun Nasihat;Pantun Nasihat
6174;soresore bikin semur jengkol\nditambah nasi untuk pelengkapnya\njanda muda yang bahenol\ntergilagila ku padanya;Pantun Nasihat;Pantun Nasihat
6175;soresore makan roti roma\nsambil duduk rumah belakang\nwalau ujian masih lama\nbisa belajar dari sekarang;Pantun Nasihat;Pantun Nasihat
6176;soresore pergi mengaji\ntempat ngaji di seberang sekolah\nperilaku harus terpuji\nagar hidup tak salah langkah;Pantun Nasihat;Pantun Nasihat
6177;sorong papan tarik papan\nbuah keranji dalam perahu\napa diharap masa hadapan\ndoa keluarga pohon restu;Pantun Nasihat;Pantun Nasihat
6179;suara biduan sangatlah merdu\ndia menyanyikan beberapa lagu\nbuatkan saja kopi pahit untukku\nmanis wajahmu hilangkan pahit itu;Pantun Nasihat;Pantun Nasihat
6180;suara burung indah berirama\nsuara anjing gonggong menggonggong\nsaling memberi saling menerima\nsaling bantu tolong menolong;Pantun Nasihat;Pantun Nasihat
6181;suara genderang keras ditabuh\nsuara bedug di malam sunyi\nkenapa orang pada menjauh\nnggak taunya aku lupa mandi;Pantun Nasihat;Pantun Nasihat
6183;suara lembah hanya lirih\nterdengar sayup di tengah hutan\nmari menyapu sampai bersih\nkuman hilang sehatlah badan;Pantun Nasihat;Pantun Nasihat
6186;suara petir bikin kaget\nbunyinya terdengar ketika senja\nayo kita mengejar target\nagar rezeki mengejar kita;Pantun Nasihat;Pantun Nasihat
6188;suasana jalan berubah\njalan banyak ranjau paku\nsejak apaapa dari rumah\ngalau mewabah dikeseharianku;Pantun Nasihat;Pantun Nasihat
6190;suatu negara perlu dijaga\nikrar dipegang sepanjang masa\nwalau di sempadan di mana juga\nhidup mengabdi pada negara;Pantun Nasihat;Pantun Nasihat
6192;subuh hari mencari nafkah\npergi ke pasar dengan becak\nyang bertemu pasti berpisah\nsalam terakhir hanya penjarak;Pantun Nasihat;Pantun Nasihat
6194;Subur tumbuhnya pohon kelapa\nBuahnya banyak bertali-tali\nTurutlah kata ibu dan bapa\nTakbur jangan sekali-kali;Pantun Nasihat;Pantun Nasihat
6195;sudah diberi usah meminta\nterimakasih di lubuk jiwa\ntekad bulat tuk citacita\nbertawakal jangan dilupa;Pantun Nasihat;Pantun Nasihat
6196;sudah kaya orangnya dermawan\nhati ikhlas tak suka sanjungan\nlingkungan sehat jadi dambaan\nbanyak pohon dan bungabungaan;Pantun Nasihat;Pantun Nasihat
6197;sudah lelah untuk mengejar\nbeli bubur untuk jadi bekal\ncapailah impian dengan belajar\nkarena belajar ilmu yang kekal;Pantun Nasihat;Pantun Nasihat
6201;sudah pasti bukan kangguru\nsebab bulunya berwarna merah\nmamaku tak cocok jadi guru\nsebab mengajarnya marahmarah;Pantun Nasihat;Pantun Nasihat
6203;sudah senja bersihin ceret\nceret diletak dekat santan\npulang kerja kulihat dompet\ndompet tergeletak ditengah jalan;Pantun Nasihat;Pantun Nasihat
6205;suka baju berwarna polos\nmeski polos murah harganya\nanak malas suka membolos\nnanti tau sendiri akibatnya;Pantun Nasihat;Pantun Hiburan
6206;suka makan sudah biasalah\nrajin memasak jangan bermanja\nmasih beruntung bisa sekolah\ncoba membaca sambil bekerja;Pantun Nasihat;Pantun Nasihat
6209;Sungai berliku ke muara sepi\nRiaknya halus memecah cahaya\nJika ilmu menyinari diri\nGelap jahil sirna selamanya;Pantun Nasihat;Pantun Nasihat
6210;sungai dalam ada buaya\nwan lebai banyak sarungnya\nrokok itu tidak berbahaya\nkalau tidak dinyalakan ujungnya;Pantun Nasihat;Pantun Nasihat
6211;sungai jernih airnya tenang\nuntuk mencuci pakaian adat\nlingkungan sekolah sangat rindang\ncocok untuk berteduh dan istirahat;Pantun Nasihat;Pantun Nasihat
6212;Sungai jernih mengalir tenang\nIkan kecil berenang bebas\nJika akal sentiasa terang\nTipu daya mudah terlepas;Pantun Nasihat;Pantun Nasihat
6219;sungguh beragam adat istiadat\nitulah tanda negeri yang hebat\nmeski hidup kan selalu berat\nsemua ringan bersama sahabat;Pantun Nasihat;Pantun Nasihat
6225;sungguh enak masakan kolak\napalagi jika ditambah kuah\nmakan berbuka sangat banyak\ndua piring nasi masih nambah;Pantun Nasihat;Pantun Nasihat
6226;sungguh harum bunga melati\ntumbuh subur di bukit tinggi\njika anak selalu berbakti\nbahagia ibu sepenuh hati;Pantun Nasihat;Pantun Nasihat
6227;sungguh indah bulan pernama\nterangi malam yang kelabu\npagi kamis telah tiba\ntak sabar menatap senyumanmu;Pantun Nasihat;Pantun Nasihat
6228;sungguh indah bulan purnama\nterlihat besar dan amat terang\njenjang pendidikan yang kedua\nitulah yang akan segera datang;Pantun Nasihat;Pantun Nasihat
6229;sungguh indah bulu kalkun\nbulu kalkun penuh warna\nbelajar dengan gigih dan tekun\nagar dapat ilmu yang berguna;Pantun Nasihat;Pantun Nasihat
6230;sungguh indah bunga dahlia\nditambah harum bunga cempaka\nke sekolah naik sepeda\nbersama teman aduhai nikmatnya;Pantun Nasihat;Pantun Nasihat
6231;sungguh indah bunga di taman\nada bunga kembang sepatu\nmari kita kembali berteman\naku minta maaf pada dirimu;Pantun Nasihat;Pantun Nasihat
6232;sungguh indah bunga di taman\nada mawar dan bunga kamboja\nkatanya teman mengaku teman\nkalau ada maunya saja;Pantun Nasihat;Pantun Hiburan
6235;sungguh indah bunga mawar\nharum semerbak di tepi taman\nsetelah bermain bersihkan kamar\njangan sampai berantakan;Pantun Nasihat;Pantun Nasihat
6236;sungguh indah bunga teratai\nada merah dan juga kuning\nsekalikali jalan ke pantai\nsiapa tau ngeliat yang bening;Pantun Nasihat;Pantun Nasihat
6237;sungguh indah dataran gambut\nangin menyusur di pinggir desa\nalhamdulillah kita menyebut\ntanda bersyukur kepada yang esa;Pantun Nasihat;Pantun Agama
6238;sungguh indah kerajinan rotan\ndibuat menarik oleh pengrajinnya\nmari kita menjaga hutan\njangan sampai kita merusaknya;Pantun Nasihat;Pantun Nasihat
6240;sungguh indah kota mekah\nbulan bergantung laksana belah\nayah berjuang mencari nafkah\nsiang malam tiada lelah;Pantun Nasihat;Pantun Nasihat
6242;sungguh indah kulit rusa\nlebih indah dari kancil\njangan pernah berputus asa\njika ingin hidupnya berhasil;Pantun Nasihat;Pantun Nasihat
6244;sungguh indah pekanbaru\nbermain dayung dari hulu\nberpetualang ke tempat baru\nsemuanya sungguh terasa seru;Pantun Nasihat;Pantun Nasihat
6245;sungguh indah pematang sawah\nmenjadi ikon pemandangan desa\nmari berangkat ke sekolah\nbersama teman di hari selasa;Pantun Nasihat;Pantun Nasihat
6250;sungguh indah si pulau bali\ndisebut orang pulau dewata\nkalau pandangan tak lagi jeli\nsudah saatnya berkacamata;Pantun Nasihat;Pantun Nasihat
6251;Sungguh indah syair setanggi\nMenyusun kata bagai hiasan\nIlmu itu mesti tinggi\nJangan dunia sebagai batasan;Pantun Nasihat;Pantun Nasihat
6252;sungguh indah tarian saman\ndisaksikan oleh banyak umat\ndi sekolah dapat teman\nsetelah lulus tetap teringat;Pantun Nasihat;Pantun Nasihat
6254;sungguh kaya wahai sang raja\nraja punya banyak permata\nbarang siapa tekun bekerja\nsukses ada di depan mata;Pantun Nasihat;Pantun Nasihat
6255;sungguh keras kepala regu\nsuaranya lantang dan tegas\nkaulah penyemangat rutinitasku\nmeski senin pagi banyak tugas;Pantun Nasihat;Pantun Nasihat
6256;sungguh kokoh batu karang\nletaknya di samping samudra\ndari dulu sampai sekarang\nkejujuran adalah hal utama;Pantun Nasihat;Pantun Nasihat
6257;sungguh lezat makan tajin\nsambil memotong kayu jati\ncarilah teman yang rajin\nteman malas jangan didekati;Pantun Nasihat;Pantun Nasihat
6258;sungguh licin si daun talas\nbentuknya fisiknya lunak\nsaya berdiri di depan kelas\nuntuk memperkenalkan diri sejenak;Pantun Nasihat;Pantun Nasihat
6260;sungguh mahal ikan betutu\nsangat sedap bila diramu\npendidikan akhlak nomor satu\nbelajar adab kewajibanmu;Pantun Nasihat;Pantun Nasihat
6261;sungguh manis buah durian\ndimakan kala tengah hari\nhappy wednesday untukmu teman\nmari bersama membuka hari;Pantun Nasihat;Pantun Nasihat
6262;sungguh manis buah manggis\napalagi dicampur dengan madu\nwahai sayang janganlah menangis\naku minta maaf telah menyinggungmu;Pantun Nasihat;Pantun Dukacita
6263;sungguh manis buah manggis\nlebih manis dari buah semangka\nselamat menikmati hari kamis\nuntuk kawankawan semuanya;Pantun Nasihat;Pantun Sukacita
6264;sungguh manis buah rambutan\nenak dimakan perlahan lahan\nbila ada sebuah pertemuan\npasti akan ada perpisahan;Pantun Nasihat;Pantun Nasihat
6271;sungguh manis rasanya gula\nmembuat kopi di akhir pekan\nsetiap hari dilewati bersama\ndalam menimba ilmu pengetahuan;Pantun Nasihat;Pantun Nasihat
6275;sungguh pahit buah maja\nsungguh wangi bunga kamboja\nyang rajin giat bekerja\nyang malas update status aja;Pantun Nasihat;Pantun Nasihat
6277;sungguh panas cahaya mentari\nhingga bungaku menjadi layu\nsuka keluar malam hari\nkalau siang malah tidur apa itu;Pantun Nasihat;Pantun Hiburan
6278;sungguh pedas rasanya lada\napalagi ditambah dengan merica\nalam sekitar kotor tak terjaga\nhidup terancam banyak bahaya;Pantun Nasihat;Pantun Nasihat
6279;sungguh putih bunga melati\nbunga cempaka berwarna biru\nmeski sulit bersatu kembali\nsetidaknya aku pernah dicintaimu;Pantun Nasihat;Pantun Nasihat
6280;sungguh ramai hari raya\npulang kampung ke pulau jawa\nbukan karena harta dunia\nkemuliaan karena takwa;Pantun Nasihat;Pantun Agama
6284;sungguh tega membuka aib\nmembuat orang menjadi marah\njangan putus asa dengan nasib\nkarena nasib bisa diubah;Pantun Nasihat;Pantun Nasihat
6287;sungguh tinggi gunung semeru\nmendaki siang hari yang panas\nsaling belajar menjadi berilmu\nterjalani dengan teman sekelas;Pantun Nasihat;Pantun Nasihat
6289;sungguh tinggi si pohon pinang\ntempat bersarang burung pelikan\naku memang hendak meminang\nsekarang mas kawin sedang kupikirkan;Pantun Nasihat;Pantun Nasihat
6291;supaya enak roti dibakar\nserta diberi selai yang banyak\nmurid dididik supaya pintar\npintar di otak baik di akhlak;Pantun Nasihat;Pantun Nasihat
6293;surat ditulis dalam gelap\nsalah huruf banyak tak kena\njagalah diri jangan silap\njika silap dapat bencana;Pantun Nasihat;Pantun Nasihat
6294;Surat kulayangkan untuk berkata\nPenyampai hasrat kata di hati\nKalau sungguh kasihanku nyata\nJangan dibuang sampai ke mati;Pantun Nasihat;Pantun Nasihat
6295;Suruh pergi ke kota kerinci\nBeli tiket banyak yang antre\nSungguh tidak mengherankan lagi\nMelihat banyak cewek matre;Pantun Nasihat;Pantun Hiburan
6296;surya redup senja memerah\nmalam tiba gelaplah sudah\ntidak cukup belajar di sekolah\nbelajar pula nanti di rumah;Pantun Nasihat;Pantun Nasihat
6299;surya terbit di kala pagi\nindah langit sangat berseni\nsiapa ilmunya semakin tinggi\npaham jalan di dunia ini;Pantun Nasihat;Pantun Nasihat
6301;susah sangat hidup melarat\nsungguhjauh dari rejeki\nmakanlah makanan sumber karbohidrat\nsetengah dari kebutuhan energi;Pantun Nasihat;Pantun Nasihat
6303;Susun cantik songket bertekat\nSutera cina indah berjahit\nAndai jujur membina muafakat\nMengapa kelingking masih berkait;Pantun Nasihat;Pantun Nasihat
6304;Susun sejadah ikut kiblatnya\nSejadah imam tunggal di depan\nSambutan meriah apa gunanya\nTanpa matlamat terisi sasaran;Pantun Nasihat;Pantun Sukacita
6305;syahadat itu yang pertama\nmesti diresap sejiwa raga\njujur itu landasan agama\nteguh dipegang sekuat tenaga;Pantun Nasihat;Pantun Nasihat
6306;syair indah tersebab rima\ndirenungi oleh para petapa\nilmu agama adalah utama\nilmu dunia tak boleh dilupa;Pantun Nasihat;Pantun Nasihat
6307;tabur bihun tepi perigi\nterbang merpati lalu melabuh\nbulan dan tahun berlalu pergi\ngenggamlah sejati terus berteguh;Pantun Nasihat;Pantun Nasihat
6308;tadi sendal jepitnya hilang\nsaat tetangga pinjam buku\njangan mudah percaya kata orang\nbila mencintaiku percayalah aku;Pantun Nasihat;Pantun Nasihat
6309;tahanlah pondok dengan kayu\nuntuk tempat makan berdua\njangan pada bubar dahulu\nmari kita berdoa bersama;Pantun Nasihat;Pantun Agama
6310;tahi lalat di dekat pipi\nsarapan pagi makan lontong\nkenakan baju dengan rapi\nrambut panjang mesti dipotong;Pantun Nasihat;Pantun Nasihat
6311;tahukah kamu buah kemumu\njenis mangga untuk jamu\ngiat belajar menuntut ilmu\nbelajar di sekolah tak pernah jemu;Pantun Nasihat;Pantun Nasihat
6312;tak ada kayu jadinya rotan\ntak ada nasi adanya ketan\nhormati guru sayangi teman\nitu namanya murid budiman;Pantun Nasihat;Pantun Nasihat
6316;tak tampak lagi kemewahan rumahku\nhancurnya turut lukai sanubari\nluhur budi dalam berlaku\nsaling menghargai adalah kunci;Pantun Nasihat;Pantun Nasihat
6317;talas jenis umbi jalar\ntalas suka dimakan tupai\nbila kita giat belajar\ncitacita akan tercapai;Pantun Nasihat;Pantun Nasihat
6318;tali putus cobalah sambung\nbapak hansip bawa pentung\ntang ting tung yok kita nabung\ntang ting tung eh jangan dihitung;Pantun Nasihat;Pantun Nasihat
6319;Tali sauh diikat kemas\nKapal besar di pelabuhan\nJika hidup mahu bernas\nGunakan akal dalam keputusan;Pantun Nasihat;Pantun Nasihat
6320;tali temali dari kawat\napi unggun membuat hangat\nkalau badan kita kuat\npasti belajar makin semangat;Pantun Nasihat;Pantun Nasihat
6321;taman bukan sembarang taman\ntaman indah suasana aman\nteman bukan sembarang teman\nteman hidup sepanjang zaman;Pantun Nasihat;Pantun Nasihat
6324;tampak kembang sedang mekar\nkekasih datang pulang berlayar\ngak perlu ngomong panjang lebar\ntagih hutang langsung dibayar;Pantun Nasihat;Pantun Nasihat
6325;tamu datang hendak disambut\njarum patah dalam kotak\nberkatalah dengan lembut\njangan sampai lidah membentak;Pantun Nasihat;Pantun Nasihat
6327;Tanah gembur harus ditandur\nBila ditanam amatlah subur\nWaktu subuh jangan tertidur\nDi sana berkah banyak ditabur;Pantun Nasihat;Pantun Nasihat
6328;Tanah ini sangatlah subur\nCangkul sedikit terasa gembur\nJauhkan diri dari takabur\nIri dengki mesti dikubur;Pantun Nasihat;Pantun Nasihat
6329;tanah kering tanah belah\ntempat tumbuh pohon talas\nbersemangat pergi ke sekolah\nbelajar rajin jangan malas;Pantun Nasihat;Pantun Nasihat
6331;tanah merah dibuat bata\nbata bagus mahal di harga\njangan suka mengejar harta\ndengan harta kejarlah sorga;Pantun Nasihat;Pantun Nasihat
6333;tanah rawa tumbuh tomat\ndijual ke pasar satu ikat\nmeski tua tetap dihormat\nbila ilmu telah melekat;Pantun Nasihat;Pantun Nasihat
6335;tanah tandus penuh batu\ntanah subur selalu gembur\njika orang banyak berilmu\nsehat makmur sepanjang umur;Pantun Nasihat;Pantun Nasihat
6336;tanah tandus tiada berpohon\nkering kerontang tiada berair\ningin berbuat banyaklah memohon\nilmu yg baik mudah berpikir;Pantun Nasihat;Pantun Nasihat
6337;tanam benih benalu ditebas\npisau tajam dipakai tuan\ntetap rajin dan tak malas\ndalam menjaga kemerdekaan;Pantun Nasihat;Pantun Nasihat
6338;tanam bunga kembang selasih\nbadan letih enak makannnya\npilihlah makanan yang bersih\nmakanan kotor banyak kumannya;Pantun Nasihat;Pantun Nasihat
6340;tanam keladi tanam talas\nbawah matahari cahaya panas\njaga diri dari malas\nniscaya punya banyak emas;Pantun Nasihat;Pantun Nasihat
6343;tanam padi di tanah rawa\ntumbuh subur tiada hama\ndemikian kumpulan pantun tua\nmoga menjadi nasehat tuk bersama;Pantun Nasihat;Pantun Nasihat
6344;tanam padi di tengah sawah\nsawah subur hasil melimpah\npagi hari ke sekolah\nsore hari ke madrasah;Pantun Nasihat;Pantun Nasihat
6345;tanam padi di tengah sawah\nsawah subur selalu basah\npagi hari pergi sekolah\nsore hari ke madrasah;Pantun Nasihat;Pantun Nasihat
6346;tanam padi tanam bawang\ngadis manis tinggi semampai\nwahai pemuda giatlah berjuang\ncitacita harus digapai;Pantun Nasihat;Pantun Nasihat
6349;tanam pete dipinggir kali\npetenya lari tidak tahu diri\njangan miscall saja jika berani\ntelpon saya kalau punya nyali;Pantun Nasihat;Pantun Nasihat
6350;tanam pinang dengan rapat\nagar puyuh terhambat lalu\nuntukmu guru yang terhormat\nsemoga engkau sehat selalu;Pantun Nasihat;Pantun Kasih Sayang
6351;tanam pula di tepi paya\nmudah pula mengail ikan\nmembesarkan kita hingga berjaya\ndengan ilmu terus diamalkan;Pantun Nasihat;Pantun Nasihat
6352;tanam satu mawar merah\nbunga melati tumbuh dua\njadi anak jangan suka marah\nsuka marah cepat tua;Pantun Nasihat;Pantun Nasihat
6354;tanam ubi di halaman rumah\nbunga melati daunnya merah\njangan benci jangan marah\nkarena benci jadi masalah;Pantun Nasihat;Pantun Nasihat
6356;tanaman di gunung amat subur\nada bayam dan juga jeruk\nkamis bukan untuk berlibur\nkarena utang sudah menumpuk;Pantun Nasihat;Pantun Nasihat
6357;tanaman di gunung biru\ndi ladang itu kita bertemu\nmari hormat kepada guru\nguru laksana jembatan ilmu;Pantun Nasihat;Pantun Kiasan
6360;tanding bola hasil seri\ntak ada kesempatan lawan menyerang\nbersihkan rumah setiap hari\npasti kuman tiada bersarang;Pantun Nasihat;Pantun Nasihat
6361;tanduk indah kepala rusa\nsangat indah di hutan rimba\nhari libur mari bertamasya\njalanjalan ke tempat wisata;Pantun Nasihat;Pantun Sukacita
6362;tangan kanan tangan kiri\nkeduanya memegang kartu\nbintang hanya bersinar malam hari\nsahabat bersinar setiap waktu;Pantun Nasihat;Pantun Nasihat
6366;Tangkai kina berjajar lima\nKolam kecil tempat aglonema\nWalaupun kita berbeda agama\nSaling menghormati lebih Utama;Pantun Nasihat;Pantun Nasihat
6367;Tangkap ikan berumpan cacing\nMenjadi tradisi zaman berzaman\nTolong menolong agenda penting\nMengapa ia sukar diamalkan;Pantun Nasihat;Pantun Nasihat
6368;tangkap ikan dengan tuba\nikan lele tajam siripnya\nketika selasa pagi telah tiba\nwajahmu selalu terbayang di mata;Pantun Nasihat;Pantun Nasihat
6369;tangkap seorang pencuri\nmendobrak pintu belakang\nlebih baik aku sendiri\ndaripada merebut suami orang;Pantun Nasihat;Pantun Kasih Sayang
6370;Tanjung katung airnya jernih\nTempat nelayan menebar jala\nJika hati mahu bersih\nJauhi dusta dan cela;Pantun Nasihat;Pantun Nasihat
6373;tanjung pinang tanjung balam\nanak belanda matanya terang\njauh terkenang masa silam\nmengenang bunda yang tersayang;Pantun Nasihat;Pantun Nasihat
6374;tanjung sauh di pulau bintan\ntempat berlabuh orang penyengat\nberpisah jauh bercerai badan\nsahabat handai tetap kuingat;Pantun Nasihat;Pantun Nasihat
6378;tari sumatra tari saman\nbelajar tekun selalu tegar\ntanam bunga membuat taman\nlingkungan asri udara segar;Pantun Nasihat;Pantun Nasihat
6379;tari yapong tarian santai\ngerak indah lagi semangat\nwahai kawan janganlah lalai\nmari belajar dengan giat;Pantun Nasihat;Pantun Nasihat
6380;tarian payung berputarputar\nmenumbuk padi dengan alu\nkalau kita mau jadi pintar\nbelajarlah selalu dengan guru;Pantun Nasihat;Pantun Nasihat
6382;Tasik Beri belum dicemari\nMengail toman waktu senja\nTonggak dahulu kuat diberi\nMengapa bangsaku masih bermaja;Pantun Nasihat;Pantun Nasihat
6385;tebang kayu jadikan papan\nkayunya dari batang durian\nwahai sodarasodara seiman\njangan lupa kita jumatan;Pantun Nasihat;Pantun Nasihat
6386;tebing tinggi bentuknya curam\njika lewat pakailah sepatu\nmagrib tiba menjelang malam\nsemoga kawan sehat selalu;Pantun Nasihat;Pantun Nasihat
6388;Tebu manis di pinggir sawah\nDipetik orang waktu petang\nJika hidup jauh dari salah\nTimbang kata sebelum bertandang;Pantun Nasihat;Pantun Nasihat
6390;Tegak rumah kerana sendi\nRuntuh sendi rumah binasa\nTegak bangsa kerana budi\nRuntuh budi hilanglah bangsa;Pantun Nasihat;Pantun Nasihat
6391;Tegak tegak cocokkan parang\nPasang bendera bunyikan tabuh\nAgak agak mengatai orang\nBiar cidera tidak tumbuh;Pantun Nasihat;Pantun Nasihat
6392;teguh kuat si kayu jati\ndipakai untuk membuat kursi\natas semua yang kita lalui\nakan kujaga perkawanan ini;Pantun Nasihat;Pantun Nasihat
6394;teh wangi dari bunga melati\ndiolahnya dengan cara alami\njangan suka menyakiti hati\nhormatilah teman sejati;Pantun Nasihat;Pantun Nasihat
6395;tekukur memanggil kancil\nlihat jerapah jalan kesasar\nbersyukur untuk hal kecil\nniscaya ditambah dengan yang besar;Pantun Nasihat;Pantun Nasihat
6398;telor dadar enak rasanya\nbeli satu diberi lima\ntekun belajar di waktu muda\nsaat dewasa menjadi ulama;Pantun Nasihat;Pantun Nasihat
6399;teman dekat namanya sahabat\nsahabat bernama angga\nmasih mudah masih sehat\ntak ada salahnya berolahraga;Pantun Nasihat;Pantun Nasihat
6400;teman saya namanya budi\nanaknya rajin dan juga pandai\njika kamu ramah berbudi\napa buah yang tidak punya tangkai;Pantun Nasihat;Pantun Nasihat
6402;tembok cina berukuran besar\nletaknya jauh dari mekah\nhadapi cobaan dengan sabar\nniscaya hidup bertambah berkah;Pantun Nasihat;Pantun Nasihat
6403;tempat duduknya sangat tinggi\nnamun ia bernasib malang\nsaat malam ia berseri\nbila siang ia menghilang;Pantun Nasihat;Pantun Nasihat
6404;tempat parkir pasang tarif\nkendaraan dijaga jadi aman\npemuda itu harus produktif\ntidak boleh bermalasmalasan;Pantun Nasihat;Pantun Nasihat
6405;temuilah para tamu\nsebelum membeli kopi\nbolehkah aku memilikimu\nwalaupun itu hanya di dalam mimpi;Pantun Nasihat;Pantun Nasihat
6407;tenda roboh cepat di sangga\ninilah contoh pekerjaan lelaki\nsabarlah kalian berumah tangga\nagar kelak lancar rejeki;Pantun Nasihat;Pantun Kasih Sayang
6409;tengah hari bekerja di sawah\npara petani mandi keringat\nmeski raga kita berpisah\nhati kita kan selalu mengingat;Pantun Nasihat;Pantun Kasih Sayang
6410;tengah laut ada kapal feri\nkecil tampaknya si sampan nelayan\njangan suka kamu menuli\nnanti jadi tuli beneran;Pantun Nasihat;Pantun Nasihat
6411;tengah malam jalanan sunyi\nsiang hari awan kelabu\nkukira bedug yang berbunyi\nternyata ibu memukul es batu;Pantun Nasihat;Pantun Nasihat
6412;tengah malam mata melek\ntidak bisa tidur di kasur\nmalam minggu menjadi pendek\nkarena habis isya langsung tidur;Pantun Nasihat;Pantun Hiburan
6413;Tengah malam mendapat berita\nBerita duka dari Australia\nBiarlah badan terlihat nista\nAsalkan akhlak selalu mulia;Pantun Nasihat;Pantun Nasihat
6414;tengah malam sangatlah kelam\njangan lupa nyalakan lilinnya\ntak perlu bersedih terlalu dalam\nini langkah awal kesuksesan kita;Pantun Nasihat;Pantun Nasihat
6416;tengahari pergi mengail\ndapat seekor ikan tenggiri\njangan amalkan sikap bakhil\nakan merosak diri sendiri;Pantun Nasihat;Pantun Nasihat
6419;tepi pantai bermain pasir\nkota jepara kota ukir\nsudah lama diriku naksir\nnamun dia kelamaan mikir;Pantun Nasihat;Pantun Kasih Sayang
6420;Tepi Pantai duduk bersandar\nMemandang ombak tak kunjung reda\nNgaku tenang tapi suka gusar\nLihat hal kecil langsung sirna;Pantun Nasihat;Pantun Hiburan
6421;tepung gula jadi adonan\ntimun cabai dibuat acar\nmari tanam pepohonan\nkondisi teduh udarapun segar;Pantun Nasihat;Pantun Nasihat
6423;tepung terigu jadi adonan\ncampurkan dengan sekeping mentega\nselamat dan sukses untuk kalian\nlulus sltp masuk slta;Pantun Nasihat;Pantun Sukacita
6424;tepung terigu jadikan adonan\nuntuk dibawa ke raja ampat\ndari kecil kita berteman\nmeski berpisah tetaplah bersahabat;Pantun Nasihat;Pantun Nasihat
6425;tepung terigu tepung kanji\nkanji jangan jadikan kompos\njadilah anak yang terpuji\nhidup hemat jangan boros;Pantun Nasihat;Pantun Nasihat
6429;terangnya bulan sangat jelas\npagi hari ketutup kabut\nbila sudah masuk kelas\nselalu tenang jangan ribut;Pantun Nasihat;Pantun Nasihat
6430;terasa gatal langsung digaruk\nsetelah digaruk gatal berkurang\nsaat insan sedang terpuruk\njangan menyerah tetap berjuang;Pantun Nasihat;Pantun Nasihat
6432;terbang bangau ke seberang\nmati ditembak oleh belanda\nduduk termangu seorangorang\nduduk terkenang akan adinda;Pantun Nasihat;Pantun Nasihat
6435;terbang di awan burung jatayu\nkerana penat gugur ke bumi\ntampillah tuan kami merayu\nbersama amanat bekalan kami;Pantun Nasihat;Pantun Nasihat
6437;terbang rendah si burung angsa\nyang terbang tinggi elang namamya\nselamat melepas tahun yang lama\nbuat sahabat yang jauh disana;Pantun Nasihat;Pantun Nasihat
6438;terbang rendah si kupukupu\nhinggap diam di bunga melati\nguru adalah pelita ilmu\nmengajar dengan seikhlas hari;Pantun Nasihat;Pantun Nasihat
6439;terbang tinggi burung camar\nturun ke laut mengambil ikan\nsetelah bermain bersihkan kamar\njangan sampai berantakan;Pantun Nasihat;Pantun Nasihat
6440;Terbang tinggi burung merpati\nHinggap sebentar di pohon kelapa\nHidup di dunia buatlah bakti\nKepada ibu dan juga bapa;Pantun Nasihat;Pantun Nasihat
6441;terbang tinggi burung nuri\nhendak menuju negeri peri\nizinkan aku menjadi bidadari\nmendampingimu sepanjang hari;Pantun Nasihat;Pantun Nasihat
6442;terbang tinggi hewan lalat\nsayap berkepak sangat cepat\nbagaimana ilmu bermanfaat\nbila kepada guru tidak menghormat;Pantun Nasihat;Pantun Nasihat
6443;terbang tinggi si burung elang\nhinggap di atas pohon meranti\nanak ramai ibunya seorang\nbila bergesel berapirapi;Pantun Nasihat;Pantun Nasihat
6444;Terbang tinggi si rama-rama\nSayap tersangkut pada dahan\nKebersihan diri amalan utama\nMengapa perlu menjaga kebersihan;Pantun Nasihat;Pantun Nasihat
6445;terbanglah aku siapa ikut\ndi bawah yang terlihat cuma laut\njangan berduka berlarutlarut\nprestasi tetap tak boleh surut;Pantun Nasihat;Pantun Nasihat
6448;terendak bentan lalu dibeli\nuntuk pakaian saya turun ke sawah\nkalaulah tuan bijak bestari\napa binatang kepala di bawah;Pantun Nasihat;Pantun Hiburan
6453;terkena air pasti basah\nhilangkan semua daki kerak\napa gunanya hanya sekolah\nijazah didapat ilmu pun tidak;Pantun Nasihat;Pantun Nasihat
6454;terkena asap matapun pedih\napalagi dari gas beracun\njangan nangis dan jangan sedih\nnih tak kasih hadiah ulang tahun;Pantun Nasihat;Pantun Dukacita
6455;terkena hujan pakaian basah\nair hujan mengalir ke hulu\njika kamu tak ingin salah\nikutilah petunjuk guru;Pantun Nasihat;Pantun Nasihat
6457;terkena pisau kaki berdarah\nobatlah ia dengan segera\nmemimpikan harapan begitu megah\nberharap mimpi menjadi nyata;Pantun Nasihat;Pantun Nasihat
6458;terkena pisau kakipun luka\nbalutlah ia dengan kain\njangan ngaku anak pramuka\nkalau tak peduli orang lain;Pantun Nasihat;Pantun Nasihat
6462;terlihat kilau keemasan\nternyata nenek unjuk gigi\ningin ke pantai untuk liburan\nmelihat hiu pakai bikini;Pantun Nasihat;Pantun Sukacita
6463;terlihat nampak pemuda sakti\ndia mulai membelah batu\njadilah anak yang berbakti\njangan sampai melupakan ortu;Pantun Nasihat;Pantun Nasihat
6465;teropong senapan untuk membidik\ntekan pelatuk dengan jari\nsekolah menjadi tempat terbaik\nmenuntut ilmu wujudkan mimpi;Pantun Nasihat;Pantun Nasihat
6466;tersandung kaki berair mata\nratap lapar terasa perih\nberhubungan ini akhir derita\ntetap tegar tiada bersedih;Pantun Nasihat;Pantun Dukacita
6467;tertawa bisa mengusir nestapa\nselesaikah masalah yang pelik\njika kalian sanggup menerka\nhewan apa yang tidurnya terbalik;Pantun Nasihat;Pantun Hiburan
6468;tertiup angin daunpun gugur\nsudah menguning habislah umur\npenuhi pagi dengan bersyukur\nagar hidup semakin makmur;Pantun Nasihat;Pantun Nasihat
6469;tetak buluh kajang sepuluh\nlaksana titing kias ibarat\nangkat tangan jari sepuluh\ndoa di pohon biar selamat;Pantun Nasihat;Pantun Nasihat
6471;Tetangga baru jatuh tersungkur\nKarena rumputnya tidak dicukur\nJika kamu pandai bersyukur\nNikmat bertambah tiada terukur;Pantun Nasihat;Pantun Nasihat
6472;Tetangga baru Namanya Rahmat\nPunya istri Namanya Cua\nKakek cerita terlalu semangat\nGigi palsunya copot semua;Pantun Nasihat;Pantun Hiburan
6473;tiang listrik berdiri tegak\nditengah hari tiangnya panas\nberpegang teguh pada yang hak\nlakukan rutinitas dengan ikhlas;Pantun Nasihat;Pantun Nasihat
6476;tiang terbuat dari baja\nberdiri kokoh di dekat batu\nhari raya telah tiba\nkita akan segera bertemu;Pantun Nasihat;Pantun Nasihat
6479;tiap lewat penjual jamu\ncoba lihat gerakgerik kakakmu\naku tak butuh janji manismu\naku hanya butuh keseriusamu;Pantun Nasihat;Pantun Kasih Sayang
6480;tiap minggu potong kuku\nagar terlihat bersih kukuku\njangan jarang membaca buku\njendela dunia itu buku;Pantun Nasihat;Pantun Nasihat
6483;tiap pagi pergi ke sawah\nmencari rezeki untuk keluarga\nterkenal sebagai raja buah\ndurinya tajam tidak terkira;Pantun Nasihat;Pantun Nasihat
6484;tiap pengen membeli buku\ndia menunggu ada gerhana\npertemukanlah aku dengan jodohku\nbiar hidupku ini kian sempurna;Pantun Nasihat;Pantun Nasihat
6486;tidak baik menadah tangan\nselalu mengemis dipinggir jalan\napa garagara malasnya si insan\ntidak malu yang dia kerjakan;Pantun Nasihat;Pantun Nasihat
6487;tidur di kamar pakai kelambu\njangan lupa matikan lampu\nbapak guru dan ibu guru\nterima kasih atas semua ilmu;Pantun Nasihat;Pantun Nasihat
6488;tidur malam pakai kelambu\nbangun pagi langsung belajar\nbangunlah pagi di hari sabtu\nada banyak mimpi yang harus dikejar;Pantun Nasihat;Pantun Nasihat
6489;tidur malam sering bermimpi\nmimpi burung buanglah ludah\njika ingin mencari rezeki\nniatkan untuk beribadah;Pantun Nasihat;Pantun Agama
6491;tidur siang di atas dipan\nmata terpejam karena lelah\npeganglah tiket masa depan\ntiketmu berada di sekolah;Pantun Nasihat;Pantun Nasihat
6493;Tikar pandan dianyam kemas\nDigelar rapi di balai desa\nJika hidup ingin bernas\nGunakan akal sebelum bicara;Pantun Nasihat;Pantun Nasihat
6496;tikus mati memakan racun\nracun dimakan bersama jamur\nbelajarlah terus dengan tekun\ntetap semangat pantang mundur;Pantun Nasihat;Pantun Nasihat
6497;tim sepakbola beradu sengit\npenonton bersorak tiada malu\ngapailah mimpi setinggi langit\nayah ibu mendukungselalu;Pantun Nasihat;Pantun Kiasan
6498;tim sepakbola sangat kompak\nraih kemenangan dengan meriah\nsiapa yang bikin kolak\ntolong dong kirim ke rumah;Pantun Nasihat;Pantun Nasihat
6501;tinggi badan amat semampai\npetani pergi mengambil talas\nrajin belajar pangkal pandai\nsemangat terus jangan malas;Pantun Nasihat;Pantun Nasihat
6504;tinggi duduk di atas sekali\nbukan bulan bukan matahari\nbila malam ia berseri\nbila siang ia berganti;Pantun Nasihat;Pantun Nasihat
6505;tinggi gunung puncak muria\nlewat lembah hijaunya sama\njadilah lelaki yang mulia\nberakhlak serta punya agama;Pantun Nasihat;Pantun Nasihat
6507;tinggi rumput yang di babat\nmeski rusak di pagi hari\nselamat jalan sahabat dekat\ningatlah selalu kami di sini;Pantun Nasihat;Pantun Kasih Sayang
6511;tinta hitam untuk menulis\npensil warna untuk luis\nilmu itu tak kan pernah habis\nturun temurun keahli waris;Pantun Nasihat;Pantun Nasihat
6513;tiup seruling anak gembala\nberjalan pelan buntut bergoyang\ningat pulang hari sudah senja\ntakut ibu hatinya bimbang;Pantun Nasihat;Pantun Nasihat
6515;tolong hentikan berselisih\nhanya karena sikat gigi\nuntuk apa harus bersedih\nbila ia udah tak cinta lagi;Pantun Nasihat;Pantun Kasih Sayang
6516;tolonglah orang tanpa pamrih\nitulah kebijakan yang nyata\nberbaju lorengloreng hitam putih\npunya empat kaki mirip kuda;Pantun Nasihat;Pantun Hiburan
6517;tong kosong nyaring bunyinya\npertanda banyak omong tak ada isi\njangan hanya lihat indah suaranya\ntapi pandaikan ia mengaji;Pantun Nasihat;Pantun Kiasan
6518;tong sampah baunya tak sedap\njangan buang ke dalam kali\nkalianlah penerang dalam gelap\nkala kami mencari jati diri;Pantun Nasihat;Pantun Nasihat
6520;Tuah gusar membunuh jebat\nNamun terpaksa demi tauladan\nNafsu besar selera hebat\nBagaimana mengawal berat badan;Pantun Nasihat;Pantun Nasihat
6521;Tuailah padi antara masak\nEsok jangan layu-layuan\nIntailah kami antara nampak\nEsok jangan rindu-rinduan;Pantun Nasihat;Pantun Nasihat
6522;tuan mahmud bermain tombak\ndang kasuma menangkap tupai\nkalau takut disambung ombak\njangan berumah di tepi pantai;Pantun Nasihat;Pantun Kiasan
6523;tuan puteri belajar menari\ntari diajar oleh pak harun\nkalau tuan bijak bestari\napa yang naik tak pernah turun;Pantun Nasihat;Pantun Hiburan
6525;tuatua di pohon keladi\nada katak dalam tempurung\nhari raya sebentar lagi\nsaatnya pulang menuju kampung;Pantun Nasihat;Pantun Nasihat
6528;tubuh tegap sehat perkasa\ngigi putih tidak berongga\ndekat diri kepada yang esa\nagar sakinah mawadah rumah tangga;Pantun Nasihat;Pantun Nasihat
6529;tugal padi jangan bertangguh\nkunyit kebun siapa galinya\nkalau tuan cerdik sungguh\nlangit tergantung mana talinya;Pantun Nasihat;Pantun Hiburan
6532;tujuh sapi bertubuh kurus\nmencari rumput ke tengah ladang\nsiang hari sibuk mengurus\nmalam hari banyak begadang;Pantun Nasihat;Pantun Nasihat
6535;tukang jahit menggunting kain\nuntuk membuat sebuah busana\nmohon maaf lahir batin\nuntuk para sahabat semua;Pantun Nasihat;Pantun Nasihat
6536;tukang kayu mencari palu\ntukang bicara mencari kata\nhendaklah kita punya malu\nagar selalu ingat jangan berdusta;Pantun Nasihat;Pantun Nasihat
6537;Tukang ojek menuju parkir\nSinggah di taman membawa cangkir\nJika hidup selalu kikir\nSemua teman akan menyingkir;Pantun Nasihat;Pantun Nasihat
6538;tukang pikul memakai batik\nkalau berjalan amat wibawa\nberkumpulah dengan orang baik\nsupaya akhlakmu tetap terjaga;Pantun Nasihat;Pantun Nasihat
6539;tukang tahit rancang busana\npotong kain dengan silet\nuntuk kamu yang sedang bekerja\ntetap semangat mencapai target;Pantun Nasihat;Pantun Nasihat
6540;tukang titik memukul baja\ndi sore hari menuju senja\nguru itu pahlawan bangsa\nhormatilah pengorbanannya;Pantun Nasihat;Pantun Nasihat
6541;tulis buku pada lontar\nkancil lari macan yang mengejar\nkalau kamu ingin menjadi pintar\njangan lupa harus belajar;Pantun Nasihat;Pantun Nasihat
6542;tulis surat di dalam gelap\nayatnya banyak yang tidak kena\njagalah diri jangan tersilap\njikalau silap awak yang bencana;Pantun Nasihat;Pantun Nasihat
6545;Tumbuh betik di tepi laman\nPokok berangan pokok teruntum\nSungguh cantik bunga di taman\nBolehkah gerangan petik sekuntum;Pantun Nasihat;Pantun Nasihat
6546;Tumbuh melata buah bidara\nDidalam acuan berbagai warna\nElakkan sengketa demi negara\nBarulah perpaduan dapat dibina;Pantun Nasihat;Pantun Nasihat
6547;tumbuh melata si pokok tebu\npergi pasar membeli daging\nbanyak harta tak ada ilmu\nbagai rumah tidak berdinding;Pantun Nasihat;Pantun Nasihat
6550;tunggang langgang si belanda\nperang kalah di ambarawa\nhidup sukses jangan ditunda\nayo berusaha sekarang juga;Pantun Nasihat;Pantun Nasihat
6551;tunggu kabar tunggu berita\nkepada orang ditanyakan\njangan bohong haramkan dusta\napa yang benar engkau katakan;Pantun Nasihat;Pantun Nasihat
6552;tungku tak hidup dicari kayu\njangan kayu dibuat sadel\npesan kami adik kelasku\njangan nakal jangan bandel;Pantun Nasihat;Pantun Nasihat
6553;tupai kecil melompat kehutan\nbersama singa diteriakkan\nsemua lagu adik dendangkan\nsemua tari kakak lakukan;Pantun Nasihat;Pantun Nasihat
6555;turun hujan di pagi hari\nselalu membawa warna pelangi\ntak usah digalauin lagi\njika sudah beranjak pergi;Pantun Nasihat;Pantun Nasihat
6560;uang saku ditaruh kotak\nkotak lama berukir anak katak\nselama jantungku masih berdetak\ncintaku tak akan luluh lantak;Pantun Nasihat;Pantun Kasih Sayang
6564;ucapkan kata dengan suara\nkata jelas suara nya jernih\njika bicara lihatlah suasana\ngunakan kata secara terpilih;Pantun Nasihat;Pantun Nasihat
6567;ukiran baju namanya batik\ndipakai orang meminum jamu\nbuku adalah teman baik\nyang memberi banyak ilmu;Pantun Nasihat;Pantun Nasihat
6568;ukiran indah kayu dipahat\ndaunnya banyak sangat lebat\npantun ini pantun nasehat\nwejangan supaya kita selamat;Pantun Nasihat;Pantun Nasihat
6570;ular kobra sangat berbisa\nawas menyembur ke arah mata\ndijamin sudah rezeki manusia\nbersyukur kepadanya tugas kita;Pantun Nasihat;Pantun Nasihat
6571;ular kobra ular berbisa\nbisanya tidak ber aroma\nkegagalan adalah hal yang biasa\nbanyak jalan menuju roma;Pantun Nasihat;Pantun Nasihat
6573;undangan pernikahan dengan batik\nbaik untuk mendapatkan dua jempol\nteman saya sangat cantik\nsayangnya masih suka ngompol;Pantun Nasihat;Pantun Hiburan
6575;untuk apa bercadar cantik\nberubah warna tiap dibasuh\nuntuk apa berpacar cantik\nkalau dirinya selalu selingkuh;Pantun Nasihat;Pantun Kasih Sayang
6576;untuk apa burung gelatik\nkalau pagi tidak berbunyi\nuntuk apa istrinya cantik\ntapi sering menyakiti;Pantun Nasihat;Pantun Nasihat
6578;untuk apa jadi biduan\nhanya berdengan satu nyanyian\nduduk manis di peraduan\nkursi pengantin jadi impian;Pantun Nasihat;Pantun Nasihat
6579;untuk apa main kitiran\ntertiup angin terpatahkan\nuntuk apa kita pacaran\nmenikah itu lebih mengasyikan;Pantun Nasihat;Pantun Kasih Sayang
6581;Untuk apa menjadi sakti\nKalau senang memaki-maki\nSiapa orang suka berbakti\nNiscaya dia banyak rezeki;Pantun Nasihat;Pantun Nasihat
6584;upacara di pagi hari\njangan lupa memakai topi\njangan kamu kembali lagi\naku sudah berpaling diri;Pantun Nasihat;Pantun Nasihat
6585;upacara setiap hari senin\nseragamnya bukan warna ungu\nhari habis untuk bermain\nbesok bisa jadi dungu;Pantun Nasihat;Pantun Nasihat
6588;wabah belalang di sumba barat\nmenghabiskan daun tanaman\nwaktu terasa sangat cepat\nbila kita lagi berduaduaan;Pantun Nasihat;Pantun Nasihat
6589;wahai ananda dengarlah pesan\nmensyukuri nikmat jangan lupakan\nkalau terlupa bina salah badan\nhidup dan mati dalam sesalan;Pantun Nasihat;Pantun Nasihat
6591;wahai pejuang apa kabar\nkami doakan di dalam hati\nhidup pejuang hanya sebentar\njasa pejuang kekal abadi;Pantun Nasihat;Pantun Nasihat
6593;wajah bahagia berseri seri\nbisa naik sepeda roda dua\nbelajarlah hidup mandiri\nagar tidak tergantung orang tua;Pantun Nasihat;Pantun Nasihat
6594;wajah mirip karena kembar\nmasih kecil suka ingusan\ntekunlah selalu dalam belajar\njangan sampai bermalasmalasan;Pantun Nasihat;Pantun Nasihat
6596;wakil raja disebut patih\nmelihat pesawat di dalam hanggar\nperbanyaklah minum air putih\nagar tubuh selalu bugar;Pantun Nasihat;Pantun Nasihat
6597;waktu berjalan sudah pasti\nayo bangkit dengan mandiri\nmasa tua sudah menanti\npikirkan dahlu hari diini;Pantun Nasihat;Pantun Nasihat
6603;walau hanya sebuah jambu\nnamun ini bisa diramu\nwalau kita jarang bertemu\ncinta ini hanya untukmu;Pantun Nasihat;Pantun Kasih Sayang
6604;walau jauh tanah malaka\nombak laut diterjang jua\njangan pernah berbuat durhaka\nkarena hidupmu akan sengsara;Pantun Nasihat;Pantun Nasihat
6605;walau lagi puasa gini\nkerja harus tetap semangat\nhidup harus tetap dijalani\nmeski cobaan hidup sangat berat;Pantun Nasihat;Pantun Nasihat
6606;walau pahit obat ditelan\nagar sehat sekujur raga\nsukses jangan sekedar khayalan\nyuk bekerja sekuat tenaga;Pantun Nasihat;Pantun Nasihat
6607;walau pahit rasanya jamu\nminum segelas banyak faedahnya\nsiapa yang mempunyai ilmu\nia akan kuasai dunia;Pantun Nasihat;Pantun Nasihat
6609;walau rumah di tepian\ntak pernah takut angin topan\nwalau nanti berjauhan\nputus persahabatan tentu jangan;Pantun Nasihat;Pantun Nasihat
6612;walaupun hanya sebatang tebu\ntetapi bisa diramu\nwalaupun jarang ketemu\ncintaku hanya untukmu;Pantun Nasihat;Pantun Kasih Sayang
6613;Walaupun jauh dipandang mata\nCintaku semai kasih sejati\nBiarpun jauh di seberang sana\nKasih tersemat tetap abadi;Pantun Nasihat;Pantun Nasihat
6617;wanita cantik dimanamana\nmembawa senyum penuh ceria\nwahai adik kelas tercinta\ndoakan kakak sukses semua;Pantun Nasihat;Pantun Nasihat
6618;warga desa lagi gali tanah\njenazah mati akan dikubur\njadi orang haruslah amanah\nmesti terus bicara jujur;Pantun Nasihat;Pantun Nasihat
6619;warga desa sedang menggali tanah\njenazah meninggal akan dikubur\njadi orang haruslah amanah\nharus terus bicara dengan jujur;Pantun Nasihat;Pantun Nasihat
6620;warna biru cantik menawan\nwarna merah warna kegemaran\ndi masa kecil menjadi kawan\nsetelah besar menjadi lawan;Pantun Nasihat;Pantun Nasihat
6621;warna merah adalah tanda\nmasuk sudah waktu senja\ndengar nasihat wahai ananda\npendidikan adalah hal utama;Pantun Nasihat;Pantun Nasihat
6622;warna merah sebagai tanda\ntelah datang waktu senja\ndengarlah nasehat wahai ananda\npendidikan adalah hal utama;Pantun Nasihat;Pantun Nasihat
6623;warna merah sibuah tomat\nwarna putih bunga melati\naku dalam keadaan sehat\nsedang apa dikau kali ini;Pantun Nasihat;Pantun Nasihat
6631;yang dijinjing buah salak\nyang digenggam bumbu lada\npantaslah anjing galak menyalak\nrupanya udin suka menggoda;Pantun Nasihat;Pantun Nasihat
6632;yang hidup pastilah mati\ndan takkan bisa hidup sepanjang waktu\nengkaulah sahabat sejati\nyang selalu ada untuk aku;Pantun Nasihat;Pantun Nasihat
6636;yang retak tali bersimpul\nkendi lokan airnya tumpah\nhidup tidak karena kaul\nmati bukan karena sumpah;Pantun Nasihat;Pantun Nasihat
6637;yang tadi membuka lahan\nkabarnya orang dari jakarta\naku udah berusaha bertahan\nnamun takdir memisahkan kita;Pantun Nasihat;Pantun Nasihat
6639;yogyakarta kota pelajar\nsurabaya kota pahlawan\nanak yang suka rajin belajar\npasti banyak ilmu pengetahuan;Pantun Nasihat;Pantun Nasihat
9;Ada bebek ada sepeda\nSemuanya punya dua\nIndonesia kaya dengan budaya\nSepatutnya selalu dijaga;Pantun Sosial Budaya;Pantun Sosial Budaya
29;ada ikan namanya tenggiri\nikan dibawa ke muara kaman\nmelestarikan budaya negeri\nbukanlah hanya tugas seniman;Pantun Sosial Budaya;Pantun Sosial Budaya
53;Ada pisang ada pepaya\nJika dimakan mantap rasanya\nIndonesia ragam akan budaya\nTugas kita untuk menjaganya;Pantun Sosial Budaya;Pantun Sosial Budaya
58;Ada rusa ada kuda\nSedang bermain dan berlari-lari\nMari bersama kita jaga budaya\nSupaya selalu tetap lestari;Pantun Sosial Budaya;Pantun Sosial Budaya
814;Batu nisan di Italia\nBuah lezat namanya kurma\nJadilah insan berbudi mulia\nBaik bahasa dan tata krama;Pantun Sosial Budaya;Pantun Sosial Budaya
922;benih padi mari ditabur\npada sawah tanah subur\npantun warisan leluhur\nbanyak nasehat indah menghibur;Pantun Sosial Budaya;Pantun Sosial Budaya
1057;biduk buluh bermuat tulang\nanak siam pulang berbaris\nduduk mengeluh panglima helang\nmelihat ayam bercengkang keris;Pantun Sosial Budaya;Pantun Sosial Budaya
1125;buah berangan di rumpun pinang\nlimau kasturi berdaun muda\nkalau berkenan masaklah meminang\ntanda diri beradat budaya;Pantun Sosial Budaya;Pantun Sosial Budaya
1158;Buah jeruk manis rasanya\nManisnya bagaikan gula\nBudaya sebagai pusaka bangsa\nSemua wajib untuk menjaganya;Pantun Sosial Budaya;Pantun Sosial Budaya
1260;Bukan lebah sebarang lebah\nLebah bersarang di pohon kayu\nBukan sembah sebarang sembah\nSembah adat pusaka Melayu;Pantun Sosial Budaya;Pantun Sosial Budaya
1264;Bukan mudah memasang jerat\nSalah pasang orang yang kena\nBukan mudah memegang adat\nSalah pegang orang menghina;Pantun Sosial Budaya;Pantun Sosial Budaya
1321;bunga cina di atas batu\ndaunnya lepas kedalam ruang\nadat budaya tidak berlaku\nsebabnya emas budi terbuang;Pantun Sosial Budaya;Pantun Sosial Budaya
1322;bunga cina di atas batu\ndaunnya lepas kedalam ruang\nadat dunia memang begitu\nsebabnya emas budi terbuang;Pantun Sosial Budaya;Pantun Sosial Budaya
1325;Bunga di taman bunga melati\nTumbuhnya subur tidak berjejak\nBudaya sendiri dijajah mati\nTradisi orang mengapa dipijak;Pantun Sosial Budaya;Pantun Sosial Budaya
1396;Bunga melati di atas para\nHarum semerbak sepanjang hari\nJika hendak hidup sejahtera\nJaga adat jaga diri;Pantun Sosial Budaya;Pantun Sosial Budaya
1443;Bunga tanjung di tepi pagar\nHarumnya lembut menusuk rasa\nJika hidup mahu segar\nHidupkan cinta pada budaya;Pantun Sosial Budaya;Pantun Sosial Budaya
1805;Cerah kian bertukar malap\nDipasang pelita petanda raya\nSopan santun perlu dikecap\nIndah di mata tinggi nilainya;Pantun Sosial Budaya;Pantun Sosial Budaya
1903;daun ilalang pucuknya mati\nbuah pisang berwarna hitam\npantun dikarang penghibur hati\nturut kembangkan budaya etam;Pantun Sosial Budaya;Pantun Sosial Budaya
2011;di rawa itu ada buaya\ntampak tenang tersipu malu\nbersamasama menjunjung budaya\nagar tidak luntur oleh waktu;Pantun Sosial Budaya;Pantun Sosial Budaya
2139;Embun perak di hujung dedalu\nBayu timur menyentuh seloka\nAdat dijunjung pusaka dahulu\nJati bangsa jangan dilupa;Pantun Sosial Budaya;Pantun Sosial Budaya
2180;gemuruh tubuh bukan kepalang\ndiasah lembing berkilatkilat\ngemetar tubuh harimau belang\nnampak kambing pandai silat;Pantun Sosial Budaya;Pantun Hiburan
2253;hari malam gelapgulita\npasang lilin jalan ke taman\nsopan santun budaya kita\njadi kebanggaan zaman berzaman;Pantun Sosial Budaya;Pantun Sosial Budaya
2377;hujan deras di hari selasa\nmembuat air semakin naik\nadat pusaka untuk dijaga\njadilah budi pekerti yang baik;Pantun Sosial Budaya;Pantun Sosial Budaya
2446;ikan berenang didalam lubuk\nikan belida dadanya panjang\nadat pinang pulang ke tampuk\nadat sirih pulang ke gagang;Pantun Sosial Budaya;Pantun Sosial Budaya
2465;Ikan sepat ikan gabus\nMasak lemak dalam belanga\nJika hendak hidup lurus\nIkut adat dan agama;Pantun Sosial Budaya;Pantun Sosial Budaya
2542;jalan jalan ke kota ratu\nbeli roti berisi bulu\nmari cantik kita bersatu\nmenjalin cinta di depan penghulu;Pantun Sosial Budaya;Pantun Kasih Sayang
2759;Jika hendak kita berolahraga\nPaling nyaman itu bersama-sama\nMari bersama kita jaga budaya\nTetap lestari di sepanjang masa;Pantun Sosial Budaya;Pantun Sosial Budaya
2768;jika kamu di kejar hiu\nberenanglah sampai ke hulu\nkalau kamu cinta padaku\nbawalah aku ke penghulu;Pantun Sosial Budaya;Pantun Kasih Sayang
2856;kain katun berwarna luntur\ndijemur saat waktu sahur\nsopan santun dalam bertutur\ntanda orang berbudi luhur;Pantun Sosial Budaya;Pantun Sosial Budaya
2964;kalau orang menjaring ungka\nrebung seiris akan pengukusnya\nkalau arang tercorong kemuka\nujung keris akan penghapusnya;Pantun Sosial Budaya;Pantun Sosial Budaya
3008;kalau tuan pergi ke kedai\nbelikan saya buah keranji\nkalau tuan bijak pandai\napa binatang keris di kaki;Pantun Sosial Budaya;Pantun Sosial Budaya
3080;kayu cendana diatas batu\nsudah diikat dibawa pulang\nadat dunia memang begitu\nbenda yang buruk memang terbuang;Pantun Sosial Budaya;Pantun Sosial Budaya
3547;kucing manis berbulu legam\nlebih hitam dari jelaga\nbudaya kita sunggu beragam\nmari kita bersama jaga;Pantun Sosial Budaya;Pantun Sosial Budaya
3592;lagi hujan rintikrintik\nkeluar rumah sepertinya asik\nkalau lagi pakai batik\nkamu itu keliatan makin cantik;Pantun Sosial Budaya;Pantun Kasih Sayang
3685;Layar putih terkembang angin\nKapal dagang menuju Melaka\nJika hidup mahu terjamin\nBerpegang teguh pada pusaka;Pantun Sosial Budaya;Pantun Sosial Budaya
3695;lebat daun bunga tanjung\nberbau harum bunga cempaka\nadat dijaga pusaka dijunjung\nbaru terpelihara adat pesaka;Pantun Sosial Budaya;Pantun Sosial Budaya
3900;manis sungguh gula melaka\njangan dibancuh dibuat serbat\nsungguh teguh adat pusaka\nbiar mati anak jangan mati adat;Pantun Sosial Budaya;Pantun Sosial Budaya
3907;mari menyanyi sambil menari\nsuara dua tinggi dan rendah\nbudaya negeri tetap lestari\nnegeri kita semakin indah;Pantun Sosial Budaya;Pantun Sosial Budaya
3956;Mega berarak di dada angkasa\nKilau purnama menyimbah balai\nJika musyawarah jadi asasnya\nMuafakat tumbuh tiada terlalai;Pantun Sosial Budaya;Pantun Sosial Budaya
3996;memasak air ambillah kayu\njangan ambil si akar rotan\njauh dari rumah mengingatkanku\nakan kerinduan kampung halaman;Pantun Sosial Budaya;Pantun Sosial Budaya
4054;Mencari palas di hujung kota\nMari bersama membuat ketupat\nKetupat manis warisan kita\nBagaimana mungkin dapat dimartabat;Pantun Sosial Budaya;Pantun Sosial Budaya
4273;Naik kuda bersama mama\nHendak keliling pinggiran kota\nAda beribu budaya kita punya\nHarus lestari di sepanjang masa;Pantun Sosial Budaya;Pantun Sosial Budaya
4327;Ombak beralun di Kuala Tanjung\nPerahu nelayan pulang ke hulu\nJika adat sentiasa dijunjung\nHilang sengketa hidup bersatu;Pantun Sosial Budaya;Pantun Sosial Budaya
4730;penghapus putih berbahan karet\njikalau hitam penghapus jua\nkain yang indah ialah songket\npusaka adat patut dijaga;Pantun Sosial Budaya;Pantun Sosial Budaya
4789;pergi berkunjung ke rumah sakit jiwa\ningin sekali beli gulali\nadat sekaten dari daerah jawa\nsedang tari reog dari bali;Pantun Sosial Budaya;Pantun Sosial Budaya
5598;pohon manggis di tepi rawa\ntempat datuk tidur beradu\nsedang menangis nenek tertawa\nmelihat datuk bermain gundu;Pantun Sosial Budaya;Pantun Sosial Budaya
5605;Pohon meranti tegak berdiri\nAkar kuat mencengkam bumi\nAdat dijunjung jati diri\nBangsa berdaulat dihormati;Pantun Sosial Budaya;Pantun Sosial Budaya
5606;pohon nangka berbuah lebat\nbilalah masak harum juga\nberumpun pusaka berupa adat\ndaerah berluhak alam beraja;Pantun Sosial Budaya;Pantun Sosial Budaya
5623;pohon rambutan buahnya lebat\nberwarna merah manis rasanya\njagalah adat istiadat\nagar abadi tak termakan usia;Pantun Sosial Budaya;Pantun Sosial Budaya
5636;Pohon sena berdaun lebat\nAkar berpaut di tanah pertiwi\nJika adat dijunjung taat\nHidup terpelihara maruah diri;Pantun Sosial Budaya;Pantun Sosial Budaya
5650;pokok pinang ditanam rapat\npuyuh kini berlarilari\nsamalah kita menjunjung adat\ntunggak budaya semai dihati;Pantun Sosial Budaya;Pantun Sosial Budaya
5704;Purnama berarak di dada angkasa\nCahayanya tumpah ke halaman seri\nJika hikmah dijadikan pusaka\nSelamatlah diri sepanjang hari;Pantun Sosial Budaya;Pantun Sosial Budaya
6059;Serunai tua berbunyi syahdu\nMengiringi tari di balai desa\nJika hidup mahu bersatu\nJaga adat sepanjang masa;Pantun Sosial Budaya;Pantun Sosial Budaya
6142;Sirih berlipat sirih pinang\nSirih dari Pulau Mutiara\nAdat dijunjung pusaka dikenang\nBudi bahasa penyeri negara;Pantun Sosial Budaya;Pantun Sosial Budaya
6146;Sirih hijau tersusun rapi\nPinang dibelah dua bahagian\nJika hidup mahu diberkati\nPelihara adat warisan;Pantun Sosial Budaya;Pantun Sosial Budaya
6149;Sirih kuning disusun rapi\nPinang dibelah dua bahagian\nJika hidup ingin diberkati\nPelihara adat dan pegangan;Pantun Sosial Budaya;Pantun Sosial Budaya
6339;tanam jerangau di bukit tinggi\nmati diinjak anak badak\nmelihat sang bangau sakit gigi\ngelak terbahak penghulu katak;Pantun Sosial Budaya;Pantun Sosial Budaya
6436;terbang rendah burung peragam\ndari huma terbang ke hutan\nbudaya daerah beraneka ragam\nmari bersama kita lestarikan;Pantun Sosial Budaya;Pantun Sosial Budaya
1;abis listriknya tambah daya\npemakaiannya jarangjarang\naku mencintaimu apa adanya\ncintaku ini untukmu seorang;Pantun Kasih Sayang;Pantun Kasih Sayang
4;ada anak seorang petani\nsuka memakai rok mini\njika saja kamu ada di sini\nmungkin aku tak serindu ini;Pantun Kasih Sayang;Pantun Kasih Sayang
14;ada buaya jangan diganggu\nbuaya tidur tak punya nama\nsudah lama aku menunggu\nkapan cintaku kau terima;Pantun Kasih Sayang;Pantun Kasih Sayang
23;ada emansipasi wanita\nmemperingati hari kartini\ninilah yang namanya cinta\naku rindu bila kau tak disini;Pantun Kasih Sayang;Pantun Kasih Sayang
24;ada harta tidak terjaga\nada peti tidak terkunci\nbahana cinta anak remaja\nsekejap kasih sekejap benci;Pantun Kasih Sayang;Pantun Kasih Sayang
50;ada pameran kebudayaan\ntiket masuknya kehabisan\nkamu itu emang kebiasaan\nlagi telponan malah ketiduran;Pantun Kasih Sayang;Pantun Kasih Sayang
73;ada wabah virus corona\nramadhan tak ada buka bareng\ndirimu emang mempesona\ntapi pacarku tetap lebih ganteng;Pantun Kasih Sayang;Pantun Kasih Sayang
74;ada wabah virus corona\ntanpa demo di hari buruh\nwalaupun kau jauh di sana\ncintaku untukmu masih utuh;Pantun Kasih Sayang;Pantun Kasih Sayang
75;ada wabah virus difteri\npemerintah adakan imunisasi\njodoh itu wajib di cari\nsebab jodohmu takkan datang sendiri;Pantun Kasih Sayang;Pantun Kasih Sayang
76;ada wanita berkacamata\nsedang twitteran di kamar\naku tak butuh gombalan cinta\naku pengen langsung kau lamar;Pantun Kasih Sayang;Pantun Kasih Sayang
77;ada yang lagi tadarusan\ntolong kecilin suaramu\nsemakin pengen aku lupakan\naku semakin rindu kamu;Pantun Kasih Sayang;Pantun Kasih Sayang
81;adalah tri rismaharini\nmenteri sosial yang baru\nkalau lagi sendirian gini\naku selalu ngebayangin kamu;Pantun Kasih Sayang;Pantun Kasih Sayang
83;adek memanjat pohon mangga\nmangga jatuh busuk sebelah\nkasih sayang ibu sungguh kurasa\nkehangatannya tak bisa berubah;Pantun Kasih Sayang;Pantun Kasih Sayang
91;adik kecil pergi belanja\nsisa uangnya langsung ditabung\njika kamu pandai menerka\nbinatang apa tanduknya di hidung;Pantun Kasih Sayang;Pantun Hiburan
96;adik manis membeli mainan\njangan mainan dipatahkan\ningin hati ke pelaminan\nmemadu cinta dalam pernikahan;Pantun Kasih Sayang;Pantun Kasih Sayang
101;adik sedang menulis kata\nkatakatanya bikin ketawa\nmemang indah jatuh cinta\nberjuta rasa dalam jiwa;Pantun Kasih Sayang;Pantun Kasih Sayang
106;agus orangnya suka merenung\ntiap hari tidak pernah lupa\njikalau nanti engkau pun bingung\ntanyakan saja pada ahlinya;Pantun Kasih Sayang;Pantun Nasihat
122;Air jernih beriak tenang\nMenyusur batu ke muara biru\nJika cinta tidak terhalang\nMengapa duka sering menyaru;Pantun Kasih Sayang;Pantun Kasih Sayang
127;Air jernih mengalir ke muara\nMenyentuh batu tanpa bersuara\nJika cinta bukan sementara\nMengapa luka terus membara;Pantun Kasih Sayang;Pantun Kasih Sayang
145;Air mengalir jernih di kali\nRiaknya indah memecah sunyi\nHanya padamu kasih kuberi\nCinta sejati sepanjang hari;Pantun Kasih Sayang;Pantun Kasih Sayang
150;Air muara berombak halus\nPerahu kecil menuju seberang\nJika cinta benar dan tulus\nMengapa janji mudah terbuang;Pantun Kasih Sayang;Pantun Kasih Sayang
166;air sungai berkilau sunyi\nmembawa cerita ke hilir\ncintaku mengalir disini\ntak kering meski Waktu bergilir;Pantun Kasih Sayang;Pantun Kasih Sayang
168;Air sungai berliku-liku\nMenyusur batu menuju hulu\nJika cinta tetap milikku\nMengapa engkau pergi berlalu;Pantun Kasih Sayang;Pantun Kasih Sayang
174;Air sungai mengalir ke muara\nRiaknya halus menyentuh batu\nJika cinta bukan sengketa\nMengapa kita jadi membeku;Pantun Kasih Sayang;Pantun Kasih Sayang
175;Air sungai mengalir perlahan\nMenyusur batu menuju hulu\nJika cinta bukan beban\nMengapa engkau memilih berlalu;Pantun Kasih Sayang;Pantun Kasih Sayang
176;Air sungai mengalir perlahan\nMenyusur batu menuju muara\nJika kasih tidak tertahan\nMengapa diam jadi bicara;Pantun Kasih Sayang;Pantun Kasih Sayang
190;air tergenang dilempar batu\nketika dilempar menjadi keruh\naku sangat mencintai dirimu\nmeski kita berpisah jauh;Pantun Kasih Sayang;Pantun Kasih Sayang
201;aku membawa bidukku perlahan\ndalam kesunyian malam waktu\ntidak bersama tidak berkawan\nentah ke mana perginya dirimu;Pantun Kasih Sayang;Pantun Kasih Sayang
209;ambil air nyalakan bara\nbiar bisa meminum kopi\naku cinta indonesia raya\nakan kubela sampai mati;Pantun Kasih Sayang;Pantun Kasih Sayang
217;ambil batu asahlah pedang\npedang dibawa ke seberang kali\ndengan niat kau pergi berperang\ndengan nyawa kau taruhkan mati;Pantun Kasih Sayang;Pantun Kasih Sayang
218;ambil benang jahitlah kain\njahit dengan sebuah peniti\nmeski kau sudah dengan yang kain\naku disini masih sendiri;Pantun Kasih Sayang;Pantun Kasih Sayang
220;ambil cairan dari racun\nuntuk mengusir kecoa dan tokek\nkamu lagi berulang tahun\ntak ada kado karena lagi bokek;Pantun Kasih Sayang;Pantun Hiburan
223;ambil gunting potong kain\nuntuk membuat sehelai selendang\nmohon maaf lahir dan batin\nuntuk kekasih yang aku sayang;Pantun Kasih Sayang;Pantun Kasih Sayang
227;ambil kayu bakar pemasak nasi\nnasi dimasak di atas tungku\nkedatanganmu telah lama dinanti\nbanyak yang telah menahan rindu;Pantun Kasih Sayang;Pantun Kasih Sayang
228;ambil kayu jadikan papan\nuntuk meja tempat makan\nsemoga cinta tetap bertahan\ndisetiap malam penuh kegelapan;Pantun Kasih Sayang;Pantun Kasih Sayang
235;ambil korek ambil cerutu\ntembakau asli harum baunya\nrasa selalu tiada menentu\nkhawatirkan engkau yang jauh di sana;Pantun Kasih Sayang;Pantun Kasih Sayang
245;ambil nampan dalam lemari\nkelapa muda bikini jamu\ncowok tampan yang kamu cari\nsudah ada di hadapanmu;Pantun Kasih Sayang;Pantun Kasih Sayang
247;ambil pandan cari yang kering\nkering dicuci di atas pelana\nsampailah badan kurus dan kering\nmikirin kamu yang jauh di sana;Pantun Kasih Sayang;Pantun Kasih Sayang
251;ambil rotan jadikan bangku\ntempat duduk di ruang makan\naku juga mencintai dirimu\njarak membentang bukanlah halangan;Pantun Kasih Sayang;Pantun Kasih Sayang
253;ambil setangkup bunga melati\nhiasan rambut putri jelita\nkenapa dinda tak sanggup menanti\nkemana perginya janji setia;Pantun Kasih Sayang;Pantun Kasih Sayang
254;Ambil tali buat pengikat\nTali sabut panjang sedepa\nBukankah janji telah diikat\nKedatangan kanda ditunggu setia;Pantun Kasih Sayang;Pantun Kasih Sayang
260;ambulance berlogo partai\neh ketauan membawa batu\nhatiku kini terasa damai\nsejak cinta kita bersatu;Pantun Kasih Sayang;Pantun Kasih Sayang
292;anak bangsawan menjahit tabir\nsulam di tepi siku keluang\nbenci tuan cuma di bibir\ndalam hati membara sayang;Pantun Kasih Sayang;Pantun Kasih Sayang
294;anak bayi sedang merangkak\nibu tertawa dalam keceriaan\npimpin dan berpikir dengan bijak\nagar engkau menjadi suri tauladan;Pantun Kasih Sayang;Pantun Kasih Sayang
297;anak bebek mandi di kali\nanak angsa makannya roti\nbiar cinta kita cuma sekali\ntapi akan kubawa sampai mati;Pantun Kasih Sayang;Pantun Kasih Sayang
332;anak gembala membawa biribiri\nikatkan tali di pohon gaharu\njadilah kau anak yang berani\ntanpa ragu terus maju;Pantun Kasih Sayang;Pantun Kasih Sayang
341;anak gembala pergi ke sawah\npulang saat hari dah senia\njarak memisah tak jadi masalah\nkala rindu selalu membara;Pantun Kasih Sayang;Pantun Kasih Sayang
345;anak haruan mati terperangkap\nbelut itu dikatakan sepat\npadamu sahabatku berharap\ndi sudut hatiku namamu terpahat;Pantun Kasih Sayang;Pantun Kasih Sayang
360;anak kecil belajar berenang\nberenang ke sungai di pagi minggu\npergilah kasih pergilah sayang\nkita takkan mungkin bersatu;Pantun Kasih Sayang;Pantun Kasih Sayang
363;anak kecil berkepang pita\nhendak berangkat main ke kota\npadamu aku jatuh cinta\nsiang malam tampak di mata;Pantun Kasih Sayang;Pantun Kasih Sayang
366;anak kecil bermain layanglayang\nberlindung sebentar karena terik\nhapppy birthday istriku sayang\nsemoga tetap jadi ibu terbaik;Pantun Kasih Sayang;Pantun Kasih Sayang
369;anak kecil bermanjamanja\npada ibu yang penuh welas asih\ncukup sampai di sini saja\ndan saya ucapkan terima kasih;Pantun Kasih Sayang;Pantun Kasih Sayang
379;anak kecil meminta jambu\nambil galah tolong julukkan\nterima kasih ayah dan ibu\natas segala yang kalian berikan;Pantun Kasih Sayang;Pantun Kasih Sayang
381;anak kecil pergi ke sawah\nsampai disana celananya basah\nsiang dan malam kasih kau curah\nkini saatnya kita berpisah;Pantun Kasih Sayang;Pantun Kasih Sayang
383;anak kecil suka main pasir\nsambil minum susu habis secangkir\ntelah lama kau ku taksir\ntapi jawabannya masih saja mikir;Pantun Kasih Sayang;Pantun Kasih Sayang
385;anak kelinci mencuri kain\nkain dijemur dari kayu duri\njika engkau mencari yang lain\nmungkin aku kan mati berdiri;Pantun Kasih Sayang;Pantun Kasih Sayang
393;anak kucing namanya mumu\nsangat lucu ketika berkeliaran\nberilah salam kepada gurumu\njadilah engkau murid teladan;Pantun Kasih Sayang;Pantun Kasih Sayang
442;anak pertama kepala suku\ntadi pagi membeli buku\nrindu yang mewabah di hatiku\nhingga saat ini masih menyiksaku;Pantun Kasih Sayang;Pantun Kasih Sayang
446;anak pramuka memasang tenda\ntenda terbang entah kemana\nwahai sobat para pemuda\njangan engkau mendekati zina;Pantun Kasih Sayang;Pantun Kasih Sayang
476;Anak tani mengutip lokan\nLokan dikutip untuk dimakan\nSayang anak tangan tangankan\nSayang isteri tinggal tinggalkan;Pantun Kasih Sayang;Pantun Kasih Sayang
486;anak tikus tidak berbulu\nsembunyi di balik pagar kayu\ntidakkah engkau lihat mataku\nseribu cinta sedang menunggu;Pantun Kasih Sayang;Pantun Kasih Sayang
488;anak unta siapa yg punya\nmenangis iba kehilangan ibu\nbila cinta sudah menyapa\nrindu mulai membara dikalbu;Pantun Kasih Sayang;Pantun Kasih Sayang
494;angin bertiup dari barat\nbertiup sebentar hanya lewat\nrindu ini begitu berat\nhendak dilepas jua tak kuat;Pantun Kasih Sayang;Pantun Kasih Sayang
511;Angin malam menyentuh jendela\nDaun bergetar di pohon sena\nKasih bersemi tanpa suara\nNamun terasa hingga ke jiwa;Pantun Kasih Sayang;Pantun Kasih Sayang
512;angin mendesak pokok bergoyang\nribuan topan hujan berderai\nbulan madu mengusap sayang\nbulan depan diajak bercerai;Pantun Kasih Sayang;Pantun Kasih Sayang
515;angin pagi menyibak awan\ndan menari tanpa suara\nnamamu tumbuh didalam pikiran\nsetenang alam menjaga rasa;Pantun Kasih Sayang;Pantun Kasih Sayang
517;angin sejuk menggigit tulang\nbaju tebal dapat dicari\ncerai dirujuk kasih berulang\ncinta sejati cuma sekali;Pantun Kasih Sayang;Pantun Kasih Sayang
527;angkasa berarak berubah kelabu\nsurya meluncur hingga hampir karam\nbila emosiku dan kamu beradu\ngerak ombak takkan pernah diam;Pantun Kasih Sayang;Pantun Kasih Sayang
547;Apa gunanya bertih direndang\nBila tidak dapat dimakan\nApa guna nya berkasih sayang\nBila tegak tiada sepadan;Pantun Kasih Sayang;Pantun Kasih Sayang
554;Apa tanda orang istana\nSemua barang selalu baru\nApa tanda tumbuh cinta\nTerasa di dada rasa cemburu;Pantun Kasih Sayang;Pantun Kasih Sayang
564;api kecil keluar di tungku\npadamlah abu sehabis kayu\nsudah lama kutunggutunggu\nkapan kamu bilang aku cinta kamu;Pantun Kasih Sayang;Pantun Kasih Sayang
568;artis ibukota datang ke desa\nbanyak orang terkagumkagum\ncinta kasih ibu sepanjang masa\nselamanya manis dan harum;Pantun Kasih Sayang;Pantun Kasih Sayang
583;awalnya bersua artis tara\nartisnya bersuara merdu\nbila rindu terasa membara\nitulah tanda cinta berpadu;Pantun Kasih Sayang;Pantun Kasih Sayang
588;awan cerah berwarna putih\nselepas hujan airpun keruh\nnikmati akhir pekanmu kasih\nmeski kita kin berpisah jauh;Pantun Kasih Sayang;Pantun Kasih Sayang
591;awan gelap langit kelabu\nlangit cerah berawan putih\nmentari pagi di hari rabu\nkumantapkan rindu untukmu kasih;Pantun Kasih Sayang;Pantun Kasih Sayang
595;awan mendung matahari redup\nketika pagi di hari rabu\nkamu kuat kamu sanggup\nmenyerah bukan akhir masamu;Pantun Kasih Sayang;Pantun Kasih Sayang
599;awan putih diterpa mentari\nsaat mendung jadi kelabu\nhai kekasih pujaan hati\nkuucapkan selamat malam buatmu;Pantun Kasih Sayang;Pantun Kasih Sayang
602;awan tinggi berwarna putih\nbentuknya seperti kepala tupai\nsetelah mengerti coba berlatih\nsupaya kamu bertambah pandai;Pantun Kasih Sayang;Pantun Kasih Sayang
603;awas lupa pesanan ibumu\nbeliau pesan dibelikan buku\nkalau aku bukan kriteria kamu\ntolong jauhjauh dari hidupku;Pantun Kasih Sayang;Pantun Kasih Sayang
633;ayo kita naik pesawat\npesawat indah ada empat\nkalau cinta sudah melekat\ntai kucing terasa coklat;Pantun Kasih Sayang;Pantun Kasih Sayang
635;baca buku di perpustakaan\ntapi bukan buku pelajaran\nsungguh sakit kurasakan\nmendengar kabar kau ke pelaminan;Pantun Kasih Sayang;Pantun Kasih Sayang
639;badai laut terus mendera\nperahu karam lubang di rongga\napa sebab cinta membara\nagar semarak rumah tangga;Pantun Kasih Sayang;Pantun Kasih Sayang
645;badan sakit sebaiknya ditandu\njangan lupa minum jamu\njauh darimu terasa rindu\ningin selalu berada di dekatmu;Pantun Kasih Sayang;Pantun Kasih Sayang
652;bagaimana memanjat pohon randu\ntangan di atas kaki ke hulu\nbagaimana hati tak rindu\npacarnya lembut suka melucu;Pantun Kasih Sayang;Pantun Kasih Sayang
658;bagaimana siput berpindah\nkalau berjalan sangat lama\nbagaimana cinta bersemi indah\njika caranya mengundang murka;Pantun Kasih Sayang;Pantun Kasih Sayang
659;bagaimana tidak dikenang\npucuknya pauh selasih jambi\nbagaimana tidak terkenang\ndagang yang jauh kekasih hati;Pantun Kasih Sayang;Pantun Kasih Sayang
660;bagus kualitas kayu gaharu\nolah pohonnya bawa ke desa\nkampung rindu akan pulangmu\ntempat berbagi suka dan duka;Pantun Kasih Sayang;Pantun Kasih Sayang
661;bahannya belum di ramu\nmenunggu pemilik pabrik lilin\npengennya sih di halalin kamu\ntapi kamunya pilih yang lain;Pantun Kasih Sayang;Pantun Kasih Sayang
665;Baik-baik menanam selasih\nJangan menimpa sipohon sena\nBaik-baik memilih kekasih\nJangan sampai badan merana;Pantun Kasih Sayang;Pantun Kasih Sayang
671;baju baru dipakai longgar\nanak cina jalan berputar\nudara segar badan bugar\nsemakin cinta alam sekitar;Pantun Kasih Sayang;Pantun Kasih Sayang
689;baju songket banyak sekodi\ntaruh satu di peti besi\nhendaknya engkau seperti padi\nakan tunduk saat berisi;Pantun Kasih Sayang;Pantun Kasih Sayang
697;ban sepeda terkena paku\npaku menempel dalam sekali\nselamat hari selasa buat kamu\nwanita yang selalu dalam hati;Pantun Kasih Sayang;Pantun Kasih Sayang
711;bangun pagi di hari rabu\nbersiapsiap pergi sekolah\nkalau adek sabar menunggu\nketika pulang kita kan menikah;Pantun Kasih Sayang;Pantun Kasih Sayang
717;bangun pagi langsung mandi\nsebelum berangkat makan gaji\nkemanapun selalu sendiri\ntanpa ada kekasih menemani;Pantun Kasih Sayang;Pantun Kasih Sayang
723;bangun pandi langsung mandi\nuntuk pergi bertamasya\ndi malam yang dingin dan gelap ini\nada rindu untukmu di sana;Pantun Kasih Sayang;Pantun Kasih Sayang
728;bangun rumah dengan batu bata\ntonggaknya terbuat dari kayu\nlantunan adzan menyapa telinga\nberbukalah kamu wahai sayangku;Pantun Kasih Sayang;Pantun Kasih Sayang
731;bangun tidur di pagi hari\nberangkat sekolah memakai dasi\njika nanti kamu tersakiti\njangan harap aku kembali;Pantun Kasih Sayang;Pantun Kasih Sayang
740;banyak hewan di ragunan\npaling ramai di akhir pekan\nkau wanita yang aku inginkan\nselamat pagi aku ucapkan;Pantun Kasih Sayang;Pantun Kasih Sayang
763;banyak sayur dijual di pasar\nbanyak juga menjual ikan\nkalau kamu sudah lapar\ncepat cepatlah pergi makan;Pantun Kasih Sayang;Pantun Kasih Sayang
775;baru pulang dari plesiran\nminum kopi ditemenin gorengan\nsemenjak kita pacaran\ncuma kamu yang selalu ku mimpikan;Pantun Kasih Sayang;Pantun Kasih Sayang
780;batang selasih permainan anak\ndaunnya sehelai dimakan kuda\nbercerai kasih bertalak tidak\nseribu tahun kembali juga;Pantun Kasih Sayang;Pantun Kasih Sayang
781;batang selasih permainan anak\ntumbuhnya jarang di tepi telaga\nbercerai kasih bukan kehendak\npaksaan orang dituruti juga;Pantun Kasih Sayang;Pantun Kasih Sayang
782;baterai habis jangan lupa dicas\nletakkan ia di atas meja\ntiada sesal meski tak terbalas\nyaitu hati ibu yang penuh cinta;Pantun Kasih Sayang;Pantun Kasih Sayang
789;batu belah jadi pancuran\npohon tinggi sarang lebah\nbila sekolah usah pacaran\npacaran itu setelah nikah;Pantun Kasih Sayang;Pantun Kasih Sayang
805;Batu kali tersusun rata\nJadi titian menyeberang sungai\nJika hati penuh cinta\nPersahabatan kekal dan damai;Pantun Kasih Sayang;Pantun Kasih Sayang
813;batu nisan batu karang\njalan sempit rumahnya lapang\njadilah insan yang penyayang\nagar murid selalu sayang;Pantun Kasih Sayang;Pantun Kasih Sayang
820;Batu pualam putih bersih\nDiukir indah jadi hiasan\nJika hidup jauh dari kasih\nTerasa sunyi tanpa teman;Pantun Kasih Sayang;Pantun Kasih Sayang
828;bawa paku dipukul batu\ndicampur jamu di atas tungku\ncintaku cukuplah satu\nuntuk kamu sepanjang waktu;Pantun Kasih Sayang;Pantun Kasih Sayang
829;bawa peti dari malaka\ndalam peti berisi harta\nbila hati sudah cinta\nmeski kurang indah di mata;Pantun Kasih Sayang;Pantun Kasih Sayang
830;bawa peti ke tengah kota\njatuh di kali berair amis\nbila hati sudah jatuh cinta\nkopi pahit terasa manis;Pantun Kasih Sayang;Pantun Kasih Sayang
833;bawa rantang isinya nasi\nnasi kebuli dibagi rata\nbiarlah bintang yang jadi saksi\nuntuk mengawali cinta kita;Pantun Kasih Sayang;Pantun Kasih Sayang
834;bawalah sapi membajak sawah\npulanglah petani di kala senja\nlama waktu tak pulang ke rumah\nhati rindu tiada terkira;Pantun Kasih Sayang;Pantun Kasih Sayang
852;belakang rumah bunga cempaka\ndidepannya bunga melati\nkutunggu engkau sepenuh jiwa\nkunanti dengan segenap hati;Pantun Kasih Sayang;Pantun Kasih Sayang
859;beli aspirin obat mata\nanak kuda di pinggir kali\nbiar miskin aku tetap cinta\nkarena harta gampang dicari;Pantun Kasih Sayang;Pantun Kasih Sayang
870;beli bambu di pasar minggu\ndibelah golok menjadi dua\nkalau kamu mencintaiku\ncobalah janji untuk setia;Pantun Kasih Sayang;Pantun Kasih Sayang
881;beli cuka beli permata\nsekalian beli kotaknya\ncitacitaku menyatukan cinta\nmaukah kamu mewujudkannya;Pantun Kasih Sayang;Pantun Kasih Sayang
885;beli jeruk di pasar lama\njeruknya manis kayak gula\nkita tak bisa lagi untuk bersama\nkarena kau selalu mengingat dia;Pantun Kasih Sayang;Pantun Kasih Sayang
895;beli minyak beli fanta\nsemua beli dari kota\ntak banyak menuntut dan meminta\njustru semakin diriku cinta;Pantun Kasih Sayang;Pantun Kasih Sayang
897;beli nasi harus di bungkus\nkita wajib mematuhinya\nkalau kamu emang serius\ncintailah aku apa adanya;Pantun Kasih Sayang;Pantun Kasih Sayang
899;beli penggaris dari mika\ncicak menatap hati merenung\nkemana yang kamu suka\nliburan ke pantai atau gunung;Pantun Kasih Sayang;Pantun Kasih Sayang
903;beli rujak buat jajan\npedasnya bikin mata merah\nngapain ngajak pacaran\nkalo berani ajak nikah;Pantun Kasih Sayang;Pantun Kasih Sayang
917;benang putih panjang sekilan\nperahu berlayar dengan mualim\nkasih ibu sepanjang jalan\ntak pernah surut tak bermusim;Pantun Kasih Sayang;Pantun Kasih Sayang
928;berandai andai menjadi tukang kayu\napa daya badan tak mampu\nseandainya saja kamu ayu\npastinya gak mau sama aku;Pantun Kasih Sayang;Pantun Kasih Sayang
930;berangkat kerja dahulukan sarapan\nagar tidak kehabisan stamina\nsampai jumpa lagi kawankawan\naku sayang kalian sepanjang masa;Pantun Kasih Sayang;Pantun Kasih Sayang
937;Beras bukan sebarang beras\nBeras ditumbuk membuang antah\nPanas bukan sebarang panas\nPanas menengok abang menikah;Pantun Kasih Sayang;Pantun Kasih Sayang
939;beras ketan nama diberi\nuntuk santapan burung kenari\njika dinda ingin berseri\nmakanlah makanan sumber zat besi;Pantun Kasih Sayang;Pantun Kasih Sayang
949;berburu belut ke pematang sawah\nbawa mopi beserta gula\njarak memisah tak jadi masalah\nkala rindu selalu membara;Pantun Kasih Sayang;Pantun Kasih Sayang
956;berdiri tegak tangkai tebu\ntebu diperas sambil berlagu\nbadai asmara selalu menggebu\nduduk di pelaminan yang ditunggu;Pantun Kasih Sayang;Pantun Kasih Sayang
961;beresah hati ditanya penghulu\nmenyapa nasib tak kunjung meminang\nbiar jauh cintaku tetap untukmu\nwalau setetes tak berkurang;Pantun Kasih Sayang;Pantun Kasih Sayang
967;beriburibu burung gelatik\nhanya satu yang memikat\nberiburibu cewek cantik\nhanya kamu yang memikat;Pantun Kasih Sayang;Pantun Kasih Sayang
968;beriburibu kain batik\nhanya satu yang tertimpa pena\nberiburibu gadis cantik\ncuma dirimu yang mempesona;Pantun Kasih Sayang;Pantun Kasih Sayang
969;beriburibu pohon beringin\nhanya satu si pohon randu\nsaat malam terasa dingin\nhanya wajahmu yang aku rindu;Pantun Kasih Sayang;Pantun Kasih Sayang
981;berkatalah dari sumber data\nsemakin apik serta dipercaya\nsempurnakan hidup dengan cinta\nsemakin bermakna lagi berwarna;Pantun Kasih Sayang;Pantun Kasih Sayang
984;berkibar bendera serta panji\ntanda datang pendekar sakti\nengkau hanya memberi janji\ntapi tak satupun yang terbukti;Pantun Kasih Sayang;Pantun Kasih Sayang
991;Berkurun lama pergi menjauh\nWajah kulihat di dalam mimpi\nKalau ada kasih sesama sungguh\nKering lautan tetap kunanti;Pantun Kasih Sayang;Pantun Kasih Sayang
1001;berlayar perahu dari berandan\nmenuju arah selat malaka\nlebar kepala dari badan\napakah itu coba kau terka;Pantun Kasih Sayang;Pantun Kasih Sayang
1005;berlibur ke pantai lepas\ntak lupa membawa tikar\njika kamu tidak malas\nniscaya akan jadi pintar;Pantun Kasih Sayang;Pantun Kasih Sayang
1008;bermain bola memakai sepatu\nrumput lapangan hinau warnanya\nterima kasih padamu ibu\ntelah membesarkan sepenuh jiwa;Pantun Kasih Sayang;Pantun Kasih Sayang
1012;berolahraga di pagi hari\nhabis olahraga makan ubi\nkamu ini malas sekali\nsudah sore belum mandi;Pantun Kasih Sayang;Pantun Kasih Sayang
1016;berputar zaman bertukar masa\nitulah sunah maha kuasa\ncinta ini masih tersisa\nberserak di ruang dada;Pantun Kasih Sayang;Pantun Kasih Sayang
1025;bersihkan halaman pakai sapu lidi\nbatu tersepak sakitlah jari\nhari minggu datang kembali\njadikan momentum cinta bersemi;Pantun Kasih Sayang;Pantun Kasih Sayang
1026;bersinar terus wahai sang surya\nmenyinari bumi dan malam dan siang\nsungguh saya merasa bahagia\npunya ibu yang sangat sayang;Pantun Kasih Sayang;Pantun Kasih Sayang
1028;Bertamasya ke kota Bandung\nJangan lupa beli kue bolu\nKalau kamu tengah bingung\nJangan lupa membaca buku;Pantun Kasih Sayang;Pantun Kasih Sayang
1029;bertamasya ke negeri hongkong\nhendak kembali habis biaya\nsekali kau berani berbohong\ncemar namamu sepanjang usia;Pantun Kasih Sayang;Pantun Kasih Sayang
1035;bertemu musang nangis di kali\nmusangnya berontak lalu pergi\nkamu memang manis dan baik hati\ntapi sayang otak tek berisi;Pantun Kasih Sayang;Pantun Kasih Sayang
1039;berusaha tetap ceria\nwalau baru diputusin pacarnya\naku pengen punya kekasih setia\ndan menerima aku apa adanya;Pantun Kasih Sayang;Pantun Kasih Sayang
1046;besok kita berhari raya\npaginya minum teh hangat\nkalau kamu suka sandiwara\njadi aktris mudahlah sangat;Pantun Kasih Sayang;Pantun Kasih Sayang
1047;besok pagi menebang pohon sagu\nmemotongnya dengan parang\napa kamu masih meragu\naku ini milikmu seorang;Pantun Kasih Sayang;Pantun Kasih Sayang
1055;biduan dendangkan lagu syahdu\nmembuat hati mabuk kepayang\nkuberikan senyum untukmu\nselamat malam minggu sayang;Pantun Kasih Sayang;Pantun Kasih Sayang
1059;bikin atap dari daun lontar\nbuah kemumu dimakan ikan\nbila kau menatap hatiku bergetar\nsenyumanmu sulit kulupakan;Pantun Kasih Sayang;Pantun Kasih Sayang
1061;bikin roti bakar untuk tamu\ntamu datang dari kota batu\nakan kujumpai bapak ibumu\nagar cinta kita dapat restu;Pantun Kasih Sayang;Pantun Kasih Sayang
1064;Bila datang bayang-bayang\nBintang bersinar berkelipan\nBila memang ia sayang\nLembah lembut tuturnya sopan;Pantun Kasih Sayang;Pantun Kasih Sayang
1069;Bila selasih di dalam peti\nSampai masanya dijerang jua\nSekali kasih didalam hati\nSampailah tua kukenang jua;Pantun Kasih Sayang;Pantun Kasih Sayang
1070;bila terjerat masalah\njangan berbuat ceroboh\nbuat jombo fii sabilillah\nmoga lekas ketemu jodoh;Pantun Kasih Sayang;Pantun Kasih Sayang
1071;bila terluka berkata begitu\nhingga terlupa cinta yang suci\ncinta manusia memanglah begitu\ncinta padaNYA cinta yang sejati;Pantun Kasih Sayang;Pantun Kasih Sayang
1075;Bintang berkelip di malam hening\nMenyinari laut yang luas membiru\nJika cinta hadir menguning\nMengapa ragu menyapa kalbu;Pantun Kasih Sayang;Pantun Kasih Sayang
1082;bintang jatuh membelah malam\nsunyi indah menahan napas\ncintaku padamu takkan padam\nmeski Jarak membentang luas;Pantun Kasih Sayang;Pantun Kasih Sayang
1092;Bintang timur menyinar terang\nMenyuluh laut yang luas membiru\nJika sayang bukan sekadar bayang\nMengapa hatiku kau tinggalkan pilu;Pantun Kasih Sayang;Pantun Kasih Sayang
1093;Bintang timur menyinsing pagi\nKabut hilang perlahan-lahan\nJika kasih kau simpan lagi\nMengapa hatiku kau biarkan;Pantun Kasih Sayang;Pantun Kasih Sayang
1112;brangkasnya dibawa turun\ndi pindah dari ruang tamu\nmalammalam aku terbangun\nmungkin ini efek kangen kamu;Pantun Kasih Sayang;Pantun Kasih Sayang
1123;buah belimbing buah mangga\nbuah nangka buah kelapa\nkalau cinta buktikan segera\njangan hanya omongan belaka;Pantun Kasih Sayang;Pantun Kasih Sayang
1135;buah duku buah kenari\nsimbol pramuka penuh sandi\nmemang kamu kaya bidadari\ntapi sayang jarang mandi;Pantun Kasih Sayang;Pantun Kasih Sayang
1137;buah duku buah rambutan\ncuci piring bawah jembatan\nentah jodoh ataupun bukan\nmari awali dengan persahabatan;Pantun Kasih Sayang;Pantun Kasih Sayang
1139;buah duku buah rambutan\nmatang satu di tengah hutan\ncintaku bukan buatan\nseperti paku menempel di papan;Pantun Kasih Sayang;Pantun Kasih Sayang
1144;buah duren kulitnya berduri\ndipetik dari pohon oleh pak tani\nmelihat kamu duduk sendiri\ningin sekali ku menemani;Pantun Kasih Sayang;Pantun Kasih Sayang
1149;buah durian enak rasanya\nbila dimakan dengan agaragar\nbolehkah saya bertanya\ntahukah kamu hewan berbadan besar;Pantun Kasih Sayang;Pantun Kasih Sayang
1151;buah jambu buah pisang\ntersaji diatas meja\nku ucapkan selamat makan siang\nlewat untaian salam cinta;Pantun Kasih Sayang;Pantun Kasih Sayang
1154;buah jambu masam rasanya\nmanis kalau ditambah gula\ntelah menancap panah asmara\nkutolakpun tiada berdaya;Pantun Kasih Sayang;Pantun Kasih Sayang
1155;buah jeruk ada dimeja\nada pisau di dalam laci\ndiri ini bukan pujangga\ntapi ini letupan rindu hati;Pantun Kasih Sayang;Pantun Kasih Sayang
1169;buah kesemek buah tomat\ndisimpan di dalam lemari\npantas dari tadi bau menyengat\nternyata kau belum mandi;Pantun Kasih Sayang;Pantun Kasih Sayang
1170;Buah kuini jatuh tercampak\nJatuh menimpa bunga selasih\nBiar bertahun dilambung ombak\nTidak ku lupa pada yang kasih;Pantun Kasih Sayang;Pantun Kasih Sayang
1173;buah mangga buah kemumu\nmakan sebiji di pohon waru\nlelah aku bersabar untukmu\nlebih baik mencari cinta baru;Pantun Kasih Sayang;Pantun Kasih Sayang
1174;buah mangga buah kweni\ndimakan dengan pisang raja\nmohon terima cintaku ini\nkalau tidak pedih terasa;Pantun Kasih Sayang;Pantun Kasih Sayang
1183;buah manggis buah mladih\nbeli cuka beli permata\nkamu menangis aku pun sedih\nbila kau suka aku pun cinta;Pantun Kasih Sayang;Pantun Kasih Sayang
1197;buah nanas buah semangka\nbuah semangka manis rasanya\nselagi dirimu masih muda\nraihlah pendidikan setingginya;Pantun Kasih Sayang;Pantun Nasihat
1201;buah nangka baru dipetik\ndicampur duku di atas loyang\nada banyak perempuan cantik\nhanya kamu yang aku sayang;Pantun Kasih Sayang;Pantun Kasih Sayang
1204;buah nangka buah kedondong\nada angin buahnya pada jatuh\ndasar kamu tukang bohong\nbilangnya cinta tapi hobi selingkuh;Pantun Kasih Sayang;Pantun Kasih Sayang
1222;buah pisang buah tomat\ndisimpan di dalam lumbung padi\npantas tercium bau menyengat\nrupanya kau belum mandi;Pantun Kasih Sayang;Pantun Hiburan
1223;buah pisang warnanya kuning\nblueberry berwarna biru\nhai kamu yang masih berbaring\nbangun dong baca whatsapp aku;Pantun Kasih Sayang;Pantun Kasih Sayang
1226;buah salak baru dipetik\nbuah duku buah delima\nada banyak wanita cantik\ncuma kamu yg aku cinta;Pantun Kasih Sayang;Pantun Kasih Sayang
1227;buah salak buah duku\ntidak bisa dibuat jamu\nbila kau belah dadaku\nakan kau temukan tulisan namamu;Pantun Kasih Sayang;Pantun Kasih Sayang
1241;buat apa berkain batik\nkalau tidak pakai selendang\nmelihat kamu berwajah cantik\nhatiku jadi ingin meminang;Pantun Kasih Sayang;Pantun Kasih Sayang
1243;buat apa membaca berita\nkalau tidak sampai tuntas\nbuat apa katakan cinta\ncicilan hp saja belum lunas;Pantun Kasih Sayang;Pantun Hiburan
1246;buat patung untuk dijual\npatungnya terbuat dari tanah\njika kau ingin beramal\npahamilah makna istiqomah;Pantun Kasih Sayang;Pantun Kasih Sayang
1248;buaya darat berkata merdu\nbuaya air bernyanyi sendu\nsungguh berat rasanya rindu\nwaktu sehari terasa sewindu;Pantun Kasih Sayang;Pantun Kasih Sayang
1265;bukan pantai di ujungpandang\nhanya lautan diantara selat\nmeski hati masih sayang\nbubarkan saja cinta sesaat;Pantun Kasih Sayang;Pantun Kasih Sayang
1280;bulan pertama itu januari\nbulan kedua itu februari\njika kamu ingin jago lari\nberlatih lah setiap hari;Pantun Kasih Sayang;Pantun Nasihat
1282;bulan pun bersinar pudar\nbagai ragu masih tanggal satu\nsegala janji kau ingkar\ntak takut kah akan karmamu;Pantun Kasih Sayang;Pantun Kasih Sayang
1285;bulan ramadhan bulan suci\npergi kepasar membeli ikan\ntak tertanggungkan sedihnya hati\npunya pacar selingkuhan;Pantun Kasih Sayang;Pantun Kasih Sayang
1286;bulan ramadhan kita puasa\nsikatlah gigi dengan siwak\nsudah takdir kita berdua\nmenjalin cinta terpisah jarak;Pantun Kasih Sayang;Pantun Kasih Sayang
1291;bumi penuh dengan hewan\nlangit dihiasai awan gemawan\njika kamu insane dermawan\nbanyak teman sedikit lawan;Pantun Kasih Sayang;Pantun Nasihat
1292;bumi penuh dengan hewan\nlangit dihiasi awan gemawan\njika engkau insan dermawan\nbanyak teman banyak kawan;Pantun Kasih Sayang;Pantun Nasihat
1304;Bunga bakung putih bersih\nMekar sunyi di tepi kolam\nJika kasih selalu dipilih\nHidup damai siang dan malam;Pantun Kasih Sayang;Pantun Kasih Sayang
1337;Bunga kenanga disemat dara\nHarumnya lembut dibawa angin\nJika hati penuh setia\nPersahabatan kekal terjalin;Pantun Kasih Sayang;Pantun Kasih Sayang
1353;bunga lada tingginya sama\npetik setangkup bunga melati\nkanda pergi terlalu lama\nmanakah sanggup dinda menanti;Pantun Kasih Sayang;Pantun Kasih Sayang
1373;bunga mawar harum mewangi\nmekar berseri di pagi hari\nbuat kamu yang aku sayangi\nselamat berpuasa di tahun ini;Pantun Kasih Sayang;Pantun Kasih Sayang
1385;bunga mawar terlihat layu\ntak disiram setiap pagi\nungkapkanlah kepadaku\nkarena cinta bukan teori;Pantun Kasih Sayang;Pantun Kasih Sayang
1408;Bunga Melati terapung-apung\nBunga rampai di dalam puan\nRindu hati tidak tertanggung\nBilakah dapat berjumpa tuan;Pantun Kasih Sayang;Pantun Kasih Sayang
1409;bunga melati tumbuh di taman\nair perigi warna kehijauan\nrindu hati tak tertahankan\nayah pergi di perantauan;Pantun Kasih Sayang;Pantun Kasih Sayang
1412;bunga melati warnanya putih\nbunga kesukaan diriku\naku sangat berterima kasih\ndikau selalu ada untukku;Pantun Kasih Sayang;Pantun Kasih Sayang
1414;bunga melati warnanya putih\ntertiup angin dibasuh hujan\njika kamu menaruh kasih\nlangsung kita ke pelaminan;Pantun Kasih Sayang;Pantun Kasih Sayang
1423;Bunga melur putih bersih\nMekar sunyi di tepi taman\nJika hidup penuh kasih\nDamai terasa dalam pergaulan;Pantun Kasih Sayang;Pantun Kasih Sayang
1456;bunga violet berwarna biru\nmerah merona si bunga mawar\nkalau hati sudah rindu\nhanya fotomu jadi penawar;Pantun Kasih Sayang;Pantun Kasih Sayang
1463;Burung balam bersuara pilu\nDi dahan tua tepi perigi\nJika rindu menyapa kalbu\nMengapa engkau tidak kembali;Pantun Kasih Sayang;Pantun Kasih Sayang
1464;Burung balam di rimba sunyi\nBersuara lirih di hujung dahan\nJika rindu bersemi lagi\nMengapa hati kau biarkan rawan;Pantun Kasih Sayang;Pantun Kasih Sayang
1470;burung bangau bermain di paya\nlalu terbang jauh ke kota\npak kusir selalu setia\ntemani kami dengan cerita;Pantun Kasih Sayang;Pantun Kasih Sayang
1489;burung camar burung keladi\nhinggap di papan mau beradu\nmau melamar tidak jadi\nkarena bapaknya tidak setuju;Pantun Kasih Sayang;Pantun Kasih Sayang
1490;burung camar di tepi pantai\npantai indah banyak ombaknya\njadilah kamu anak yang pandai\nsudah pasti banyak temannya;Pantun Kasih Sayang;Pantun Kasih Sayang
1508;burung dara berjajar lima\nada di pucuk pohon bidara\nsuka duka selalu bersama\nitulah tanda teman setia;Pantun Kasih Sayang;Pantun Kasih Sayang
1514;burung dara indah warnanya\nburung perkutut indah bersuara\nayah bunda harum namanya\nanakku sayang sering juara;Pantun Kasih Sayang;Pantun Kasih Sayang
1523;burung dara terbang melayang\nhinggap dulu ke tengah taman\nkepada yang muda mestilah sayang\nitulah tanda orang yang budiman;Pantun Kasih Sayang;Pantun Kasih Sayang
1527;burung elang makanya nasi\nburung kutilang suaranya merdu\nduhai sayang pujaan hati\nabang kangen dan sangat rindu;Pantun Kasih Sayang;Pantun Kasih Sayang
1531;burung elang sayapnya patah\ntapi tetap terbang di udara\nengkau tetap yang terindah\ndalam hidupku sepanjang masa;Pantun Kasih Sayang;Pantun Kasih Sayang
1535;burung elang terbang melayang\njauh ke awan kejar impian\nkepada yang muda selalu sayang\nitulah tanda hatinya budiman;Pantun Kasih Sayang;Pantun Kasih Sayang
1551;burung elang turun ke rawa\ndi pohon bakau tanah rata\nmelayang rasa di dalam jiwa\nmelihat engkau bermain mata;Pantun Kasih Sayang;Pantun Kasih Sayang
1567;burung jalak buruk gelatik\nsibuk mencari kutu si kerbau\nsungguh kamu gadis yang cantik\ntapi sayang keteknya bau;Pantun Kasih Sayang;Pantun Kasih Sayang
1594;Burung kenari bernyanyi lirih\nDi pohon ara tepi laman\nJika kasih masih bersih\nMengapa engkau tiada bertahan;Pantun Kasih Sayang;Pantun Kasih Sayang
1599;Burung kenari bersuara sendu\nDi pohon ara tepi halaman\nJika rindu datang bertalu\nMengapa engkau tak beri jawaban;Pantun Kasih Sayang;Pantun Kasih Sayang
1600;burung kenari burung gelatik\nkeripik pisang harga diskon\nmakin hari makin cantik\ntapi sayang tak ada respon;Pantun Kasih Sayang;Pantun Kasih Sayang
1604;Burung kenari menyanyi rawan\nDi pohon ara tepi halaman\nJika rindu bukan beban\nMengapa engkau tak memberi jawaban;Pantun Kasih Sayang;Pantun Kasih Sayang
1615;burung melayang burung nuri\nhinggap sebentar di pohon kenari\nkasih sayangku amat murni\nseperti embun di pagi hari;Pantun Kasih Sayang;Pantun Kasih Sayang
1616;Burung merak indah warnanya\nMembuka sayap di pagi hari\nJika hidup penuh makna\nBerbagi kasih setiap hari;Pantun Kasih Sayang;Pantun Kasih Sayang
1620;Burung merbah bernyanyi sendu\nDi dahan jati tepi laman\nJika rindu datang bertalu\nMengapa kau tiada jawaban;Pantun Kasih Sayang;Pantun Kasih Sayang
1621;Burung merbah bersuara lirih\nDi hujung dahan pohon jati\nJika rindu datang menyilih\nMengapa engkau jauh di sisi;Pantun Kasih Sayang;Pantun Kasih Sayang
1623;Burung merbah di dahan sena\nBersuara pilu menjelang senja\nJika rindu masih membara\nMengapa engkau tidak bersua;Pantun Kasih Sayang;Pantun Kasih Sayang
1635;Burung merpati terbang berdua\nMenyusuri awan indah berlapis\nKasih dan sayang mari terjaga\nCinta abadi tak pernah habis;Pantun Kasih Sayang;Pantun Kasih Sayang
1643;burung merpati warnanya putih\nsedang hinggap di atas dahan\nhati ini tak pernah letih\nmeski tetap kamu abaikan;Pantun Kasih Sayang;Pantun Kasih Sayang
1653;burung nuri burung dara\nterbangnya hinggap di pohon cemara\nhati rindu tiada tara\nrindu ku jauh di mata;Pantun Kasih Sayang;Pantun Kasih Sayang
1660;Burung nuri hinggap di sena\nMenyisir bulu waktu petang\nJika rindu bukan sengketa\nMengapa hati terus bergoncang;Pantun Kasih Sayang;Pantun Kasih Sayang
1677;burung nuri terbang melayang\nhinggap sebentar di pucuk dahan\nselamat pagi untuk mu sayang\nsemoga pagi penuh keberkahan;Pantun Kasih Sayang;Pantun Kasih Sayang
1685;burung pelatuk masuk sangkar\nsangkar mahal indah hiasannya\njauhkan dirimu bertengkar\nbertengkar itu tak ada gunanya;Pantun Kasih Sayang;Pantun Kasih Sayang
1702;burung pipit terbang berdua\nhingga manis di ranting cemara\nilmu mengajarkan arti setia\npada kebenara dan rasa percaya;Pantun Kasih Sayang;Pantun Kasih Sayang
1732;Burung serindit terbang beriring\nDi langit tinggi bersuara rawan\nJika kasih tiada berpaling\nMengapa jarak jadi halangan;Pantun Kasih Sayang;Pantun Kasih Sayang
1738;Burung serindit terbang seiring\nDi langit tinggi bersuara rawan\nJika kasih bukan seliring\nMengapa cemburu menjadi awan;Pantun Kasih Sayang;Pantun Kasih Sayang
1747;Burung tempua terbang seiring\nMenyusur awan di langit raya\nJika kasih takkan berpaling\nMengapa dingin kau cipta;Pantun Kasih Sayang;Pantun Kasih Sayang
1748;burung terbang dengan sayap\nlincah berenang si anak ikan\nterima kasih yang besar terucap\nuntuk nyonya dan tuan budiman;Pantun Kasih Sayang;Pantun Kasih Sayang
1750;burung terbang di atas turi\nhinggap sebentar di pohon kenari\nkasih sayangku amatlah murni\nbagai embun di pagi hari;Pantun Kasih Sayang;Pantun Kasih Sayang
1754;burung terbang menari nari\nserong kekanan dan kekiri\ningin rasanya kamu kemari\nmelamar dengan percaya diri;Pantun Kasih Sayang;Pantun Kasih Sayang
1762;cabe rawit cabe setan\ndimasak menjadi bumbubumbu\nbumi terbelah menjadi lautan\nsebesar itu cintaku padamu;Pantun Kasih Sayang;Pantun Kasih Sayang
1763;cabe rawit cabe setan\ndimasak menjadi bumbubumbu\nsayangku seluas lautan\nsebesar itu cintaku padamu;Pantun Kasih Sayang;Pantun Kasih Sayang
1764;cabut kacang hingga ke akar\nsetelah itu makan siang\ntahun tentulah bertukar\nisi hati tetap kamu seorang;Pantun Kasih Sayang;Pantun Kasih Sayang
1769;Cahaya memancar ke pangkal kelapa\nTerang bulan di malam nanti\nSayang ibu dan juga bapa\nKenang mereka sudah berbakti;Pantun Kasih Sayang;Pantun Kasih Sayang
1783;cantik rupanya si ramarama\nterbang ke atas bunga cempaka\njika rindu kusebut nama\nmenetes pula air mata;Pantun Kasih Sayang;Pantun Kasih Sayang
1792;Cempaka gugur di serambi tua\nHarumnya tinggal di ruang sepi\nJika rindu bukan sandiwara\nMengapa engkau tak hampiri;Pantun Kasih Sayang;Pantun Kasih Sayang
1794;Cempaka kuning di serambi lama\nHarumnya lembut menyentuh kalbu\nJika rindu bukan semata\nMengapa engkau diam membisu;Pantun Kasih Sayang;Pantun Kasih Sayang
1796;Cempaka layu di tepi laman\nHarumnya tinggal di ruang hati\nJika rindu bukan khayalan\nMengapa jauh tak bertepi;Pantun Kasih Sayang;Pantun Kasih Sayang
1799;Cempaka putih harum berseri\nGugur perlahan di hujung laman\nJika kasih tulus di hati\nMengapa engkau enggan bertahan;Pantun Kasih Sayang;Pantun Kasih Sayang
1801;Cempaka putih mekar berseri\nHarumnya lembut menusuk jiwa\nJika kasih tidak bertepi\nMengapa jarak memisah kita;Pantun Kasih Sayang;Pantun Kasih Sayang
1813;cinta seperti anak kecil\nkadang sedih kadang senang\nkalau kamu tidak jahil\nkuajak dirimu terbang;Pantun Kasih Sayang;Pantun Kasih Sayang
1814;cinta seperti nyanyian hati\nkadang sedih kadang senang\nkalau ku punya sayap merpati\nkan ku ajak dirimu terbang;Pantun Kasih Sayang;Pantun Kasih Sayang
1815;cinta tak memandang bulu\ncinta juga tak mengenal waktu\nrasakan cinta dihatimu\nbetapa indah mengikis kalbu;Pantun Kasih Sayang;Pantun Kasih Sayang
1820;cuaca buruk kilat petir\nhujan lebat di sore hari\nterima kasih sudah hadir\ndi acara bukber alumni ini;Pantun Kasih Sayang;Pantun Kasih Sayang
1822;cuaca cerah langit biru\npergilah berangkat si anak nelayan\nterima kasih wahai ayah ibu\naku takkan ada tanpa kalian;Pantun Kasih Sayang;Pantun Kasih Sayang
1833;daging ayam dibuat gulai\nbuat dimakan kita nanti\ndirimu seorang yang ternilai\ntakkan pernah bisa diganti;Pantun Kasih Sayang;Pantun Kasih Sayang
1843;dalam semangka berwarna merah\ndibelah dengan pisau tua\nhari minggu disambut mentari cerah\ndisamping sahabat yang setia;Pantun Kasih Sayang;Pantun Kasih Sayang
1850;dapet jatah beras miskin\ndibagi pas tanggal tujuh belas\naku pasrah chatku dicuekin\nasal cintaku kamu balas;Pantun Kasih Sayang;Pantun Kasih Sayang
1863;dari jauh datangnya tamu\nhanya untuk mencari ikan\nizinkan aku mencintaimu\ncinta selalu sepanjang zaman;Pantun Kasih Sayang;Pantun Kasih Sayang
1865;dari kebun memetik sayur\nsayur dimasak banyak gizinya\ntak enak makan tak enak tidur\nteringat kekasih jauh di sana;Pantun Kasih Sayang;Pantun Kasih Sayang
1871;dari mana datangnya kunang\ndari kebun mencari cindai\ndari mana datangnya tenang\ncoba jelaskan kalau kau pandai;Pantun Kasih Sayang;Pantun Kasih Sayang
1872;dari mana datangnya lalat\nkalau bukan dari pasar\ndari mana datangnya surat\nkalau bukan dari pacar;Pantun Kasih Sayang;Pantun Kasih Sayang
1877;dari mana melihat kunang\ndari kebun mencari perahu\ndari mana datangnya tenang\ncoba jelaskan kalau kau tahu;Pantun Kasih Sayang;Pantun Kasih Sayang
1878;Dari mana punai melayang\nDari paya turun ke padi\nDari mana datangnya sayang\nDari mata turun ke hati;Pantun Kasih Sayang;Pantun Kasih Sayang
1879;dari mana punai melayang\ndari sawah turun ke padi\ndari mana kasih dan sayang\ndari mata turun ke hati;Pantun Kasih Sayang;Pantun Kasih Sayang
1885;dari satu sampai delapan\njadi milik kakak sepupumu\nselain kamu baik dan sopan\naku suka cara berpakaianmu;Pantun Kasih Sayang;Pantun Kasih Sayang
1888;dari tadi jalanan macet\ntepat di depan toko buku\nsumpah kamu itu ganteng banget\nsayangnya kamu pacarnya temenku;Pantun Kasih Sayang;Pantun Kasih Sayang
1890;dari tomang ke kali sapu\nbawa tampah menjemur ikan\nkamu memang arif menyapu\nsemua sampah masih berserakan;Pantun Kasih Sayang;Pantun Kasih Sayang
1898;dateng dari arab bawa oleh kurma\ndateng dari cina bawa cangkir\nwalau kamu bukan yang pertama\ntapi kamu yang terakhir;Pantun Kasih Sayang;Pantun Kasih Sayang
1901;Daun durian jatuh tercampak\nLopak-lopak isi selasih\nTujuh tahun dilambung ombak\nTiada kulupa hati yang kasih;Pantun Kasih Sayang;Pantun Kasih Sayang
1914;Daun ketapang gugur berhela\nDisapu bayu di tepi laman\nJika kasih dijaga sentiasa\nTakkan retak dilanda zaman;Pantun Kasih Sayang;Pantun Kasih Sayang
1921;daun pala wanginya harum\ningin kupetik tinggi pohonnya\nmuncul pula rasa kagum\nbercampur dengan rasa cinta;Pantun Kasih Sayang;Pantun Kasih Sayang
1932;Daun selasih di tepi taman\nDipetik dara waktu senja\nJika kasih mahu bertahan\nPelihara sabar dan setia;Pantun Kasih Sayang;Pantun Kasih Sayang
1933;Daun selasih gugur ke bumi\nDisapa bayu di tepi taman\nJika kasih tulus di hati\nTak lekang dek waktu tak lapuk dek zaman;Pantun Kasih Sayang;Pantun Kasih Sayang
1934;Daun selasih gugur ke bumi\nDitiup angin waktu dini\nJika rindu masih di hati\nMengapa engkau menjauh lagi;Pantun Kasih Sayang;Pantun Kasih Sayang
1935;Daun selasih gugur ke bumi\nDitiup bayu waktu dini\nJika kasih tersimpan di hati\nMengapa diam kau beri;Pantun Kasih Sayang;Pantun Kasih Sayang
1962;di atas meja banyak makanan\npersiapan untuk para tamu\nbila dapat maju ke depan\nterima kasih banyak guruku;Pantun Kasih Sayang;Pantun Kasih Sayang
1963;di bandar banyak yang terpaku\nhilir mudik kanan dan kiri\ntak kan pudar kasih sayangku\ntambah erat hari ke hari;Pantun Kasih Sayang;Pantun Kasih Sayang
1984;di jalan tampak bayang semu\nterlihat tangan memegang madu\nmeski baru aja ketemu\nhati abang kembali rindu;Pantun Kasih Sayang;Pantun Kasih Sayang
1995;di luar masih gerimis\njadi malas malam mingguan\nwalau kamu nangisnangis\naku takkan mau kau ajak balikan;Pantun Kasih Sayang;Pantun Kasih Sayang
2008;di pohon banyak kelelawar\ntidur terbalik kakinya melekat\nmeski aku tak punya pacar\ntapi banyak orang yang mendekat;Pantun Kasih Sayang;Pantun Kasih Sayang
2012;di rumah kepala suku\nkatanya ada banyak hantu\nrindu ini seperti saudaraku\nia menemaniku setiap waktu;Pantun Kasih Sayang;Pantun Kasih Sayang
2014;di samping pohon mengkudu\nada empat pohon rambutan\naku terbebas dari virus rindu\nbila aku dan kamu ketemuan;Pantun Kasih Sayang;Pantun Kasih Sayang
2038;dia belinya di toko buku\nbukan beli online sepertiku\nalangkah bahagianya aku\njika kamu yang jadi jodohku;Pantun Kasih Sayang;Pantun Kasih Sayang
2046;dimanamana jalan macet\nterpantau dipadati para pemudik\nlagi kangen kamu banget\nkangen ngajak kamu piknik;Pantun Kasih Sayang;Pantun Kasih Sayang
2054;disana gunung disini gunung\ndi tengahtengah pulau jawa\nsaya bingung kamu juga bingung\nitu gunungnya segede apa;Pantun Kasih Sayang;Pantun Kasih Sayang
2056;disana gunung disini gunung\nditengahtengah bunga melati\nsaya bingung kamu pun bingung\nkenapa ada bunga melati;Pantun Kasih Sayang;Pantun Kasih Sayang
2057;Disana pauh di sini pun pauh\nDaun mengkudu ditandungkan\nAdinda jauh kekanda jauh\nKalau rindu sama tanggungkan;Pantun Kasih Sayang;Pantun Kasih Sayang
2070;Dua puluh satu bilangan Melayu\nSatu likur bilangan Jawa\nSama-sama menanggung rindu\nKalaupun mati kita berdua;Pantun Kasih Sayang;Pantun Kasih Sayang
2078;Duduk berehat di pinggir kali\nMengingat kekasih yang telah pergi\nBukan ku bimbang kekasih kembali\nTakut luka berdarah kembali;Pantun Kasih Sayang;Pantun Kasih Sayang
2089;duduk santai membaca buku\nbaca buku cerita cinta\nsaat aku bertemu kamu\neh... aku langsung jatuh cinta;Pantun Kasih Sayang;Pantun Kasih Sayang
2092;Duduk-duduk melihat rusa\nRusa diinjak seekor gajah\nKasih ibu sepanjang masa\nKasih anak sepanjang galah;Pantun Kasih Sayang;Pantun Kasih Sayang
2094;duhai selasih jangan iri\nsiapa pergi sambil kayangkayang\nduhai kekasih bila engkau pergi\njangan lupa dengan abangmu sayang;Pantun Kasih Sayang;Pantun Kasih Sayang
2097;dulu hobinya travelling\nsekarang jadi cowok rumahan\naku takkan pernah berpaling\ncintaku ini bukan cinta murahan;Pantun Kasih Sayang;Pantun Kasih Sayang
2098;dulu sukanya travelling\nsekarang jadi cewek rumahan\ndaripada kau buat pusing\nmending mulai sekarang kita udahan;Pantun Kasih Sayang;Pantun Kasih Sayang
2099;dulu tanganku hampir patah\nkena parang waktu di sawah\nini mantanku waktu sekolah\nsampai sekarang belum menikah;Pantun Kasih Sayang;Pantun Kasih Sayang
2118;Embun bening di pucuk padi\nDisapa bayu waktu dini\nJika cinta terpatri di hati\nMengapa engkau memilih pergi;Pantun Kasih Sayang;Pantun Kasih Sayang
2121;Embun halus di hujung lalang\nBerkilau indah disapa mentari\nJika setia tidak terbuang\nMengapa ragu sering menghampiri;Pantun Kasih Sayang;Pantun Kasih Sayang
2124;Embun jernih di hujung lalang\nBerkilau halus disinar mentari\nJika setia tidak terbuang\nMengapa janji tidak ditepati;Pantun Kasih Sayang;Pantun Kasih Sayang
2125;Embun jernih di pucuk lalang\nDisapa bayu waktu dini\nJika cinta tidak terhalang\nMengapa jauh dari sisi;Pantun Kasih Sayang;Pantun Kasih Sayang
2128;Embun pagi berkilau jernih\nMenyentuh daun di tepi titi\nJika setia masih bersih\nMengapa engkau memungkiri;Pantun Kasih Sayang;Pantun Kasih Sayang
2130;Embun pagi berkilau perak\nMenyentuh pucuk di tepi titi\nJika kasih tidak retak\nMengapa dingin kau beri;Pantun Kasih Sayang;Pantun Kasih Sayang
2134;Embun pagi di pucuk senduduk\nJatuh perlahan ke tanah rata\nJika cinta bukan sekadar tunduk\nMengapa janji mudah terleka;Pantun Kasih Sayang;Pantun Kasih Sayang
2160;gadis cantik memakai jilbab\nuntuk hindari segala godaan\nhanya waktu yang mampu menjawab\nsanggupkah cinta untuk bertahan;Pantun Kasih Sayang;Pantun Kasih Sayang
2172;garam dan asam sudah bertemu\ndi kuali bukan di permata\nbidadarinya ialah kamu\nmembuat hatiku jatuh cinta;Pantun Kasih Sayang;Pantun Kasih Sayang
2176;gelang emas di dalam peti\nhilang satu di taman melati\nkasih sayang yang sejati\nmembuatmu bahagia hingga mati;Pantun Kasih Sayang;Pantun Kasih Sayang
2179;gemercik syahdu suara gitar\nalunan lagu melodi indah\nbila cemburu seorang pacar\ncepat rayu memakai sumpah;Pantun Kasih Sayang;Pantun Kasih Sayang
2203;gunung bintan lekuk di tengah\nsayang penyengat kubunya tiga\nhancur badan dikandung tanah\nbudi kusanjung kau ingat juga;Pantun Kasih Sayang;Pantun Kasih Sayang
2209;gunung kelud si gunung merapi\nlama diam meletus jua\nkita terpisah sejauh ini\nhanya ujian cinta berdua;Pantun Kasih Sayang;Pantun Kasih Sayang
2214;gunung tinggi karena batu\nditinggal kekasih terasa sendu\nbaru saja kita bertemu\ntapi mengapa sudah ada rindu;Pantun Kasih Sayang;Pantun Kasih Sayang
2216;guru fisika berbaju putih\nmenulis materi dengan kapur\nrokok dikasih uang di kasih\nsudah dikasih malah kabur;Pantun Kasih Sayang;Pantun Kasih Sayang
2220;habis olahraga tubuh jadi lelah\ncapek badan seperti mau remuk\njika kamu pintar maka jawablah\nsemakin berisi semakin merunduk;Pantun Kasih Sayang;Pantun Kasih Sayang
2235;hari dingin sangat terasa\nminum jahe hangat rasanya\nbetapa ingin cepat berjumpa\nobati rindu di dalam dada;Pantun Kasih Sayang;Pantun Kasih Sayang
2241;hari hujan suasana sendu\nhanya memandang ikan di kolam\ntak tahan menahan rindu\ncinta terpendam jauh di dalam;Pantun Kasih Sayang;Pantun Kasih Sayang
2242;hari ini hari selasa\ncuaca cerah di tengah hari\naku sayang kalian semua\nmeski takkan bersua lagi;Pantun Kasih Sayang;Pantun Kasih Sayang
2254;hari malam hidupkan lampu\nanak kecil belajar membaca\nkampung rindu akan pulangmu\ntempat berbagi suka dan duka;Pantun Kasih Sayang;Pantun Kasih Sayang
2265;hari minggu membuat roti\nkepal tepung ke dalam adonan\nkenapa kau pergi jauh sekali\naku disini merindukanmu teman;Pantun Kasih Sayang;Pantun Kasih Sayang
2294;hari sabtu ikut pramuka\nkemahnya di lapangan pema\nkenapa kamu tidak peka\nhati ini ingin bersama;Pantun Kasih Sayang;Pantun Kasih Sayang
2298;hari senja si layanglayang\nbermain anak di tepi taman\nkepada sesama haruslah sayang\nitulah tanda orang beriman;Pantun Kasih Sayang;Pantun Kasih Sayang
2304;hartanya diberikan semua\nsaat di todong para begal\nberbaktilah pada orang tua\nsebelum nantinya kau menyesal;Pantun Kasih Sayang;Pantun Kasih Sayang
2305;Harum kemboja mewangi di Jawa\nTumbuh segar di pohon tualang\nKasih dan cinta tersemat di jiwa\nErat ukhuwah keluarga gemilang;Pantun Kasih Sayang;Pantun Kasih Sayang
2311;harum wanginya bunga melati\nberembun daunnya di pagi hari\njauh di mata dekat di hati\nitulah tanda cinta sejati;Pantun Kasih Sayang;Pantun Kasih Sayang
2312;harum wanginya bunga selasih\ntersiram hujan daunnya basah\nbelahan jiwa curahan kasih\ntempat hilangkan resah gelisah;Pantun Kasih Sayang;Pantun Kasih Sayang
2324;hayam wuruk raja termahsyur\ngajah mada pemersatu bangsa\ncinta ilmu sepanjang umur\ncinta bangsa sepanjang masa;Pantun Kasih Sayang;Pantun Kasih Sayang
2325;hayam wuruk raja yang masyhur\ngajah mada menyatukan bangsa\ncinta ilmu sepanjang umur\ncinta bangsa sepanjang masa;Pantun Kasih Sayang;Pantun Kasih Sayang
2328;hembusan angin siang hari\npaling enak di dekat kali\nkita hidup tidak sendiri\nkenapa kamu sombong sekali;Pantun Kasih Sayang;Pantun Kasih Sayang
2329;hendak berburu ke padang datar\nbawa badik juga kurungan\nmungkin cemburu itu hal yang wajar\nsoalnya adik jadi rebutan;Pantun Kasih Sayang;Pantun Kasih Sayang
2335;Hendak ke seberang naik penambang\nPerahu penambang tidak berpintu\nUsahlah kanda berhati bimbang\nPerhubungan kita mendapat restu;Pantun Kasih Sayang;Pantun Kasih Sayang
2337;hendak tidur pasang kelambu\nbadan sakit minum jamu\napa yang tak dicatat untukmu\nniscaya tidak akan menimpa kamu;Pantun Kasih Sayang;Pantun Kasih Sayang
2338;hentak tanah masukkan benih\nberharap padi cepat menguning\nsampainya hatimu wahai kasih\nhancurkan hatiku berkepingkeping;Pantun Kasih Sayang;Pantun Kasih Sayang
2339;hentak tanah tanamlah kacang\nkacang dibawa di dalam peti\nseperti malam cerah tanpa bintang\nsaat dirimu jauh dari sisi;Pantun Kasih Sayang;Pantun Kasih Sayang
2343;Hiasan indah tanduk rusa\nDibawa oleh insan kembara\nCinta harta akan binasa\nCinta dunia membuat sengsara;Pantun Kasih Sayang;Pantun Kasih Sayang
2345;hidup bahagia orang beriman\ntunduk hatinya pada rabbul izzati\nkasih sayang kepada teman\nbanyak teman banyak rezeki;Pantun Kasih Sayang;Pantun Kasih Sayang
2346;hidup bahagia orang yang iman\nhatinya tunduk pada rabbul izzati\nkasih sayanglah kepada teman\nbanyak teman banyak rezeki;Pantun Kasih Sayang;Pantun Kasih Sayang
2354;hijau daunnya si batang pisang\ntumbuh subur di cikarang\nselamat hari minggu kamu sayang\napa kabar dirimu sekarang;Pantun Kasih Sayang;Pantun Kasih Sayang
2355;hijauhijau si daun pandan\npandan dipetik di sore hari\nterima kasih atas kerelaan\nuntuk mengajar kami disini;Pantun Kasih Sayang;Pantun Kasih Sayang
2357;Hilang sepi diraut wajah\nUsah terlerai nilainya budi\nSetia janji tak akan berubah\nKasih tersemat tetap abadi;Pantun Kasih Sayang;Pantun Kasih Sayang
2380;hujan deras petir menggelegar\nmenyambar pohon hingga jatuh\npadahal cintaku amatlah besar\nkau malah beranjak pergi jauh;Pantun Kasih Sayang;Pantun Kasih Sayang
2381;hujan deras tiada terkira\namat dingin semilir anginnya\ncinta menyulut api asmara\nbagaimana memadamkannya;Pantun Kasih Sayang;Pantun Kasih Sayang
2388;hujan lebat di hari minggu\nambil daun pisang untuk berteduh\nselamat malam untuk kamu\nmeskipun kini sudah subuh;Pantun Kasih Sayang;Pantun Kasih Sayang
2389;hujan lebat di hari minggu\ntidak jadi mencuci pakaian\nkamu yang selalu kurindu\ndan tak akan pernah kulupakan;Pantun Kasih Sayang;Pantun Kasih Sayang
2390;hujan lebat di hari sabtu\nair sungai menjadi keruh\nkadang cinta seperti itu\nkita berkorban dia malah menjauh;Pantun Kasih Sayang;Pantun Kasih Sayang
2393;hujan malam membasuh sunyi\naroma tanah menguar tenang\ncintaku padamu tetap murni\ntak luntur oleh Waktu yang Panjang;Pantun Kasih Sayang;Pantun Kasih Sayang
2403;hujan tipis membasuh taman\nbunga segar menebar aroma\ncintaku hadir tanpa tuntutan\nnamunn tulus menjaga rasa;Pantun Kasih Sayang;Pantun Kasih Sayang
2407;hujan turun di sore sunyi\njalan basah berkialu redup\ncintaku padamu tetap disini\nmeski ragu pernah menyusup;Pantun Kasih Sayang;Pantun Kasih Sayang
2422;hutan lebat menyimpan rahasia\ndaun jatuh tanpa suara\ncintaku dalam dan setia\ntak perlu janji berlebihan kata;Pantun Kasih Sayang;Pantun Kasih Sayang
2427;ibu kota ada di jakarta\nkota sibuk kedatangan tamu\nku tak bisa hidup tanpa cinta\ncinta suciku hanyalah kamu;Pantun Kasih Sayang;Pantun Kasih Sayang
2432;ibu memasak di pagi minggu\nmembuat sarapan pergi ke ladang\nuntuk dirimu wahai jodohku\nselamat menjaga jodoh orang;Pantun Kasih Sayang;Pantun Kasih Sayang
2437;ibu pergi membeli permata\ntak lupa membeli bedak\npantaskah diriku jatuh cinta\ndia sangat baik atau tidak;Pantun Kasih Sayang;Pantun Kasih Sayang
2440;ibuibu sukanya ngebatik\nkalau bapakbapak sukanya rebana\nkau wanita yang paling cantik\nyang dapat membuatku terpana;Pantun Kasih Sayang;Pantun Kasih Sayang
2444;ikan belanak hilir berenang\nburung dara membuat sarang\nmakan tak enak tidur tak tenang\nhanya teringat dinda seorang;Pantun Kasih Sayang;Pantun Kasih Sayang
2447;ikan berenang kejar sampan\nmencari sahabat mencari teman\ntidak kaya tidak tampan\ntapi kau buatku nyaman;Pantun Kasih Sayang;Pantun Kasih Sayang
2451;ikan goreng enak dimakan\nminumnya ngambil dari kulkas\nnikmat nian kamu sedang makan\nsedang saya berkutat tugas;Pantun Kasih Sayang;Pantun Kasih Sayang
2452;Ikan haruan si ikan tenggiri\nDibawa orang dari Linggi\nPadamu kanda ku perhambakan diri\nBawalah daku ke mana kau pergi;Pantun Kasih Sayang;Pantun Kasih Sayang
2462;ikan patin jadi masakan\ndimasaknya di kota palembang\nkurus badan bukan kurang makan\nkurus memikirkan kamu seorang;Pantun Kasih Sayang;Pantun Kasih Sayang
2483;indah lukisan hasil karya\nsungguh cerah warna warninya\ncinta mesti dengan setia\njika ingin hidup bahagia;Pantun Kasih Sayang;Pantun Kasih Sayang
2484;indah memang batu permata\ndikalungkan bagaikan genta\njika engkau jatuh cinta\nibarat orang bermata buta;Pantun Kasih Sayang;Pantun Kasih Sayang
2487;indah sekali bunga lili\nkelopak mekar berseriseri\ningin rasanya aku mendekati\nlalu menjadikanmu kekasih hati;Pantun Kasih Sayang;Pantun Kasih Sayang
2488;indah sekali kulit rusa\nbermain di taman berbatubatu\nkasih ibu sepanjang masa\ntak akan musnah ditelan waktu;Pantun Kasih Sayang;Pantun Kasih Sayang
2497;indramayu kota mangga\nmangga banyak aneka rasa\nkalau membangun rumah tangga\nbangunlah dengan orang yang kamu cinta;Pantun Kasih Sayang;Pantun Kasih Sayang
2505;ingkar dayang sultan pun murka\nmenutup lubang di pohon kera\nkenapa sayang bermasam muka\nbisa abang menghapus lara;Pantun Kasih Sayang;Pantun Kasih Sayang
2512;isi bahan bakar dengan solar\nuntuk pergi ke pekanbaru\nberbuka yang manis jadi hambar\nmanisnya pindah ke wajah kamu;Pantun Kasih Sayang;Pantun Kasih Sayang
2520;itu suara penjual jamu\ntolong bukakanlah pintu\nwalau tiap tidur mimpiin kamu\naku tak pernah bosan dengan itu;Pantun Kasih Sayang;Pantun Kasih Sayang
2532;jaka tarub dengan tujuh bidadari\nlepaskan enam nikahi satu\nsemakin tahun berganti\nsemakin ku yakin kau lah wanitaku;Pantun Kasih Sayang;Pantun Kasih Sayang
2533;jalan di jakarta mulai macet\nbanyak yang mulai keluar lagi\naku udah kangen kamu banget\nkapan sih covid ini pergi;Pantun Kasih Sayang;Pantun Kasih Sayang
2534;jalan jalan bersama ibu\ntak lupa membeli buah mangga\nbagaimana hati ini tidak rindu\npergi jauh dari orang tua;Pantun Kasih Sayang;Pantun Kasih Sayang
2540;jalan jalan ke kediri\nkotanya indah dan juga bersih\nminggu pagi disambut mentari\nseiring manisnya senyummu kasih;Pantun Kasih Sayang;Pantun Kasih Sayang
2553;jalan kaki pergi ke sawah\njangan lupa pakai sepatu\nkatanya mau fokus sekolah\nternyata malah punya pacar baru;Pantun Kasih Sayang;Pantun Kasih Sayang
2560;jalan ke sungai berbatubatu\nuntuk itu pakailah sepatu\nterima kasih atas kasihmu\nyang tak terhingga sepanjang waktu;Pantun Kasih Sayang;Pantun Kasih Sayang
2573;Jalan-jalan ke kota baru\njangan lupa beli kain warna biru\nkalau kamu cinta padaku\nkatakan saja aku sayang padamu;Pantun Kasih Sayang;Pantun Kasih Sayang
2578;jalanan mulai kembali macet\nbanyak yang mulai berkelana\nsebenarnya kangen kamu banget\ntapi aku ndak bisa kemanamana;Pantun Kasih Sayang;Pantun Kasih Sayang
2579;jalanan terpantau macet\nsejak banjir tadi pagi\nkamu emang kriteriaku banget\nudah cantik pinter ngaji lagi;Pantun Kasih Sayang;Pantun Kasih Sayang
2589;jalanjalan ke kebun nanas\njangan lupa bawa gergaji\njika cinta tak kau balas\nsedih hati berharihari;Pantun Kasih Sayang;Pantun Kasih Sayang
2610;jalanjalan ke kota sama paman\neh ternyata cuma beli sikat\ndari sekian banyak teman\ncuman engkau yang paling dekat;Pantun Kasih Sayang;Pantun Kasih Sayang
2614;jalanjalan ke negeri sakura\njalannya berkelok bagai naga\ningin hati melamar anaknya\nnasib buruk dapat ibunya;Pantun Kasih Sayang;Pantun Kasih Sayang
2618;jalanjalan ke pasar baru\njangan lupa beli kain biru\nkalau kamu cinta padaku\nkatakanlah aku cinta padamu;Pantun Kasih Sayang;Pantun Kasih Sayang
2637;jalanjalan ke wisata bahari\nhari minggu ramai sekali\nuntuk kasih yang di hati\nmimpi indahlah malam ini;Pantun Kasih Sayang;Pantun Kasih Sayang
2644;jalanjalan membeli buku\npulangnya mampir ke arah butik\nkalau kamu mau jadi sahabatku\nwajahmu kan berubah jadi cantik;Pantun Kasih Sayang;Pantun Kasih Sayang
2651;jalanjalan pakai sepatu roda\nberhenti sejenak di samping gardu\nmerah bibirmu sungguh menggoda\nbulu mata lentikmu bikin ku rindu;Pantun Kasih Sayang;Pantun Kasih Sayang
2661;jangan banyakbanyak makan acar\nkalau penyakit perut belu selesai\naku tak ingin hanya karena pacar\npersahabatan kita bisa usai;Pantun Kasih Sayang;Pantun Kasih Sayang
2663;jangan berlari naiklah kereta\njika kamu dikejar buaya\nsemakin hari semakin cinta\nkarena sering jajanin saya;Pantun Kasih Sayang;Pantun Kasih Sayang
2669;jangan dikira pedasnya lada\nminumlah air dengan es batu\nrindu yang ada kian membara\nkala semakin lama tidak bertemu;Pantun Kasih Sayang;Pantun Kasih Sayang
2694;jangan minder jadi anak petani\ntingkatkan terus prestasimu\nsetiap aku mau tidur gini\naku selalu membayangkan dirimu;Pantun Kasih Sayang;Pantun Kasih Sayang
2699;jangan pegang duri mawar\ndurinya sungguh tajam sekali\nmelihat adik rindu tertawar\nsiapa namamu si pelita hati;Pantun Kasih Sayang;Pantun Kasih Sayang
2703;jangan pergi ke mbah dukun\njika pengen membeli sayur\nsayangku cintaku ayo bangun\nmumpung belum imsyak ayo sahur;Pantun Kasih Sayang;Pantun Kasih Sayang
2723;jangan tanya pedasnya lada\ndicampur dengan ikan teri\nterima kasih keluarga tercinta\nmasih bersama di hari raya ini;Pantun Kasih Sayang;Pantun Kasih Sayang
2724;jangan terlalu berani\nduduklah santai diatas bangku\nkalau aku lagi rindu gini\nmimpiin kamu adalah harapanku;Pantun Kasih Sayang;Pantun Kasih Sayang
2725;jangan tertipu dunia semu\ntinggal di dunia hanya sepagi\njika engkau orang berilmu\nderajatmu pasti meninggi;Pantun Kasih Sayang;Pantun Kasih Sayang
2741;jauh jalan ke hutan rimba\nmendengar ular mendesasdesus\nwajahmu cantik seindah bunga\ntapi sayang bunga kaktus;Pantun Kasih Sayang;Pantun Kasih Sayang
2742;jauh ketengah kapal berlayar\nsaking jauhnya sudah tak tampak\nkasih sayang yang paling besar\nitulah cinta ibu dan bapak;Pantun Kasih Sayang;Pantun Kasih Sayang
2769;jika kamu ingin pintar\nmaka rajinrajinlah belajar\nudara segar badan bugar\nsemakin cinta alam sekitar;Pantun Kasih Sayang;Pantun Kasih Sayang
2805;jika tumbuh sebatang pohon\nbiarkan rindang ambil buahnya\njika engkau hendak memohon\nmohon pertolongan hanya padanya;Pantun Kasih Sayang;Pantun Nasihat
2810;jikalau ikan di dalam kolam\nbunganya tumbuh di tengah taman\njikalau cintaku sudah mendalam\njaraknya jauh tak ku hiraukan;Pantun Kasih Sayang;Pantun Kasih Sayang
2813;jikalau kamu bertemu agung\nsampaikan salamku padanya\nkalau nanti kamu bingung\ntanyakan langsung pada ahlinya;Pantun Kasih Sayang;Pantun Kasih Sayang
2817;jikalau nanti bertemu agung\nsampaikan salamku kepadanya\njikalau nanti engkau pun bingung\ntanyakan saja pada ahlinya;Pantun Kasih Sayang;Pantun Kasih Sayang
2823;jilbab putih dan abuabu\ndipakai dengan indahnya gamis\nbolehkah ku tahu namamu\nuntuk kamu yang senyumnya manis;Pantun Kasih Sayang;Pantun Kasih Sayang
2835;kabut tipis menyelimuti lembah\ncahaya pagi muncul perlahan\ncintaku tumbuh tanpa gelisah\nkarena kau hadir penuh keikhlasan;Pantun Kasih Sayang;Pantun Kasih Sayang
2848;Kain batik negeri seberang\nDipakai anak Tanah Melayu\nApa ertinya kasih dan sayang\nKalaulah abang berjanji palsu;Pantun Kasih Sayang;Pantun Kasih Sayang
2850;kain batik ukuran lebar\nkotor terkena debu dedak\ncewek cantik saja penyabar\napalagi kamu yang tidak;Pantun Kasih Sayang;Pantun Kasih Sayang
2851;kain batik warnanya merah\nkena hujan kainpun basah\nlebih baik kita menikah\nsupaya cinta mendapat berkah;Pantun Kasih Sayang;Pantun Kasih Sayang
2863;kain putih kain bersih\ngadis manis berjalan santun\nsungguh ku ucapkan terima kasih\naku sudah bisa bermain pantun;Pantun Kasih Sayang;Pantun Kasih Sayang
2895;Kalau ada air bersih\nBolehlah kita menggunakannya\nKalau kamu ingin lingkunganmu bersih\nBuanglah sampah pada tempatnya;Pantun Kasih Sayang;Pantun Nasihat
2899;kalau ada seekor tupai\nlihat lompat ke pohon mana\nkalau kamu memang pandai\nsapi ke utara ekornya ke mana;Pantun Kasih Sayang;Pantun Hiburan
2908;kalau beli kaca mata\nlihat dulu kamu punya hidung\nkalau punya pacar di kota\njangan melupakan pacar di kampung;Pantun Kasih Sayang;Pantun Kasih Sayang
2915;kalau bulan merindukan mentari\ntentu malam akan rindu siang\nkalau hati cinta ilahi\ntentu dirinya akan merasa tenang;Pantun Kasih Sayang;Pantun Kasih Sayang
2917;kalau cerdik cobalah terka\ngulalah tebu manis rasanya\nwahai kau adik cantik jelita\nbolehkah abang tahu namanya;Pantun Kasih Sayang;Pantun Kasih Sayang
2927;kalau ikan di dalam kolam\nbunga tumbuh di tengah taman\nkalau cinta sudah dalam\njarak jauh terasa nyaman;Pantun Kasih Sayang;Pantun Kasih Sayang
2934;kalau jatuh dari randu\npasti sakit seluruh badan\nkalau jauh terasa rindu\nsudah dekat menyebalkan;Pantun Kasih Sayang;Pantun Kasih Sayang
2938;kalau kamu membeli tikar\ntikar terbuat dari mengkuang\nkalau kamu memang pintar\nular apa yang melilit pinggang;Pantun Kasih Sayang;Pantun Kasih Sayang
2953;kalau mau menanam tebu\ntanamlah di dekat pohon jambu\nkalau kau cinta padaku\nbilang saja aku cinta kamu;Pantun Kasih Sayang;Pantun Kasih Sayang
2954;kalau mau pergi berburu\njangan pergi di siang hari\nkalau ada rasa cemburu\nitu tandanya masih ada hati;Pantun Kasih Sayang;Pantun Kasih Sayang
2960;Kalau menyanyi perlahan-lahan\nDibawa angin terdengar jauh\nRindu di hati tidak tertahan\nDi dalam air badan berpeluh;Pantun Kasih Sayang;Pantun Kasih Sayang
3018;kalaulah tidak menjadi padi\nmaka tak ada namanya beras\njikalau engkau tidak kembali\naku pun hanya bisa melepas;Pantun Kasih Sayang;Pantun Kasih Sayang
3022;kamu jangan suka malu\nkatakan kepada temanku\naku suka kamu yang dulu\nkamu yang sayang dan percaya aku;Pantun Kasih Sayang;Pantun Kasih Sayang
3032;kancil terikat mulut meronta\ndatang kerbau sama buaya\nkau membawakan aku cinta\nditambah dengan rasa setia;Pantun Kasih Sayang;Pantun Kasih Sayang
3049;kapal tenggelam di sungai duku\ndi sungai duku ada jamu\nselamat malam wahai mantanku\naku rindu sekali padamu;Pantun Kasih Sayang;Pantun Kasih Sayang
3058;karena tak pernah ketemu\ndia rencana minta di temenin\ncintaku ini hanya untukmu\nkenapa cintamu untuk yang lain;Pantun Kasih Sayang;Pantun Kasih Sayang
3064;kasihan para nelayan\npulang melaut tak dapat ikan\napapun alasan yang kau lontarkan\naku takkan mungkin mau balikan;Pantun Kasih Sayang;Pantun Kasih Sayang
3065;kata teman sebangkumu\nkemarin tugasnya kamu robek\nsebenarnya aku suka kamu\nsayangnya kamu itu terlalu cuek;Pantun Kasih Sayang;Pantun Kasih Sayang
3066;Kata terbukti setulus budi\nSepanjang abad terkalung di jiwa\nCinta sejati terus bersemi\nSelagi jasad terkandung nyawa;Pantun Kasih Sayang;Pantun Kasih Sayang
3074;kau bagaikan sebuah jarijari\nyang memegang erat sebuah paku\nkau sama seperti pencuri\nyang telah mencuri hatiku;Pantun Kasih Sayang;Pantun Kasih Sayang
3082;Kayu di pantai kota Alam\nPantainya sendi bersendi\nJika engkau pandai di alam\nPatah tumbuh hilang berganti;Pantun Kasih Sayang;Pantun Kasih Sayang
3088;Kayu jati di samping batu\nBatu kecil lalu dilempar\nJika engkau tak lagi disisiku\nDunia ini terasa hambar;Pantun Kasih Sayang;Pantun Kasih Sayang
3093;kayu jati sedang ditata\ndiikatikat trus di gergaji\nsakitlah hati karena putus cinta\nlebih parah sambil sakit gigi;Pantun Kasih Sayang;Pantun Kasih Sayang
3094;kayu jati untuk pintu\ndari pantai membawa kerang\nhati ini merasa rindu\nsayang rindu masih terlarang;Pantun Kasih Sayang;Pantun Kasih Sayang
3096;kayu manis mulai dipahat\nmakanan kecil dua sukat\nwahai anak dengarkan nasehat\nmoga engkau mendapat berkat;Pantun Kasih Sayang;Pantun Nasihat
3100;kayu meranti kayu telugu\ntumbuh anggrek jadi benalu\nkamu menanti aku menunggu\nmengatakan cinta rasanya malu;Pantun Kasih Sayang;Pantun Kasih Sayang
3125;ke dalam sungai lempar batu\ndiselam sianak pandai berenang\nselamat hari kamis buat kamu\nwanita cantik istri orang;Pantun Kasih Sayang;Pantun Kasih Sayang
3167;ke jakarta naik kereta\nsampai stasiun dijemput mertua\ncinta bukan sembarang cinta\ncinta ibu tiada terkira;Pantun Kasih Sayang;Pantun Kasih Sayang
3168;ke jakarta naiklah pesawat\npesawat terbang landingnya susah\nkalau cinta sudah melekat\nsiang terbayang malam mimpi basah;Pantun Kasih Sayang;Pantun Kasih Sayang
3230;ke padang datar hendak berburu\npadang rumput luas dan lebar\naku rindu pada bu guru\nyang baik hati dan penyabar;Pantun Kasih Sayang;Pantun Kasih Sayang
3311;ke rumah paman naik sepeda\nsepeda bergoyang terkena batu\njika memang tidak cinta\nmengapa tak kau katakan dari dulu;Pantun Kasih Sayang;Pantun Kasih Sayang
3336;ke sekolah pakai sepeda\nmenyandang tas isinya buku\nkepadamulah aku meminta\nrasa maaf dan terima kasihku;Pantun Kasih Sayang;Pantun Kasih Sayang
3337;ke sekolah pergi belajar\nguru menulis dengan kapur\nrindu pada ibu kian menjalar\nmenusuk kalbu mengganggu tidur;Pantun Kasih Sayang;Pantun Kasih Sayang
3362;Ke taman bunga membeli mawar\nHarumnya semerbak menawan hati\nRindu padamu kian berputar\nKasih terikat janji sejati;Pantun Kasih Sayang;Pantun Kasih Sayang
3389;Ke taman sore penuh keramaian\nAnak kecil tertawa riangan\nSebarkan cinta dan kebaikan\nAgar hangat dalam pergaulan;Pantun Kasih Sayang;Pantun Kasih Sayang
3409;ke toko beli ikan cupang\ntidak lupa dengan peletnya\njika kamu lagi bimbang\nkonsultasi sama ahlinya;Pantun Kasih Sayang;Pantun Nasihat
3413;ke warung beli bola lampu\nlampu di pasang dekat pintu\nselamat membuka lembaran baru\nsemoga kau tetap bersamaku;Pantun Kasih Sayang;Pantun Kasih Sayang
3417;kebakaran di samping gardu\nkatanya itu rumah kepala suku\nkalau kamu lagi rindu\nkalau tidur mimpikanlah aku;Pantun Kasih Sayang;Pantun Kasih Sayang
3421;kedip si kedip cahaya kunangkunang\nsambut tahun baru dengan terompet\ncintaku padamu tak pernah hilang\nyang hilang hanya pengisi dompet;Pantun Kasih Sayang;Pantun Kasih Sayang
3423;kehidupan itu penuh likuliku\njadi jangan sering berbuat ulah\nteman kamu selalu menegurku\ndi kala aku berbuat salah;Pantun Kasih Sayang;Pantun Kasih Sayang
3432;kelapa tua mana tupainya\nmelompat jauh ke pucuk bunga\nmemetik mangga pada tangkainya\nmemetik rindu di pohon cinta;Pantun Kasih Sayang;Pantun Kasih Sayang
3437;keliling kota sambil bernyanyi\ntidak lupa makan delima\nsaat kau berada di sini\naku bisa tersenyum lebih lama;Pantun Kasih Sayang;Pantun Kasih Sayang
3445;kemanapun kaki melangkah\naku selalu mengurai doa\nkemanapun cinta merambah\naku selalu menguraikan setia;Pantun Kasih Sayang;Pantun Kasih Sayang
3449;kemumu di dalam semak\nlari terbang mendengar babat\nterima kasih telah menyimak\nsemoga bisa memberi manfaat;Pantun Kasih Sayang;Pantun Kasih Sayang
3454;kenanga putih ada di batu\nlalu dituai dua pemuda\nterima kasih jika begitu\nbaru damai rasa di dada;Pantun Kasih Sayang;Pantun Kasih Sayang
3462;kepala sakit bukan kepalang\nbikin kepala jadi peyang\nsiapa yang bilang abang tak sayang\nsetiap saat terbayangbayang;Pantun Kasih Sayang;Pantun Kasih Sayang
3463;kepala sekolah yang terpilih\nhobinya membaca buku\nkamu kok cuek banget sih\nkapan kamu bisa menghargaiku;Pantun Kasih Sayang;Pantun Kasih Sayang
3479;kerja bakti masyarakat desa\nsemua hadir riang gembira\nkasih ibu sepanjang masa\nyang tak terbayar pengorbanannya;Pantun Kasih Sayang;Pantun Kasih Sayang
3492;Ketemu macan di dalam hutan\nLangsung lari takut dimakan\nWalau cinta banyak rintangan\nAku jaga kau dengan kesetiaan;Pantun Kasih Sayang;Pantun Kasih Sayang
3493;ketika asyik dengar lagu\npaman minta dibeliin jamu\nmumpung lagi malam minggu\naku ntar pengen mimpiin kamu;Pantun Kasih Sayang;Pantun Kasih Sayang
3499;ketika memanen madu\nmembawa bekal pepaya\nselamat pagi hatiku yang rindu\nsemoga lekas ku temukan obatnya;Pantun Kasih Sayang;Pantun Kasih Sayang
3501;ketika mencuci sajadah\nmereka tertawa di ruang tamu\naku pengen segera menikah\ntapi menikahnya sama kamu;Pantun Kasih Sayang;Pantun Kasih Sayang
3524;kota bandung kota jogja\nsungguh memang sama eloknya\nmalam tiba ku rindu dia\nbantal bolong kukira dia;Pantun Kasih Sayang;Pantun Kasih Sayang
3536;kuas hitam di atas kasur\nkasur rusak disobek parang\ntiap malam tak bisa tidur\nkarena memikirkan kamu seorang;Pantun Kasih Sayang;Pantun Kasih Sayang
3539;kucing anggora kucing yang antik\ndidapat dari pulau dewata\nwahai engkau wanita cantik\nbolehkah aku katakan cinta;Pantun Kasih Sayang;Pantun Kasih Sayang
3540;kucing berlari di dalam semak\nlari melesat mendengar babat\nterima kasih sudah menyimak\nsemoga dapat memberi manfaat;Pantun Kasih Sayang;Pantun Kasih Sayang
3556;kue cucur diatas meja\nmeja disimpan dekat jendela\nhatiku hancur karena cinta\ncintaku tulus dibalas dusta;Pantun Kasih Sayang;Pantun Kasih Sayang
3561;kueni asam jika dirasa\nkapas ringan terbang melayang\ninilah satu peribahasa\ntak kenal maka tak sayang;Pantun Kasih Sayang;Pantun Kasih Sayang
3563;kulit kelingking terkelupas\nsaat menolong kakakmu\nselama aku masih bernapas\naku akan selalu mencintaimu;Pantun Kasih Sayang;Pantun Kasih Sayang
3572;kupukupu hinggap dibunga\nsaling bercanda karena senang\naku juga baikbaik saja\nsedang apa dirimu sekarang;Pantun Kasih Sayang;Pantun Kasih Sayang
3573;kurakura dalam perahu\nperahu dayung patah kemudi\nsiang malam engkau ku rindu\ndatanglah kasih pujaan hati;Pantun Kasih Sayang;Pantun Kasih Sayang
3580;kursi kuat dari kayu jati\nmembelinya di sukarame\njika kau perempuan sejati\nalis alis apa yang bikin rame;Pantun Kasih Sayang;Pantun Hiburan
3582;kusiram bunga di pagi buta\nbunga merekah merah warnanya\ntak sabar rasanya hidup bersama\nmenjalin cinta hingga usia tua;Pantun Kasih Sayang;Pantun Kasih Sayang
3586;ladang luas tiada hama\nhanya datang seekor lebah\nalangkah nikmat paham agama\nsuami sayang isterinya shalehah;Pantun Kasih Sayang;Pantun Kasih Sayang
3590;lagi ada banyak ulat bulu\nsaat memetik sayur kangkung\napa kamu tak punya malu\npacar teman sendiri kamu tikung;Pantun Kasih Sayang;Pantun Hiburan
3593;lagi musim deklarasi\ndukungan calon presiden\nkamu tak perlu lagi basabasi\naku tuh sekarang lagi kangen;Pantun Kasih Sayang;Pantun Kasih Sayang
3596;laju laju perahu laju\nada kerang di dalam kaca\naku rindu pada dirimu\nsama orang yang lagi baca;Pantun Kasih Sayang;Pantun Kasih Sayang
3604;lamaran kerjanya di tolak\nhanya karena lagi sakit mata\nada himbauan menjaga jarak\ntapi maaf kalau itu soal cinta;Pantun Kasih Sayang;Pantun Kasih Sayang
3608;lampu jalan gelap gulita\ndi dukung hujan dan macet\ndi bilang cinta ya aku cinta\ntapi kamu itu perhitungan banget;Pantun Kasih Sayang;Pantun Kasih Sayang
3620;langit biru tanpa cela\nawan tipis melayang tenang\ncintaku tulus tanpa dusta\nseperti alam yang selalu seimbang;Pantun Kasih Sayang;Pantun Kasih Sayang
3621;langit biru terlihat sendu\nwarna hijau biru dan semu\njarak jauh tumbuhkan rindu\ningin selalu dekat denganmu;Pantun Kasih Sayang;Pantun Kasih Sayang
3622;Langit cerah awan membiru\nDinihari embun pun jatuh\nSakit sungguh menanggung rindu\nDi dalam air badan berpeluh;Pantun Kasih Sayang;Pantun Kasih Sayang
3623;langit cerah berwarna biru\nawan menggumpal putih sekali\nselamat hari senin untuk kamu\nwanita idalam dalam sanubari;Pantun Kasih Sayang;Pantun Kasih Sayang
3625;langit cerah berwarna biru\ngemuruh datang menjadi kelabu\nselamat hari minggu buat kamu\ntetaplah berada di sanubariku;Pantun Kasih Sayang;Pantun Kasih Sayang
3629;langit cerah terlihat biru\nkutilang terbang berputarputar\nterima kasih ibu bapak guru\nkarena engkaulah kami jadi pintar;Pantun Kasih Sayang;Pantun Kasih Sayang
3634;Langit luas berselimut mega\nBurung camar terbang berdua\nJika kasih bukan sengketa\nMengapa engkau menyepi jua;Pantun Kasih Sayang;Pantun Kasih Sayang
3635;Langit luas membiru damai\nBurung camar terbang berdua\nJika cinta bukan terabai\nMengapa kita terpisah jua;Pantun Kasih Sayang;Pantun Kasih Sayang
3639;Langit malam bertabur bintang\nCahaya bening memagut mata\nJika benar engkau sayang\nMengapa diam menjadi kata;Pantun Kasih Sayang;Pantun Kasih Sayang
3640;langit malam bertabur bintang\nsunyi indah tanpa keluh\ncintaku padamu tak berkurang\nmeski Jarak kadang menjauh;Pantun Kasih Sayang;Pantun Kasih Sayang
3642;Langit malam bertatah permata\nBintang bersinar bagai seri\nJika benar engkau cinta\nMengapa luka kau beri;Pantun Kasih Sayang;Pantun Kasih Sayang
3643;Langit malam membiru pekat\nBintang berkelip bagai permata\nJika setia sudah terpahat\nMengapa resah tak kunjung sirna;Pantun Kasih Sayang;Pantun Kasih Sayang
3648;Langit membiru luas terbentang\nPelangi indah selepas hujan\nJika setia tidak terbuang\nKasih bersemi sepanjang zaman;Pantun Kasih Sayang;Pantun Kasih Sayang
3652;langit senja berwarna jingga\nangin lembut membawa tenang\ncintaku tumbuh tanpa drama\nnamun dalam dan tak hilang;Pantun Kasih Sayang;Pantun Kasih Sayang
3656;Langit senja memerah saga\nBintang mula bertabur sinar\nJika benar kasih di dada\nMengapa hati sering berdebar;Pantun Kasih Sayang;Pantun Kasih Sayang
3657;Langit senja memerah saga\nBurung pulang ke sarang lama\nJika kasih bersemi di dada\nTakkan terpisah oleh sengketa;Pantun Kasih Sayang;Pantun Kasih Sayang
3662;Langit tembaga menjelang senja\nBurung pulang ke sarang lama\nJika kasih bersemi mesra\nRetak pun dapat dirapat semula;Pantun Kasih Sayang;Pantun Kasih Sayang
3684;layanglayang terbang melayang\njatuh ke laut taunya hilang\nsiapa bilang abang tak sayang\nsiang malam terbayangbayang;Pantun Kasih Sayang;Pantun Kasih Sayang
3694;lebaran banyak datang tamu\nsiapkan ketupat dan kue bawang\nhappy wednesday untuk kamu\nyang aku cintai dari pacar orang;Pantun Kasih Sayang;Pantun Kasih Sayang
3701;lekas bersihin semua sampah\nsebentar lagi datang tamu\naku pengen banget menikah\ntapi menikahnya sama kamu;Pantun Kasih Sayang;Pantun Kasih Sayang
3709;lepaskan ayam dari kandang\nagar mencari makan sendiri\nsemoga panjang umur buatmu sayang\nsemoga cinta kita makin bersemi;Pantun Kasih Sayang;Pantun Kasih Sayang
3713;libur empat belas hari\nvirus corona biar tertekan\nlebih baik aku sendiri\ndaripada nikung pacar teman;Pantun Kasih Sayang;Pantun Kasih Sayang
3725;lihat kodok lompat di kolam\nternyata sang kodok titip salam\nmencintai seseorang dalam diam\ncinta mekar di hati paling dalam;Pantun Kasih Sayang;Pantun Kasih Sayang
3732;lima enam tujuh delapan\nrajin belajar cepat maju\nbila dapat maju ke depan\nterima kasih banyak cikgu;Pantun Kasih Sayang;Pantun Kasih Sayang
3736;Limau purut lebat di pangkal\nBatang mengkudu condong uratnya\nHujan ribut dapat ditangkal\nHati yang rindu apa ubatnya;Pantun Kasih Sayang;Pantun Kasih Sayang
3737;limau purut lebat dipangkal\nsayang selasih condong uratnya\nangin ribut dapat ditangkal\nhati yang kasih apa obatnya;Pantun Kasih Sayang;Pantun Kasih Sayang
3751;luka kaki tertusuk duri\nduri tajam bagai besi\nhapus dari hati segala iri\ndengan cinta kasih kita mengisi;Pantun Kasih Sayang;Pantun Kasih Sayang
3753;lukisan indah terpampang di dinding\nmenjadi sorotan banyak kalangan\nmaukah kau ku ajak bersanding\nmelewati bahtera kehidupan;Pantun Kasih Sayang;Pantun Kasih Sayang
3754;lulus tanpa coratcoret\nkelulusan di tengah pandemi\nlagi kangen kamu banget\nitulah yang kini aku alami;Pantun Kasih Sayang;Pantun Kasih Sayang
3761;mahkota raja di ikat tali\ndilempar ratu kedalam kali\ntahta harta boleh kau cari\ntapi ingat tak dibawa mati;Pantun Kasih Sayang;Pantun Nasihat
3764;Main di kolam bersama itik\nAdik kecil malah tersandung\nWahai engkau nona cantik\nApa yang membuatmu murung;Pantun Kasih Sayang;Pantun Kasih Sayang
3770;main kelereng tanganpun kotor\nbersihkan lantai dengan sapu\nselamat jalan para pelopor\nterima kasih atas jasa besarmu;Pantun Kasih Sayang;Pantun Kasih Sayang
3771;main layang di pohon duku\njangan lupa beli palu\nselamat siang wahai mantanku\nsemoga kau sehat selalu;Pantun Kasih Sayang;Pantun Kasih Sayang
3795;makan gulai hingga kenyang\nsungai jernih tempat berenang\nyang muda diberi kasih sayang\nsupaya hatinya merasa senang;Pantun Kasih Sayang;Pantun Kasih Sayang
3796;makan jagung di pinggir jalan\nsama pacar malam mingguan\nketika cinta dipertahankan\nsemua tampak menyenangkan;Pantun Kasih Sayang;Pantun Kasih Sayang
3811;makan nasi ditemani bakwan\nminumnya dengan air susu\nwahai nona cantik rupawan\nbolehkan aku tahu namamu;Pantun Kasih Sayang;Pantun Kasih Sayang
3824;makan roti makan pisang\ncahaya surya mulai temaram\ndalam hati penuh sayang\npasti hidup selalu tentram;Pantun Kasih Sayang;Pantun Kasih Sayang
3825;makan roti minumnya susu\nsusunya dicampur madu\nwalaupun tadi kita sudah ketemu\ntapi hatiku masih terasa rindu;Pantun Kasih Sayang;Pantun Kasih Sayang
3827;makan roti si roti kacang\nbeli di warung pak bayan\nuntukmu orang yang aku sayang\nselamat malam aku sampaikan;Pantun Kasih Sayang;Pantun Kasih Sayang
3832;makan sate juga mie ramen\npedasnya membuat tak tahan\ncinta adalah sebuah komitmen\nyang diikat tali pernikahan;Pantun Kasih Sayang;Pantun Kasih Sayang
3837;makan tahu bareng si bolot\ntahu sumedang enak sekali\naku tahu bapakmu pilot\ntiap hari kamu melayang dihati;Pantun Kasih Sayang;Pantun Kasih Sayang
3852;malam hari makan kue lapis\nkue dibotong teririsiris\nberbukalah dengan yang manismanis\nuntuk kamu yang sudah manis;Pantun Kasih Sayang;Pantun Kasih Sayang
3855;malam hari muncul rembulan\nterlihat melintas ke arah barat\nkau mungkin punya banyak teman\ntapi tak tentu punya banyak sahabat;Pantun Kasih Sayang;Pantun Kasih Sayang
3857;malam ini jalanan sepi\nsedari tadi hujan mengguyur\nketemu kamu dalam mimpi\nadalah doaku sebelum tidur;Pantun Kasih Sayang;Pantun Kasih Sayang
3863;malam tahun baru gini\nbanyak terlihat kembang api\nkalau lagi gabut gini\npengennya ketemu kamu dalam mimpi;Pantun Kasih Sayang;Pantun Kasih Sayang
3865;malam tiba nyalakan lilin\nmakan bersama sambal udang\nmohon maaf lahir dan batin\nuntukmu wanita yang aku sayang;Pantun Kasih Sayang;Pantun Kasih Sayang
3871;maling merusak teralis\ndi jendela rumah tantemu\nbila pilihannya kamu dan artis\npasti aku tetap memilih kamu;Pantun Kasih Sayang;Pantun Kasih Sayang
3873;maluku penghasil pala\ntanah sumba banyak kuda\nlihat kamu pusing kepala\ntidak bertemu sakit di dada;Pantun Kasih Sayang;Pantun Kasih Sayang
3901;Manis tebu ratu terpirkat\nDiminum kerana panasnya hawa\nKasih keluarga tidak bersyarat\nKe liang lahad abadi ku bawa;Pantun Kasih Sayang;Pantun Kasih Sayang
3908;mari menyebrang selat malaka\nberada di ujung pulau sumatera\nputus cinta membuat luka\nputus rem bisa celaka;Pantun Kasih Sayang;Pantun Kasih Sayang
3930;masuk debu perih mata\npergi ke desa naik kereta\nmenatap kamu makin cinta\napakah impian kan jadi nyata;Pantun Kasih Sayang;Pantun Kasih Sayang
3935;mata belo bulunya lentik\nbercahaya bagaikan lampu\nwalaupun kamu wajahnya cantik\nuntuk apa jika tidak dapat nyapu;Pantun Kasih Sayang;Pantun Kasih Sayang
3936;mata bukan sembarang mata\nmata batin firasat diri\ncinta bukan sembarang cinta\ncinta sesuai tuntunan illahi;Pantun Kasih Sayang;Pantun Kasih Sayang
3937;mata bukan sembarang mata\nmata biru bulunya lentik\ncinta bukan sembarang cinta\ncinta untuk perawan cantik;Pantun Kasih Sayang;Pantun Kasih Sayang
3939;mata perih kena debu\nhati bersedih menahan rindu\nbadan sakit minum jamu\nsini cubit hidung kamu;Pantun Kasih Sayang;Pantun Kasih Sayang
3950;mawar berduri jatuh di papan\ndipetik oleh para dayang\nkututup hari dengan ucapan\nselamat malam kekasihku sayang;Pantun Kasih Sayang;Pantun Kasih Sayang
3951;mawar merah mekar ditaman\nsemerbak mewangi aromanya\njanji setia seorang teman\nmenjadi obat pelipur lara;Pantun Kasih Sayang;Pantun Kasih Sayang
3961;Mekar harum bunga kemboja\nMenjadi hiasan taman larangan\nSayang menyayang peribadi mulia\nMengapa sukar dipertahan;Pantun Kasih Sayang;Pantun Kasih Sayang
3982;melihat nenek minum jamu\ndi samping adik sedang bermain\nbelahan jiwaku adalah kamu\ntidak pernah ada yang lain;Pantun Kasih Sayang;Pantun Kasih Sayang
3997;memasak air di atas tungku\nkarena lalai bejana terbalik\nkau datang menerangi hatiku\nkarena aku lupa bayar listrik;Pantun Kasih Sayang;Pantun Hiburan
4000;memasak kue dengan bibi\nkue masak menjadi tori\nhanya untukmu cinta ini\ntetap untukmu hingga nanti;Pantun Kasih Sayang;Pantun Kasih Sayang
4004;membaca buku di meja makan\nsetelah dibaca terasa sulit\njika cinta tak diungkapkan\nbersiaplah menerima rasa sakit;Pantun Kasih Sayang;Pantun Kasih Sayang
4009;membawa kakak pergi ke pasar\nmembeli celana dan alas kasur\nkamu memang orang yang pintar\nketika yang lain sedang tidur;Pantun Kasih Sayang;Pantun Kasih Sayang
4023;membuat burger pakai acar\ndipersembahkan untuk tamu\nketika kamu punya pacar\njangan pernah lupakan sahabatmu;Pantun Kasih Sayang;Pantun Kasih Sayang
4026;membuat roti dengan adonan\ncetak adonan dengan dikepal\nparas cantik dan menawan\ntapi sayang pancasila tak hapal;Pantun Kasih Sayang;Pantun Kasih Sayang
4031;memperbaiki motor maticmu\nkata dia merasa tertantang\nselama belum ngeliat kamu\nhati ini takkan bisa tenang;Pantun Kasih Sayang;Pantun Kasih Sayang
4032;memperingati hari buku\nrencana mau membelinya\nandai kau tau rasa cintaku\nmungkin kau tak memilihnya;Pantun Kasih Sayang;Pantun Kasih Sayang
4045;menara miring menara pisa\nberlibur ke negeri manca\njika terus terusan berpesta ria\nkelak kamu akan celaka;Pantun Kasih Sayang;Pantun Kasih Sayang
4048;menatap langit melihat awan\nditemani anak bernama tia\nyang terakhir untukmu kawan\npilihlah teman yang betul setia;Pantun Kasih Sayang;Pantun Kasih Sayang
4050;mencari bunga di tengah taman\nterlihat mawar ku ambil saja\nwahai kanda yang gagah dan tampan\nku siap dilamar kapan pun saja;Pantun Kasih Sayang;Pantun Kasih Sayang
4066;menendang bola mengenai mistar\npenonton protes yang tidak perlu\njika kau merasa paling pintar\nkucing apa yang tidak berbulu;Pantun Kasih Sayang;Pantun Kasih Sayang
4073;mengasah kapak di atas batu\nuntuk segera menebang kayu\nkupinta maaf dari hatiku\nuntukmu wahai kekasih hatiku;Pantun Kasih Sayang;Pantun Kasih Sayang
4084;mengolah jamu pake belati\ndicampur kentang dari lahanku\ncobalah kamu mengerti\nsedikit tentang perasaanku;Pantun Kasih Sayang;Pantun Kasih Sayang
4086;menikahkan teman ke penghulu\ncalon istrinya cantik jelita\nkukenalkan kamu pada temanku\nsekarang kalian malah main mata;Pantun Kasih Sayang;Pantun Kasih Sayang
4089;menjahit baju dengan benang\ndipakai untuk pergi kondangan\ncinta di hati takkan hilang\nuntuk kawankawan seperjuangan;Pantun Kasih Sayang;Pantun Kasih Sayang
4090;menjahit kain di tengah malam\nlampunya terang berikan cahaya\ndalam kamar yang temaram\nanganku terbang merindu adinda;Pantun Kasih Sayang;Pantun Kasih Sayang
4100;Mentari condong di barat sana\nbayang pohon memanjang perlahan\ncinta tumbuh tanpa banyak kata\nnamun terasa dalam dan aman;Pantun Kasih Sayang;Pantun Kasih Sayang
4116;mentari pagi cuaca cerah\nbudi siapsiap berangkat keja\nsemoga selasa menjadi indah\nbegitu pula hubungan cinta kita;Pantun Kasih Sayang;Pantun Kasih Sayang
4122;Mentari pagi memecah kabut\nbukit hijau tersenyum cerah\ncintaku padamu takkan surut\nmeski badai dating menerjah;Pantun Kasih Sayang;Pantun Kasih Sayang
4129;Mentari pagi menyentuh tanah\nburung kecil terbang bersahut\nhatiku tumbuh oleh cinta indah\nyang hadir tanpa pernah menuntut;Pantun Kasih Sayang;Pantun Kasih Sayang
4130;Mentari pagi menyimbah desa\nKabut hilang di kaki bukit\nJika cinta jadi bahasa\nMengapa diam sering menghimpit;Pantun Kasih Sayang;Pantun Kasih Sayang
4134;Mentari pagi menyimbah desa\nKabut tipis beransur hilang\nKasih bersemi sejak mula\nTak pernah layu tak pernah hilang;Pantun Kasih Sayang;Pantun Kasih Sayang
4147;Mentari senja memerah saga\nBayang panjang di tepi desa\nJika cinta bukan sandiwara\nMengapa ragu masih bersisa;Pantun Kasih Sayang;Pantun Kasih Sayang
4148;Mentari senja memerah ufuk\nBayang panjang di hujung titi\nJika cinta tidak terkutuk\nMengapa engkau pergi sendiri;Pantun Kasih Sayang;Pantun Kasih Sayang
4149;Mentari senja menutup cerita\nHari berlalu penuh makna\nJika hidup dijalani dengan cinta\nLelah pun terasa bermakna;Pantun Kasih Sayang;Pantun Kasih Sayang
4154;Mentari siang kini bersinar\nbayang hilang ditelan terang\ncintaku padamu membuatku sabar\nmenjalani hidup tanpa bimbang;Pantun Kasih Sayang;Pantun Kasih Sayang
4158;Mentari sore memeluk senja\nlangit merah meredam Waktu\ncintaku tak meminta apa - apa\ncukup kau ada disitu;Pantun Kasih Sayang;Pantun Kasih Sayang
4172;menuju padang hendak berburu\nkukira kijang nyatanya rusa\nmeski kita jarang bertemu\nrindu dan sayang selalu membara;Pantun Kasih Sayang;Pantun Kasih Sayang
4188;Meranti tua tegak berdiri\nAkar mencengkam tanah pusaka\nJika setia terpateri diri\nTeguhlah bangsa tak goyah ditimpa;Pantun Kasih Sayang;Pantun Kasih Sayang
4192;mereka janjian keluar\nkabarnya pada hari rabu\nmending valentine tanpa pacar\ndaripada hariibu tanpa ibu;Pantun Kasih Sayang;Pantun Kasih Sayang
4203;Minum air dari labu\nBoleh dibawa bila berjalan\nBimbingan awal dari ibu\nSerta kasih yang berkekalan;Pantun Kasih Sayang;Pantun Kasih Sayang
4209;minum dawet dengan selasih\nminumnya dengan tangan kanan\nakhir cerita sepasang kekasih\nhingga menuju ke pelaminan;Pantun Kasih Sayang;Pantun Kasih Sayang
4212;minum jamu daun nangka\npohon randu berbuah randu\nlihat parasmu langsung suka\naku rindu sangatlah rindu;Pantun Kasih Sayang;Pantun Kasih Sayang
4218;minum kopi beli di kedai\nhangat hangat gorengan ikan\njika kamu mengaku pandai\nbuah apa tak bisa dimakan;Pantun Kasih Sayang;Pantun Kasih Sayang
4221;minum kopi sambil baca koran\nsetelah itu langsung sarapan\nibu rasa lelah mampu kau tahan\ndemi anakmu engkau rela berkorban;Pantun Kasih Sayang;Pantun Kasih Sayang
4224;minum kopi sambil baca koran\ntanggal merah di hari sabtu\ncantik dan baik jadi dambaan\ndan itu ada pada dirimu;Pantun Kasih Sayang;Pantun Kasih Sayang
4225;minum sekoteng hangat rasanya\nminum segelas ada yang minta\nlakilaki ganteng siapa yang punya\nbolehkah aku jatuh cinta;Pantun Kasih Sayang;Pantun Kasih Sayang
4230;minum teh sambil baca koran\nkoran dibaca setelah sarapan\ndemi bangsa ini engkau berkorban\ntanpa mengharap suatu balasan;Pantun Kasih Sayang;Pantun Kasih Sayang
4235;mobil sudah gantikan kuda\nkuda itu zaman belanda\nkalau kamu pilih janda\nitu karena kamu yang tergoda;Pantun Kasih Sayang;Pantun Kasih Sayang
4236;mobilnya belum dikembalikan\nkatanya masih ada di surabaya\nsayang jangan telat makan\nsalam rindu banget dariku ya;Pantun Kasih Sayang;Pantun Kasih Sayang
4246;muat kelapa dari banjar\ndarilah banjar menuju kelantan\nbuat apa memiliki pacar\nbila pacar selalu cemburuan;Pantun Kasih Sayang;Pantun Kasih Sayang
4248;mulanya duka kini menjadi lara\nteman tiada hanyalah sendu\nbila rindu mulai membara\nitulah tanda cinta berpadu;Pantun Kasih Sayang;Pantun Kasih Sayang
4249;muncul langit berwarna biru\nsetelah hujan di hari sabtu\nsungguh berat rasanya rindu\nwaktu sehari terasa seminggu;Pantun Kasih Sayang;Pantun Kasih Sayang
4252;musim dingin musim berburu\naustralia negeri kangguru\nterima kasih bapak dan ibu guru\nkuucapkan selamat hari guru;Pantun Kasih Sayang;Pantun Kasih Sayang
4261;naik biduk ke pulau bahari\nsampai di tengah pendayung jatuh\nkuhadapi takdir cintaku ini\nharus terpisahkan jarak nan jauh;Pantun Kasih Sayang;Pantun Kasih Sayang
4264;naik delman ditarik kuda\nmelewati desa dan rawarawa\nharta tak dibawa saat kau tiada\namal sholeh yang akan kau bawa;Pantun Kasih Sayang;Pantun Kasih Sayang
4265;naik delman lihat ke belakang\nbanyak mobil di jalanan\nanak muda jaman sekarang\ncuma cinta saja yang dipikirkan;Pantun Kasih Sayang;Pantun Kasih Sayang
4266;naik dokar di waktu malam\nbekal tape campuran kolak\npunya pacar sukanya ayam\naku belikan hape tetap menolak;Pantun Kasih Sayang;Pantun Kasih Sayang
4267;naik ke atap memakai lamborghini\nlamborghini bekas pakai pita\ncobalah tatap mata aku ini\nakan engkau bisa satu berkas cinta;Pantun Kasih Sayang;Pantun Kasih Sayang
4268;naik ke atap pakai bikini\nbikini bekas pakai pita\ncoba tatap mataku ini\nkau kau dapati seberkas cinta;Pantun Kasih Sayang;Pantun Kasih Sayang
4278;naik pedati pergi ke desa\nhutan bakau banyak udangnya\nbesarkan hati lapangkan jiwa\ntentu engkau miliki kharisma;Pantun Kasih Sayang;Pantun Kasih Sayang
4285;naik sepeda motor menuju toko\nmembeli cabe dan juga merica\naku sudah bosa menjomblo\nsaatnya untuk mencari cinta;Pantun Kasih Sayang;Pantun Kasih Sayang
4295;nasi liwet campur selasih\ndicampur pula dengan daun pandan\nakhir cerita sepasang kekasih\nhingga menuju ke pelaminan;Pantun Kasih Sayang;Pantun Kasih Sayang
4301;Negeri Terengganu kaya raya\nPedagang datang ingin berniaga\nSemai kasih hidup berkeluarga\nDatang hidup diberkati agama;Pantun Kasih Sayang;Pantun Kasih Sayang
4305;nembak manggis langsung kena\nmanggis terkapar di atas tikar\nkamu manis siapa yang punya\nhati menggelepar cinta bergetar;Pantun Kasih Sayang;Pantun Kasih Sayang
4317;Nyaman sungguh alam buana\nPawana bertiup di pagi hari\nGagah setia pertahan negara\nApa erti berani berani;Pantun Kasih Sayang;Pantun Kasih Sayang
4329;Ombak berderu di tanjung lama\nBuihnya putih menyentuh pasir\nJika kasih bukan sekadar nama\nMengapa janji mudah tersisir;Pantun Kasih Sayang;Pantun Kasih Sayang
4332;ombak berkejar menuju karang\nbuih putih pecah perlahan\ncintaku dating tanpa menyerang\nnamun tinggal lama di perasaan;Pantun Kasih Sayang;Pantun Kasih Sayang
4333;Ombak berlagu di pesisir lama\nBuih memutih menyentuh karang\nJika kasih setulus rasa\nMengapa engkau sering menghilang;Pantun Kasih Sayang;Pantun Kasih Sayang
4334;Ombak berlagu di pesisir sunyi\nMencium pasir tanpa bicara\nJika kasih setulus hati\nTak lekang waktu tak lapuk usia;Pantun Kasih Sayang;Pantun Kasih Sayang
4335;Ombak berlari di pasir putih\nPerahu kecil terikat sauh\nJika kasih tak pernah beralih\nMengapa jarak terasa jauh;Pantun Kasih Sayang;Pantun Kasih Sayang
4336;ombak berlari ke tepi karang\nlalu mundur dengan sabar\ncintaku dating tanpa menyerang\nnamun menetap dengan benar;Pantun Kasih Sayang;Pantun Kasih Sayang
4337;Ombak kecil memeluk karang\nPerahu sunyi terikat sauh\nJika cinta takkan berkurang\nMengapa jarak terasa jauh;Pantun Kasih Sayang;Pantun Kasih Sayang
4339;Ombak kecil memukul pantai\nPasir halus berkilau terang\nJika setia jadi pakai\nMengapa janji mudah terbuang;Pantun Kasih Sayang;Pantun Kasih Sayang
4340;Ombak kecil menyapa karang\nBuihnya putih menyentuh pasir\nJika cinta tidak terhalang\nMengapa janji sering tersisir;Pantun Kasih Sayang;Pantun Kasih Sayang
4341;ombak kecil menyapa pantai\nangin lembut membawa garam\ncintaku padamu tak pernah usai\nseperti laut memeluk alam;Pantun Kasih Sayang;Pantun Kasih Sayang
4343;ombak kecil menyapu pasir\njejak lama hilang perlahan\ncintaku padamu tetap mengalir\nmeski masa terus berjalan;Pantun Kasih Sayang;Pantun Kasih Sayang
4346;ombak lembut mencium pantai\npasir putih terlukis senja\nrindu ini tak pernah usai\nseperti laut mencinta Samudra;Pantun Kasih Sayang;Pantun Kasih Sayang
4347;ombak lembut menyapu pasir\njejak lama perlahan lenyap\ncintaku paddamu tetap menalir\ntak surut meski Waktu melesap;Pantun Kasih Sayang;Pantun Kasih Sayang
4348;Ombak menghempas pasir putih\nBuih berderai di hujung tanjung\nJika kasih tak pernah beralih\nMengapa janji tidak dijunjung;Pantun Kasih Sayang;Pantun Kasih Sayang
4351;orang aceh sedang sembahyang\nhari jumat tengah hari\npergilah kasih pergilah sayang\npandaipandai menjaga diri;Pantun Kasih Sayang;Pantun Kasih Sayang
4388;padi merekah di tengah ladang\nbangunan megah di buat tukang\ncantik paras sedap dipandang\ningin hati menyapa sayang;Pantun Kasih Sayang;Pantun Kasih Sayang
4437;Pagi cerah memetik melati\nHarum wangi semerbak sekali\nKatanya setia sepenuh hati\nChat dibalas tiga hari;Pantun Kasih Sayang;Pantun Kasih Sayang
4590;pagi pagi makan pepaya\nminumnya es kelapa muda\nwalau kau sudah ada yang punya\ntapi diriku tetap cinta;Pantun Kasih Sayang;Pantun Kasih Sayang
4611;pagipagi minumnya jamu\ndi depan rumah ada bakul tahu\nsedikit malu kukatakan padamu\nsungguh aku cinta kepadamu;Pantun Kasih Sayang;Pantun Kasih Sayang
4615;pahit lidah kena empedu\nhilang manisnya buah jambu\njarak jauh membangkitkan rindu\nkapankah kita bisa bertemu;Pantun Kasih Sayang;Pantun Kasih Sayang
4618;Pak Bagas liburan ke Bali\nMenonton bule sedang menari-nari\nPantas saja kamu bau sekali\nLupa mandi sampai tujuh hari;Pantun Kasih Sayang;Pantun Kasih Sayang
4623;pak imron menggali sumur\nsumur sempit siku terbentur\nhari minggu waktunya libur\nnamun cintaku tetaplah subur;Pantun Kasih Sayang;Pantun Kasih Sayang
4630;pak tani ke ladang membawa karung\ndibawanya dengan jemari\nwajah kamu jarang murung\nkayak belum makan tiga hari;Pantun Kasih Sayang;Pantun Kasih Sayang
4634;pak teguh pergi ke bali\nmelihat bule sedang menari\naduh pantas kau bau sekali\nkau belum mandi enam hari;Pantun Kasih Sayang;Pantun Kasih Sayang
4653;panaspanas minum air kelapa\nair kelapa pelepas rasa haus\nselagi dirimu masih muda\nbelajarlah dengan serius;Pantun Kasih Sayang;Pantun Kasih Sayang
4659;pantai air manis di kota padang\nkebumen ada pantai menganti\nengkau pergi ke medan perang\ndengan berani tak takut mati;Pantun Kasih Sayang;Pantun Kasih Sayang
4660;Pantai Cendering pasirnya putih\nAnak dagang berulang mandi\nApa disesal orang tak kasih\nSudah suratan diri sendiri;Pantun Kasih Sayang;Pantun Kasih Sayang
4661;pantai sepi dipagi hari\njejak kaki hilang ditelan\ncintaku padamu tetap berdiri\nmeski Jarak tak terucapkan;Pantun Kasih Sayang;Pantun Kasih Sayang
4662;pantai sepi menjelang pagi\njejak kaki cepat terhapus\ncintaku padamu tetap abadi\ntak mudah pudar atau tergerus;Pantun Kasih Sayang;Pantun Kasih Sayang
4668;para bandar judi dadu\nkemarin pada mengeluh\naku lagi di landa rindu\ndatanglah biar rinduku sembuh;Pantun Kasih Sayang;Pantun Kasih Sayang
4670;para pegulat badannya kekar\nbadan atletis sedap dipandang\nada cinta yang selalu mekar\ndi hari rabu untukmu seorang;Pantun Kasih Sayang;Pantun Kasih Sayang
4677;para petugas kereta api\nmenyemprot seluruh badanmu\npengen ketemu kamu dalam mimpi\naku kangen jahatin bibir kamu;Pantun Kasih Sayang;Pantun Kasih Sayang
4684;pasar banjar ada di kota\npergi belanja bawa uang saku\nbila kamu dikejar cinta\nsembunyi saja dalam hatiku;Pantun Kasih Sayang;Pantun Kasih Sayang
4689;pasar sawang beli lawang\nsalak pondoh sepat rasanya\nsabar sayang abang kan pulang\nada jodoh tidak akan ke mana;Pantun Kasih Sayang;Pantun Kasih Sayang
4691;Pasir putih di pinggir kali\nPekan menyabung ayam berlaga\nKasih tak boleh dijual beli\nBukannya benda buat berniaga;Pantun Kasih Sayang;Pantun Kasih Sayang
4709;Pelangi indah selepas hujan\nTujuh warna memikat mata\nJika kasih bukan khayalan\nMengapa resah terus terasa;Pantun Kasih Sayang;Pantun Kasih Sayang
4710;Pelangi indah selepas hujan\nTujuh warna menghias cakrawala\nJika kasih kita berpanjangan\nTakkan luntur walau berpisah masa;Pantun Kasih Sayang;Pantun Kasih Sayang
4711;Pelangi indah selepas hujan\nWarna lembut menghias cakrawala\nJika cinta tiada sempadan\nMengapa ragu masih menjelma;Pantun Kasih Sayang;Pantun Kasih Sayang
4720;penat sungguh ke ladang anggur\nladang terletak di seberang titi\nayah menasihat ibu menegur\nitulah tanda kasih sejati;Pantun Kasih Sayang;Pantun Kasih Sayang
4724;penerima tamu pada berdasi\nsalami tamu sambil menunduk\npesta nikah tak perlu campursari\nagar hadirin tak pada mabuk;Pantun Kasih Sayang;Pantun Kasih Sayang
4731;penjahit benang di dalam peti\nibu tuti menjahit kebaya\nsaya pamit untuk undur diri\nterima kasih atas perhatiannya;Pantun Kasih Sayang;Pantun Kasih Sayang
4736;penyu yang baru di lepas\ndatanya ada di buku adikmu\nselama aku masih bernapas\naku akan selalu mencintaimu;Pantun Kasih Sayang;Pantun Kasih Sayang
4738;perahu berlayar ke tempat tambat\nterdengar suara jam dua belas\nbiar cepat ataupun lambat\njika jodoh pasti akan dibalas;Pantun Kasih Sayang;Pantun Kasih Sayang
4752;pergi bekerja di pagi hari\nambil mesin untuk membabat\nsemua akan rindu sekolah ini\nketika nanti kita sudah tamat;Pantun Kasih Sayang;Pantun Kasih Sayang
4753;pergi bekerja jam delapan\npulangnya pergi mencari ikan\nlelah diriku berkorban\nbetapa tega kau meninggalkan;Pantun Kasih Sayang;Pantun Kasih Sayang
4759;pergi berburu dapatnya kijang\ndalam hutan rimbun pohonnya\nmungkin cemburu tandanya sayang\nkalau kelewatan risih jadinya;Pantun Kasih Sayang;Pantun Kasih Sayang
4764;pergi berburu ke dalam rimba\nbadan gatal kena benalu\nkaulah cinta sepanjang masa\nibuku di mimpi dan sadarku;Pantun Kasih Sayang;Pantun Kasih Sayang
4770;pergi berburu ke padang datar\nrusa diburu dapatnya kijang\ncemburu itu hal yang wajar\nitu tandanya masihlah sayang;Pantun Kasih Sayang;Pantun Kasih Sayang
4771;pergi berburu ke tengah hutan\nhutan lebat berpohon bambu\nputih di rambut namanya uban\njangan kau bilang bunga jambu;Pantun Kasih Sayang;Pantun Kasih Sayang
4788;pergi berkunjung ke kota medan\nbertemu sanak dan saudara\njika kamu ingin kebahagiaan\njangan putus ada mewujudkannya;Pantun Kasih Sayang;Pantun Kasih Sayang
4841;Pergi ke desa membawa bingkisan\nBingkisan kecil tanda perhatian\nJika hidup ingin penuh kesan\nSebarkan kasih dan kepedulian;Pantun Kasih Sayang;Pantun Kasih Sayang
4848;Pergi ke desa membawa hadiah\nHadiah kecil tanda kasih\nJika hidup ingin berkah\nRingankan tangan, lapangkan kasih;Pantun Kasih Sayang;Pantun Kasih Sayang
4875;pergi ke desa siapa ikut\nbertemu dengan anak pirang\ncinta ini membuatku takut\ntakut kamu disambar orang;Pantun Kasih Sayang;Pantun Kasih Sayang
4879;pergi ke hutan berburu puyuh\nhujan turun pergi berteduh\naku mencintaimu dengan sungguh\ntapi kau malah pergi menjauh;Pantun Kasih Sayang;Pantun Kasih Sayang
4884;Pergi ke hutan cari rusa\nHendaklah kau bawa tali\nWahai anak cucu bangsa\nHendaklah kau bangun ngeri;Pantun Kasih Sayang;Pantun Kasih Sayang
4908;pergi ke hutan saat sore\nbanyak nyamuk menggigit kulit\njika perut terserang diare\nsegera kamu minum oralit;Pantun Kasih Sayang;Pantun Kasih Sayang
4919;pergi ke kebun membawa pahat\nuntuk mengambil sayur dan ubi\nada rindu untuk sahabat\ndi pagi rabu yang cerah ini;Pantun Kasih Sayang;Pantun Kasih Sayang
4931;Pergi ke kebun memetik jambu\nJambu merah ranum selalu\nHindari sifat iri dan cemburu\nAgar hidup terasa syahdu;Pantun Kasih Sayang;Pantun Kasih Sayang
4973;pergi ke kebun mencari durian\npulangnya ketika pagi hari\nterima kasih atas kesempatan\nuntuk mengisi presentasi ini;Pantun Kasih Sayang;Pantun Kasih Sayang
4975;pergi ke kebun panen semangka\npetik yang sudah masak merona\nrindu semakin mendalam saja\nkala malam minggu kembali tiba;Pantun Kasih Sayang;Pantun Kasih Sayang
4984;pergi ke kota beli selasih\nsayang si dara buat halwa\nberilah kata simpulan kasih\nsulamkan mesra sapukan jiwa;Pantun Kasih Sayang;Pantun Kasih Sayang
5082;pergi ke masjid subuhsubuh\npulangnya langsung pergi rapat\nmana mungkin cepat sembuh\nminum obat saja kamu tak sempat;Pantun Kasih Sayang;Pantun Kasih Sayang
5110;Pergi ke pantai memandang laut\nLaut luas tak bertepi\nJika hidup ingin selalu tertaut\nPelihara kasih dalam hati;Pantun Kasih Sayang;Pantun Kasih Sayang
5123;pergi ke pasar beli bumbu\ndimasak dengan diramu\nentah seperti apa dirimu\naku tetap cinta padamu;Pantun Kasih Sayang;Pantun Kasih Sayang
5125;pergi ke pasar beli keripik\ntidak lupa membeli sayuran\nwahai kamu gadis yang cantik\nbolehkah aku mengajakmu jalan;Pantun Kasih Sayang;Pantun Kasih Sayang
5133;pergi ke pasar di kejar angsa\nangsa putih kencang larinya\nindahnya cinta kita bersama\nkekal abadi sepanjang masa;Pantun Kasih Sayang;Pantun Kasih Sayang
5153;pergi ke pasar membeli gula\ntidak lupa membeli sayuran\nwahai kamu para pemuda\nfokuslah pada masa depan;Pantun Kasih Sayang;Pantun Kasih Sayang
5181;pergi ke pasar membeli nanas\njangan lupa menggosok gigi\ncinta suciku tak kau balas\nsedih di hati berharihari;Pantun Kasih Sayang;Pantun Kasih Sayang
5266;pergi ke sungai belajar berenang\nsungai besar deras airnya\nsetiap malam rindu pun datang\nkala teringan sanak saudara;Pantun Kasih Sayang;Pantun Kasih Sayang
5270;pergi ke sungai mandikan gajah\ngajah bersih di hari petang minggu\naduhai manisnya kamu punya wajah\nbolehkan abang mengenal dirimu;Pantun Kasih Sayang;Pantun Kasih Sayang
5340;Pergi ke taman melihat merpati\nMerpati putih terbang berdua\nJika hidup ingin damai di hati\nRawat kasih dan rasa setia;Pantun Kasih Sayang;Pantun Kasih Sayang
5369;Pergi ke toko beli Sepatu\nSepatunya jatuh di atas batu\nKalau kamu mau jadi pacarku\nBesok kubelikan cilok seribu;Pantun Kasih Sayang;Pantun Kasih Sayang
5375;pergi kekondangan memakai batik\npakai batik berlogo dua jempol\nkamu memang sangat cantik\ntapi sayang masih suka mengompol;Pantun Kasih Sayang;Pantun Kasih Sayang
5390;pergi liburan ke pulau seribu\nsinggah sejenak di pulau macan\nselamat hari sabtu buat kamu\norang yang selalu aku dambakan;Pantun Kasih Sayang;Pantun Kasih Sayang
5422;pergi rekreasi ke pantai kuta\nberdiri tegak si mercusuar\nsemakin jauh aku berada\nsemakin rindu ibu membesar;Pantun Kasih Sayang;Pantun Kasih Sayang
5429;pergi sekolah naik sepeda\npulangnya pas pukul satu\ndari hati yang penuh cinta\nkuucapkan met ultah buatmu;Pantun Kasih Sayang;Pantun Kasih Sayang
5432;Pergi sore melihat senja\nLangit jingga tampak merona\nJika cinta ingin terjaga\nSetia selalu sepanjang masa;Pantun Kasih Sayang;Pantun Kasih Sayang
5444;perih mata karena kacamata\ndebu beralih dari atap ke depan\nlilinlilin malam wakili cinta\nkasih sayang suci untuk sang pujaan;Pantun Kasih Sayang;Pantun Kasih Sayang
5451;pertanyaan belum di jawab\nsaat dia mengambil lilin\nkamu kalau udah berhijab\nkamu langsung aku halalin;Pantun Kasih Sayang;Pantun Kasih Sayang
5466;Petik mari buah ciku\nAmbil yang manis letak di peti\nKenapa dinda berubah laku\nAdakah kasih bertukar benci;Pantun Kasih Sayang;Pantun Kasih Sayang
5476;pinggir sungai banyak nipah\nsayang airnya terasa sepah\nkasih sayang semakin berlimpah\njadikan hidupku semakin indah;Pantun Kasih Sayang;Pantun Kasih Sayang
5495;pisau menggores menjadi luka\nrasanya sakit amatlah pedih\ncukup sekian dari saya\nsaya haturkan terima kasih;Pantun Kasih Sayang;Pantun Kasih Sayang
5498;pisau tajam pisau belati\njangan tertipu pisau palsu\ncinta sejati timbul dari hati\nbukan timbul dari nafsu;Pantun Kasih Sayang;Pantun Kasih Sayang
5536;pohon jati berdaun melati\nbermain layang di tepi perigi\ndasar lelaki gak punya hati\nsetelah ku sayang lalu kau pergi;Pantun Kasih Sayang;Pantun Kasih Sayang
5549;Pohon jati teguh berdiri\nAkar mencengkam tanah pusaka\nJika cinta kau miliki\nMengapa hati masih terluka;Pantun Kasih Sayang;Pantun Kasih Sayang
5550;Pohon jati teguh berdiri\nAkar mencengkam tanah pusaka\nJika cinta kau miliki\nMengapa masih mencari yang tiada;Pantun Kasih Sayang;Pantun Kasih Sayang
5587;pohon lontar tumbuh merata\npatah satu batang rumbia\nmungkin benar apa dikata\ncemburu itu tandanya setia;Pantun Kasih Sayang;Pantun Kasih Sayang
5595;Pohon manggis berbuah lebat\nKulit hitam isinya putih\nJika hati jauh dari khianat\nHidup bersih penuh kasih;Pantun Kasih Sayang;Pantun Kasih Sayang
5601;Pohon mengkudu tumbuhnya rapat\nRapat lagi pohon jati\nKawan beribu mudah didapat\nSahabat setia payah dicari;Pantun Kasih Sayang;Pantun Kasih Sayang
5617;pohon pinus pohon jati\nbuah jambu buah pepaya\njika kamu bekerja dengan hati\nkamu pasti akan sukses nantinya;Pantun Kasih Sayang;Pantun Kasih Sayang
5624;pohon randu jatuh di empang\nair mendidih dibuang ke jamban\nsalam rindu salam sayang\nhati sedih menunggu jawaban;Pantun Kasih Sayang;Pantun Kasih Sayang
5635;pohon selasih tumbuh melata\ntumbuh perdu jauh disana\nsepasang kekasih mabuk bercinta\nsiang merindu malam merana;Pantun Kasih Sayang;Pantun Kasih Sayang
5637;Pohon sena di hujung titi\nDaunnya gugur ditiup bayu\nJika cinta dalam hati\nMengapa sering terasa pilu;Pantun Kasih Sayang;Pantun Kasih Sayang
5672;Pucuk pauh selara pauh\nSembilu ledung ledungkan\nAdik jauh Abangnda jauh\nBila rindu sama menungkan;Pantun Kasih Sayang;Pantun Kasih Sayang
5673;puisi berjudul yang maha rindu\nkatakatanya indah menyentuh hati\nrupamu memang sungguh ayu\ntapi sayang jarang mandi;Pantun Kasih Sayang;Pantun Kasih Sayang
5675;pujangga penyair berjiwa seni\nmelihat kita amatlah jeli\ncintaku tulus dan murni\nnamun untuk dia yang peduli;Pantun Kasih Sayang;Pantun Kasih Sayang
5706;Purnama condong di balik awan\nCahayanya redup menyentuh rawa\nJika kasih bukan khayalan\nMengapa sunyi memeluk jiwa;Pantun Kasih Sayang;Pantun Kasih Sayang
5709;Purnama redup diselimut mega\nCahaya tipis menyentuh kali\nJika kasih masih bernyala\nMengapa engkau menjauhkan diri;Pantun Kasih Sayang;Pantun Kasih Sayang
5710;Purnama terapung di laut Selat\nCahayanya jatuh di hujung karang\nRindu berlabuh di dada berat\nNamamu mekar sepanjang petang;Pantun Kasih Sayang;Pantun Kasih Sayang
5711;Purnama tinggi di dada malam\nCahayanya tumpah ke hujung kali\nJika kasih bukan terpendam\nMengapa engkau sembunyi diri;Pantun Kasih Sayang;Pantun Kasih Sayang
5715;puteri raja bermata lentik\nsangat lucu dilihatnya\nkamu memang gadis cantik\nsudahkah kau ada yg punya;Pantun Kasih Sayang;Pantun Kasih Sayang
5729;putihputih bunga melati\nharum mewangi di pagi hari\npidato saya cukup disini\njika rindu harap hubungi;Pantun Kasih Sayang;Pantun Kasih Sayang
5742;radio dalam gunung sindur\npasar lama ada di serang\ntiap malam tidak bisa tidur\nkarena memikirkan kamu seorang;Pantun Kasih Sayang;Pantun Kasih Sayang
5748;rajinlah kamu berolahraga\nagar sehat jantung dan paruparu\naku mencintaimu wahai mama\ndalam sadar dan lelapku;Pantun Kasih Sayang;Pantun Kasih Sayang
5749;rajinlah membaca buku\npetuah dari orang tuaku\nalangkah bahagianya aku\njika kamu adalah jodohku;Pantun Kasih Sayang;Pantun Kasih Sayang
5759;ramadhan seminggu lagi\nsudahkah ganti hutang puasa\ncintaku takkan aku bagibagi\nmeski kau lagi jauh di sana;Pantun Kasih Sayang;Pantun Kasih Sayang
5761;ramai jalan banyak debu\nterbang merayap ke ruang tamu\nselamat membuka bahtera baru\nsemoga cinta kita kian menyatu;Pantun Kasih Sayang;Pantun Kasih Sayang
5776;randu bukan sembarang randu\nrandu dari kalijati\nrindu bukan sembarang rindu\nrindu pada kekasih hati;Pantun Kasih Sayang;Pantun Kasih Sayang
5777;Ranting sena berbalut embun\nBayu berdesir di waktu dini\nJika kasih bukan sekadar pantun\nSetia terpahat sampai ke mati;Pantun Kasih Sayang;Pantun Kasih Sayang
5789;rendah terbangnya burung balam\nbesar ukuran si burung bangau\nkutitipkan salam di angin malam\nakan rindu sahabat yang di rantau;Pantun Kasih Sayang;Pantun Kasih Sayang
5799;rima indah di dalam madah\npuisi syair karya pujangga\njatuh cinta kepadamu mudah\nmelupakanmu aku tak bisa;Pantun Kasih Sayang;Pantun Kasih Sayang
5800;Rimba permai menghijau tua\nAngin berdesir merdu berlagu\nJika setia dipelihara\nTakkan retak janji nan satu;Pantun Kasih Sayang;Pantun Kasih Sayang
5806;rok dipakai anak perempuan\ntuk menyanyi lagu selayang pandang\nhati bingung tak karuan\nkala rasa rindu datang menyerang;Pantun Kasih Sayang;Pantun Kasih Sayang
5811;Rumah bertiang dinding papan\nTanam selasih di tengah laman\nBiar hilang segala harapan\nNamun kasih hamba turutkan;Pantun Kasih Sayang;Pantun Kasih Sayang
5813;rumah di kota amatlah bersih\ntempat bermain si orang kaya\nberpantang mata berasa kasih\njumpa yang lain lupakan saya;Pantun Kasih Sayang;Pantun Kasih Sayang
5823;rumah yang baru di sewa\nhari ini dibelikan meja\ndaripada kamu nantinya kecewa\nmending menikah denganku aja;Pantun Kasih Sayang;Pantun Kasih Sayang
5824;rumah yang tak berpenghuni\nditemukan beberapa bangku\napalah artinya kamu disini\njika kamu selalu cuekin aku;Pantun Kasih Sayang;Pantun Kasih Sayang
5827;rumput liar di atas tikar\ndicumbui si bunga mawar\nkalau rindu semakin mekar\nhanya fotomu jadi penawar;Pantun Kasih Sayang;Pantun Kasih Sayang
5835;saat ada di ruang tamu\nbawa buku bahasa indonesia\npengennya sih membahagiakanmu\ntapi sayangnya kamu milih dia;Pantun Kasih Sayang;Pantun Kasih Sayang
5839;saat main layanglayang\npada nunggu datangnya angin\nsebenarnya sih masih sayang\ntapi dia lebih memilih yang lain;Pantun Kasih Sayang;Pantun Kasih Sayang
5840;saat memberikan buku\ndia bertanya apa kerja ayahmu\npercayalah katakataku\naku ini adalah jodoh terbaikmu;Pantun Kasih Sayang;Pantun Kasih Sayang
5870;sangat laku jualan jamu\njualnya ke tanah seberang\nsaat aku melihat dirimu\ndunia rasanya terang benderang;Pantun Kasih Sayang;Pantun Kasih Sayang
5878;sapi jantan tubuhnya kurus\nkarena tidak makan padi\ndari pada ngomong terus\nmending kamu cepat mandi;Pantun Kasih Sayang;Pantun Kasih Sayang
5882;sapu halaman sampai bersih\nkarena besok hari raya\nselamat malam wahai kekasih\nsemoga selalu dalam lindungannya;Pantun Kasih Sayang;Pantun Kasih Sayang
5883;sapu rumah hingga bersih\natapnya satu dibawa pergi\ntatap mataku wahai kekasih\ncintaku satu tak terbagi bagi;Pantun Kasih Sayang;Pantun Kasih Sayang
5903;sarapan pagi dengan roti\nsebelum berangkat ke kediri\nbedug masjid sudah berbunyi\nselamat berbuka kekasih hati;Pantun Kasih Sayang;Pantun Kasih Sayang
5912;sarapan pagi pake tempe\nsiang dikit pake jagung\ntampangnya ucup sih memang oke\ntapi sayang otaknya linglung;Pantun Kasih Sayang;Pantun Kasih Sayang
5921;satu tambah satu sama dengan dua\ndua tambah tiga sama dengan lima\naku dan kamu hidup bersama\nsekarang esok dan selamanya;Pantun Kasih Sayang;Pantun Kasih Sayang
5930;sayang selasih tidak berbunga\nengganlah kumbang untuk menyapa\nsayang kekasih tidak setia\nbadan meriang ini jadinya;Pantun Kasih Sayang;Pantun Kasih Sayang
5936;sayur pare sayur labu\nterasa pahit seperti jamu\npergi untuk mencari tahu\nkarena ingin mengenal dirimu;Pantun Kasih Sayang;Pantun Kasih Sayang
5938;sebatang bakau ditancap paku\nserdadu india dendangkan lagu\ntidakkah engkau lihat mataku\nseribu cinta sedang menunggu;Pantun Kasih Sayang;Pantun Kasih Sayang
5940;sebelum adzan tabuh di pukul\nmarilah shalat perbanyak amal\nuntuk kamu bergigi gingsul\nhati bergejolak ingin mengenal;Pantun Kasih Sayang;Pantun Kasih Sayang
5947;sebelum mengambil makanmu\ntolong bantu belikan tinta\ntak mungkin aku rindu kamu\njikalau aku tak punya rasa cinta;Pantun Kasih Sayang;Pantun Kasih Sayang
5953;sebelum tidur pasang kelambu\njangan lupa baca doa dulu\npastilah aku juga merindu\napalagi bersandar di bahumu;Pantun Kasih Sayang;Pantun Kasih Sayang
5969;Segak gagah putera bistari\nPuteri manja kesayangan ratu\nSeri wajahmu igauan mimpi\nSenyum kerlingan penawar rindu;Pantun Kasih Sayang;Pantun Kasih Sayang
5980;sekarang bulan januari\ntanggalnya tanggal sebelas\njodoh yang kau caricari\nmungkin sekarang udah tewas;Pantun Kasih Sayang;Pantun Kasih Sayang
5981;sekarang hari selasa\nlibur tahun baru imlek\nsilahkan kamu pergi aja\nkarena bagiku itu nggak ngefek;Pantun Kasih Sayang;Pantun Kasih Sayang
5983;sekarang sabtu desember\nbesok memperingati hari ibu\npunya pacar gausah pamer\npacarku lebih cakep dari pacarmu;Pantun Kasih Sayang;Pantun Kasih Sayang
5985;sekarang sepuluh maret\nhari musik nasional\naku udah sayang kamu banget\neternyata cintamu abalabal;Pantun Kasih Sayang;Pantun Kasih Sayang
5986;sekarang tahun baru imlek\ncuaca terpantau mendung\nkata siapa kamu jelek\nkamu makin cantik kalau berkerudung;Pantun Kasih Sayang;Pantun Kasih Sayang
5987;sekarang tanggal dua puluh\nramadhan ke delapan belas\ngalauku kau buat sembuh\nsejak cintaku kau balas;Pantun Kasih Sayang;Pantun Kasih Sayang
5993;selalu pulang dengannya\nsetiap dari kota surabaya\naku cinta kamu apa adanya\nbukan karena kamu kaya;Pantun Kasih Sayang;Pantun Kasih Sayang
6015;semua kucing punya kumis\nbuaya muara besar taringnya\nselamat menikmati hari kamis\nbuat kamu pujaan jiwa;Pantun Kasih Sayang;Pantun Kasih Sayang
6022;sengaja ngemil rel kereta\nbiar virus corona pergi\nbahagiakanlah aku dengan cinta\nbiar aku tak galaugalau lagi;Pantun Kasih Sayang;Pantun Kasih Sayang
6024;Senja berlalu iramanya merdu\nMalam berhiba silih berganti\nMerdu suaramu berputik rindu\nMenganyam cinta di tasik hati;Pantun Kasih Sayang;Pantun Kasih Sayang
6029;senja hati langitnya merah\ndatang peting bagai membelah\nberjuang pantang menyerah\ntentu engkau tak kan kalah;Pantun Kasih Sayang;Pantun Kasih Sayang
6041;seorang seniman membuat karya\nkarya berupa lukisan taman\njika engkau sudah kaya\njanganlah lupa terhadap teman;Pantun Kasih Sayang;Pantun Kasih Sayang
6042;sepah tebu rasanya hambar\nbila dibakar pasti berkobar\njika engkau slalu bersabar\nilmu kamu pasti kan lebar;Pantun Kasih Sayang;Pantun Kasih Sayang
6044;sepatunya baru dikembalikan\nwaktu pulang beli pulsa\nseharian aku ndak mood makan\nkarena rindu ini sungguh menyiksa;Pantun Kasih Sayang;Pantun Kasih Sayang
6047;seperti embun di pagi buta\ndinginnya pagi menyapa asa\nselasa hadir tanpa berita\ndirimu hadir dengan cinta;Pantun Kasih Sayang;Pantun Kasih Sayang
6055;seribu bebek di kandang singa\nhanya satu berwarna belang\nberibu cewek di indonesia\nhanya engkau yang aku sayang;Pantun Kasih Sayang;Pantun Kasih Sayang
6063;setelah jumat ada sabtu\npergi ke hutan mencari kayu\nselamat malam wahai mantanku\naku rindu sekali padamu;Pantun Kasih Sayang;Pantun Kasih Sayang
6066;setelah memanen padi\ndia membeli segelas jamu\napapun yang nanti terjadi\naku akan selalu mencintaimu;Pantun Kasih Sayang;Pantun Kasih Sayang
6067;setelah membeli bakpia\ndia mengembalikan buku\nkamu sekarang emang pacar dia\ntapi jodohmu semoga denganku;Pantun Kasih Sayang;Pantun Kasih Sayang
6072;setiap hari makan sayur\nlengkap dengan sepiring nasi\nsetiap saat aku tertidur\nkuingin kau ada dalam hati;Pantun Kasih Sayang;Pantun Kasih Sayang
6074;setiap membeli buku\naku selalu ketemu temanmu\nkalau ortu kamu menerimaku\naku janji langsung halalin kamu;Pantun Kasih Sayang;Pantun Kasih Sayang
6075;setiap pagi makan bubur\nlengkap dengan segelas susu\nsetiap saat selalu tertidur\nkuingin kau ada di mimpiku;Pantun Kasih Sayang;Pantun Kasih Sayang
6077;sholat maghrib sudah dimulai\nlari kancil dengan kelinci\njika kamu saling mencintai\nikatlah dengan janji suci;Pantun Kasih Sayang;Pantun Kasih Sayang
6081;si buaya darat berkata merdu\nsi buaya air hanya membisu\nsungguh berat rasanya rindu\nwaktu sehari terasa seminggu;Pantun Kasih Sayang;Pantun Kasih Sayang
6084;si kancil jatuh lalu mati\njatuh dari almari ukir\nsaat engkau bersedih hati\njangan lupa selalu berdzikir;Pantun Kasih Sayang;Pantun Kasih Sayang
6106;siang panas membuat dahaga\njika hujan lain cerita\nkalau benci menguras tenaga\nlebih baik memberi cinta;Pantun Kasih Sayang;Pantun Kasih Sayang
6108;siangsiang enaknya tidur\nmumpung skrg hari liburmu\nsemakin kamu mengaturatur\nsemakin aku benci sama kamu;Pantun Kasih Sayang;Pantun Kasih Sayang
6123;siapa tak pedih kakinya\njika berdarah dan terluka\nsiapa tak sedih hatinya\nbila kekasih tak setia;Pantun Kasih Sayang;Pantun Kasih Sayang
6129;siberut namanya pulau\npergi berlayar membawa gabus\naku disini engkau dirantau\nberbagi cerita tak pernah putus;Pantun Kasih Sayang;Pantun Kasih Sayang
6140;sinta adalah adiknya santi\nkakak duduk adik berdiri\nhilang bunga bisa diganti\nkehilangan kamu kemana dicari;Pantun Kasih Sayang;Pantun Kasih Sayang
6157;skrg tanggal januari\ndua ribu sembilan belas\nrasa cintaku tlah kau curi\nnamun tak pernah kau balas;Pantun Kasih Sayang;Pantun Kasih Sayang
6161;sopanlah saat bertamu\nbiar bisa di tiru adik\nsuka banget ngeliat kamu\nsederhana tapi tetap cantik;Pantun Kasih Sayang;Pantun Kasih Sayang
6185;suara penyanyi sungguhlah syahdu\nmenyanyikan lagu tentang cinta\nuntuk kamu tempat berlabuh rindu\nsemoga senin ini berbahagia;Pantun Kasih Sayang;Pantun Kasih Sayang
6187;suara teriak amat lantang\nsemua benda ikut bergoyang\ngelap malam telah datang\nselamat tidur wahai sayang;Pantun Kasih Sayang;Pantun Kasih Sayang
6213;sungai mengalir tanpa henti\nmembelah lembah dan bebatuan\ncintaku setia menunggu disini\ntak goyah oleh perubahan;Pantun Kasih Sayang;Pantun Kasih Sayang
6224;sungguh dalam dasarnya palung\njangan ditimba dengan tempurung\nbertahuntahun tak pulang kampung\nrasa rindu kian menggunung;Pantun Kasih Sayang;Pantun Kasih Sayang
6266;sungguh manis buah semangka\nsemangka dimakan buang isinya\nselamat selasa buatmu di sana\nada rindu disini yang membara;Pantun Kasih Sayang;Pantun Kasih Sayang
6272;sungguh manis rasanya madu\nsebagai penawar pahitnya jamu\nsungguh berat rasanya rindu\nhingga neneknenek ku kira kamu;Pantun Kasih Sayang;Pantun Kasih Sayang
6273;sungguh manis si buah manggis\nlebih manis si buah mangga\nniat hati hendak melamar gadis\ndapatnya janda beranak tiga;Pantun Kasih Sayang;Pantun Kasih Sayang
6276;sungguh pahit rasa empedu\nnasi putih membuat kenyang\nuntuk dirimu wahai jodohku\nselamat malam minggu sayang;Pantun Kasih Sayang;Pantun Kasih Sayang
6283;sungguh segar minum selasih\nminum selasih di waktu siang\nsemenjak kamu hidup bersih\nhati ini jadi semakin sayang;Pantun Kasih Sayang;Pantun Kasih Sayang
6288;sungguh tinggi pohon gaharu\nmenjulang ke langit nan biru\naku rindu hadir dirimu\nbercanda tertawa disampingku;Pantun Kasih Sayang;Pantun Kasih Sayang
6315;tak selalu jalan rata\nadakalanya berkelok tak rata\naku tak lihai merangkai kata\nnamun aku sanggup membuatmu cinta;Pantun Kasih Sayang;Pantun Kasih Sayang
6323;tampak cerah mentari pagi\nbersinar menerangi jagat raya\nhanya padamulah ku sandarkan hati\njaga setia abadi selamanya;Pantun Kasih Sayang;Pantun Kasih Sayang
6330;tanah lembab ada kelabang\nekor kala untuk menusuk\nbukan aku menolak cinta abang\ntapi nafas abang bau busuk;Pantun Kasih Sayang;Pantun Kasih Sayang
6334;Tanah tandus jangan ditandur\nLebih baik rumputnya dicukur\nSebelum kamu beranjak tidur\nJangan lupa panjatkan syukur;Pantun Kasih Sayang;Pantun Kasih Sayang
6355;Tanam ubi tanam tebu\nTanam pula di tepi paya\nTerima kasih kepada ibu\nMembesarkan kita hingga berjaya;Pantun Kasih Sayang;Pantun Kasih Sayang
6358;tanaman diserang hama\nkata adik sepupu ibuku\nwaktu jadi terasa sangat lama\nbila dirimu tak ada disampingku;Pantun Kasih Sayang;Pantun Kasih Sayang
6364;tanggal tiga belas maret\ndua ribu dua puluh satu\nkamu itu emang ngeselin banget\ndikitdikit ngejelekin aku;Pantun Kasih Sayang;Pantun Kasih Sayang
6375;tanpa garam masakan tiada rasa\nkalau hambar tak nikmat dimakan\nkasih ibu sepanjang masa\nkasih ayah sepanjang jalan;Pantun Kasih Sayang;Pantun Kasih Sayang
6381;taruh kembali pisau belati\nkarena tajam bagaikan duri\ncinta kasih di dalam hati\nbiarlah tumbuh dan berseri;Pantun Kasih Sayang;Pantun Kasih Sayang
6397;telah berlayar para nelayan\nmeluncur kencang ke tengah samudera\ntak perlu menuntut kesempurnaan\naku cintai kamu apa adanya;Pantun Kasih Sayang;Pantun Kasih Sayang
6408;tengah gelap hari lah kelam\nkapal nelayan segera berlabuh\nkutitipkan salam di angin malam\nakan rindu sahabat yang jauh;Pantun Kasih Sayang;Pantun Kasih Sayang
6415;tengah malam terasa lapar\nambil nasi makan merana\nadinda sayang gimana kabar\nbilakah pulang kita bersua;Pantun Kasih Sayang;Pantun Kasih Sayang
6418;tepi pantai ada pohon bakau\nsisik menikam tajam menghunus\naku disini engkau dirantau\nberbagi cerita tak pernah putus;Pantun Kasih Sayang;Pantun Kasih Sayang
6434;terbang di awan burung jatayu\ndi atas papan batang selisih\ntampillah tuan kami merayu\nbersama ucapan pengikat kasih;Pantun Kasih Sayang;Pantun Kasih Sayang
6452;terima gaji masuk saku\nsakunya bolong gajihnya ilang\nterima kasih wahai guruku\nkaulah orang yang paling ku sayang;Pantun Kasih Sayang;Pantun Kasih Sayang
6464;ternyata jalannya buntu\nkata anaknya penjual jamu\nyang aku takuti hanya satu\njalanin hidup tanpa kamu;Pantun Kasih Sayang;Pantun Kasih Sayang
6482;tiap pagi ada musik gombloh\nsenandungnya sangat mengena\nkalau cinta sudah jodoh\npasti takkan lari kemana;Pantun Kasih Sayang;Pantun Kasih Sayang
6492;tidurkan anak dalam kelambu\njika malam telah tiba\nselamat hari senin untuk kamu\norang yang selalu aku puja;Pantun Kasih Sayang;Pantun Kasih Sayang
6500;tinggal sekarang dan besok\njumat oktober path tutup\naku masih cinta kamu kok\nkata siapa cintaku meredup;Pantun Kasih Sayang;Pantun Kasih Sayang
6508;Tinggi-tinggi pohon jati\nTempat bermain simanja sayang\nSungguh tinggi harga budi\nBudi dibalas kasih dan sayang;Pantun Kasih Sayang;Pantun Kasih Sayang
6512;titik embun di atas daun\nbikin sejuk dan indah taman\ncinta kita dapat bertahun\nselama hayat masih di badan;Pantun Kasih Sayang;Pantun Kasih Sayang
6530;tuhan adalah yang maha agung\nsujud syukur terhatur ke hadiratnya\nkalau nanti engkau bingung\njangan sampai malu buat tanya;Pantun Kasih Sayang;Pantun Kasih Sayang
6531;tujuh bintang untuk raja\nbintang timur sangat bersinar\nkamu tiba merayu saja\nkapan tiba untuk melamar;Pantun Kasih Sayang;Pantun Kasih Sayang
6534;tukang becak memakai topi\nberwarna hijau di pinggir jalan\nhadirmu tak seindah mimpi\nsaat kau masih dalam khayalan;Pantun Kasih Sayang;Pantun Kasih Sayang
6549;tumbuh subur pohon merica\npohon pelindung namanya mahoni\nterima kasih atas waktunya\nizinkan saya memperkenalkan diri;Pantun Kasih Sayang;Pantun Kasih Sayang
6556;turun hujan rintikrintik\nmemandang mendung di teras rumah\nharap hati punya pacar cantik\nsyaratnya punya rumah dan mobil mewah;Pantun Kasih Sayang;Pantun Kasih Sayang
6561;uang seribu dibawa gelatik\ndibawa terbang sampai jakarta\ndari seribu wanita cantik\nhanya kamu yang abang cinta;Pantun Kasih Sayang;Pantun Kasih Sayang
6565;udara dingin di malam kelabu\nmari berkumpul dengan keluarga\naku rindu sahabat kecilku\nyang telah lama tidak berjumpa;Pantun Kasih Sayang;Pantun Kasih Sayang
6574;untuk apa batu permata\nkalau didapat dari mencuri\nuntuk apa bermain cinta\nkalau membuat susah hati;Pantun Kasih Sayang;Pantun Kasih Sayang
6582;untuk apa minum selasih\nkalau tumpah ke baju kain\nuntuk apa bertanam kasih\nkalau hatimu milik orang lain;Pantun Kasih Sayang;Pantun Kasih Sayang
6583;Untuk menjadi seorang perwira\nHarus bertapa di dalam gua\nKalau cinta kukuh di jiwa\nBiar melayang kembali jua;Pantun Kasih Sayang;Pantun Kasih Sayang
6586;virus corona mewabah\nhand sanitizer sangat laku\nkalau yang kau cari cuma rupiah\nenyahlah dari hidup dan cintaku;Pantun Kasih Sayang;Pantun Kasih Sayang
6587;virus corona mewabah\nmenunda niat ibadah hajimu\naku pengen cepat menikah\ntapi nikahnya sama kamu;Pantun Kasih Sayang;Pantun Kasih Sayang
6592;wahai seruling buluh perindu\nsuaranya membuatku\nwahai gadis pujaanku\naku sangat mencintaimu;Pantun Kasih Sayang;Pantun Kasih Sayang
6598;waktu daftar hari terakhir\nwaktu terasa banyak terbuang\nkamu tak perlu khawatir\ncintaku hanya untukmu seorang;Pantun Kasih Sayang;Pantun Kasih Sayang
6599;waktu maghrib bertemu mualim\nwajahnya bersih dari debu\nbegini nasib menjadi yatim\ntak dapat kasih sayang ayah ibu;Pantun Kasih Sayang;Pantun Dukacita
6601;walau banyak bunga di taman\nbunga mawar masih dikenang\nwalau banyak kupunya teman\ndalam hatiku dinda seorang;Pantun Kasih Sayang;Pantun Kasih Sayang
6610;walau wangi bunga melati\nkan dipetik di waktu pagi\nwalau cinta sampai mati\ndunia pasti ditinggal pergi;Pantun Kasih Sayang;Pantun Kasih Sayang
6611;walaupun enak makan dengan bakwan\nlebih enak makan dengan tahu\nwalaupun enak jalan dengan teman\nlebih enak jalan dengan kamu;Pantun Kasih Sayang;Pantun Kasih Sayang
6626;waspada nyamuk malaria\njaga kebersihan lingkungan\nselain baik dan setia\nkamu juga bikin aku nyaman;Pantun Kasih Sayang;Pantun Kasih Sayang
6627;whatsapp dibatasi pemerintah\nfoto dan video tak bisa di kirim\npatenkan cintamu dengan menikah\nbiar tak ada lagi yang ngeklaim;Pantun Kasih Sayang;Pantun Kasih Sayang
6629;yang berada di ruang tamu\nlagi ngomongin barang antik\nkamu putus dengan pacarmu\nbagiku itu adalah kabar baik;Pantun Kasih Sayang;Pantun Kasih Sayang
6633;yang lagi pake bikini\ndibawah pohon mengkudu\ntiap lagi liburan gini\nhatiku pasti terpenjara rindu;Pantun Kasih Sayang;Pantun Kasih Sayang
6634;yang lagi pake bikini\nsedang bagibagi roti\nkalau lagi kangen kamu gini\npengen tidur susahnya setengah mati;Pantun Kasih Sayang;Pantun Kasih Sayang
6638;yang tidur di bawah meja\ndari tadi bertanyatanya\nkalau kamu lagi manja\nkamu makin keliatan syantiknya;Pantun Kasih Sayang;Pantun Kasih Sayang
8;ada banyak pulau di indonesia\nsalah satunya tanah papua\nbanyak cara agar hidup bahagia\ncukup ikuti nasehat orang tua;Pantun Sukacita;Pantun Sukacita
31;ada kado indah dan bagus\ndi dalam kotak tidak terpijak\nbentuknya indah dan bagus\ntapi anak fungsi diinjak;Pantun Sukacita;Pantun Sukacita
85;adik bayi hidungnya mungil\nkalo haus julurkan lidah\nperbanyak kisah di masa kecil\nuntuk masa depan yang indah;Pantun Sukacita;Pantun Sukacita
102;adik senang belajar tari\nbelajar setelah pulang berenang\nkalau kamu jadi anak mandiri\nibu dan ayah pastilah senang;Pantun Sukacita;Pantun Sukacita
130;Air kemasan mereknya Aqua\nMinum setengah, simpan di wadah\nSiapa pun orang hidup bertakwa\nCerita akhirnya selalu indah;Pantun Sukacita;Pantun Sukacita
147;Air mengalir ke muara\nIkan berenang riang sekali\nJika hati ingin bahagia\nJangan suka menyakiti hati;Pantun Sukacita;Pantun Sukacita
148;air mengucur dari talang\nayang jago miliki taji\nibuku senang tiada kepalang\njika aku pandai mengaji;Pantun Sukacita;Pantun Sukacita
181;air tajin diminum kuda\nbarang bekal telah dibawa\nsiapa yang rajin di waktu muda\nhidup bahagia ketika tua;Pantun Sukacita;Pantun Sukacita
200;aku disini kau di seberang\nterpisah laut yang penuh karang\nwalau jauh bisa berbincang\nhati yang sedih menjadi riang;Pantun Sukacita;Pantun Sukacita
205;alangkah terang sinar mentari\ntatkala aku tengah di teras\nalangkah senang di hati ini\ntatkala jadi juara kelas;Pantun Sukacita;Pantun Sukacita
207;amalan membaca budaya mulia\nilmu bertambah amat berharga\nhidup bahagia dengan membaca\njadikan membaca khazanah bangsa;Pantun Sukacita;Pantun Sukacita
224;ambil jambu dengan galah\ngalah dipakai oleh bu minah\nrabu menjadi hari yang cerah\nkala melihat senyummu yang indah;Pantun Sukacita;Pantun Sukacita
256;ambil tuai panenlah padi\nberas dimasak menjadi nasi\nselamat datang adikadik kami\ndi sekolah yang baru ini;Pantun Sukacita;Pantun Sukacita
258;ambillah kayu buatlah sampan\nkikis kayu terlebih dahulu\nselamat datang kami ucapkan\nuntuk kalian siswasiswi baru;Pantun Sukacita;Pantun Sukacita
291;Anak bangau terbang melayang\nHinggap tenang di tepi rawa\nJika sabar dalam berjuang\nHasil datang membawa bahagia;Pantun Sukacita;Pantun Sukacita
296;anak bebek main di kali\nkalinya banjir hanyut terjadi\nbangga jika aku jadi polisi\ncitacita kala dewasa nanti;Pantun Sukacita;Pantun Sukacita
322;anak desa memetik kelapa\nkelapa hijau ruparupa\nmanusia tidak akan lupa\nsaat dimasukan rasa bahagia;Pantun Sukacita;Pantun Sukacita
325;anak gembala bermain angklung\nambil daun jadikan mahkota\nselamat datang selamat bergabung\ndi universitas gunadarma;Pantun Sukacita;Pantun Sukacita
330;anak gembala bermain layanglayang\ntali lepas lupa diikat\nkita lewati susah dan senang\ntanpa ada teman khianat;Pantun Sukacita;Pantun Sukacita
339;anak gembala pergi ke ladang\nsambil menggiring seekor sapi\nsungguh hati sangatlah senang\ndengan sambutan meriah ini;Pantun Sukacita;Pantun Sukacita
349;Anak itik berenang tenang\nRiaknya kecil di permukaan\nJika hidup ingin senang\nJangan banyak berangan-angan;Pantun Sukacita;Pantun Sukacita
350;Anak itik berenang-renang\nDi sungai jernih airnya tenang\nKalau hati ingin senang\nJangan suka berbuat curang;Pantun Sukacita;Pantun Sukacita
368;anak kecil bermain panah\nselepas memanah memakan ketan\nselasa pagi semakin indah\nkala melihat senyummu kawan;Pantun Sukacita;Pantun Sukacita
382;anak kecil suka berenang\nmakan ikan dengan pete\nbagaimana hati tak senang\nmelihat ibu membuat kue;Pantun Sukacita;Pantun Sukacita
384;anak kecil tertatihtatih\nturun tangga belum bisa\nbiarlah badan berletihletih\nasal keluarga bisa bahagia;Pantun Sukacita;Pantun Sukacita
386;Anak kera di atas bukit\nDipanah oleh Indera Sakti\nDipandang muka senyum sedikit\nKarena sama menaruh hati;Pantun Sukacita;Pantun Sukacita
414;Anak merbah terbang berdua\nHinggap sekejap di pucuk jati\nJika ingin hidup bahagia\nIsi hari dengan berbudi;Pantun Sukacita;Pantun Sukacita
482;Anak tenggiri berenang laju\nDi laut biru berkilau cahaya\nJika tekad sudah berpadu\nSegala susah jadi bahagia;Pantun Sukacita;Pantun Sukacita
484;anak tetanggan bernama raju\nbila pergi selalu hilang\nbunda datang membawa baju\nhati senang bukan kepalang;Pantun Sukacita;Pantun Sukacita
485;anak tikus memakan racun\npingsan terkapar di atas lantai\nselamat hari ulang tahun\nuntukmu ayah yang kami cintai;Pantun Sukacita;Pantun Sukacita
498;angin bertiup hingga menderu\ndari jawa ke pulau sabang\nsiapa yang tekun meraih ilmu\nhatinya bahagia dadanya lapang;Pantun Sukacita;Pantun Sukacita
506;angin lembah berhembus lirih\nbunga liar tumbuh sederhana\ncintamu indah tanoa perlu lebih\ncukup tulus menjaga rasa;Pantun Sukacita;Pantun Sukacita
539;antik motor milik pak ogah\nmotor dibawa menuju sawah\nselasa menjadi hari yang cerah\nkala melihat senyummu yang indah;Pantun Sukacita;Pantun Sukacita
577;asap keluar dari cerobong\nlalu terbang menuju awan\nanak pintar tidak akan sombong\ntapi senang membantu teman;Pantun Sukacita;Pantun Sukacita
604;ayah bekerja di pagi hari\nbawa cangkul untuk gali sumur\nbuat ayah yang selalu dihati\nselamat ulang tahun dan panjang umur;Pantun Sukacita;Pantun Sukacita
606;ayah duduk di ruang tamu\nsambil memangku adikku sora\nmenikmati sore bersamamu\nmembuat hati senang gembira;Pantun Sukacita;Pantun Sukacita
611;ayam berbintik suka minum\nkaki mengais kelapa parut\nyang cantik saja murah senyum\nkamu jelek kok cemberut;Pantun Sukacita;Pantun Hiburan
637;baca koran sambil bergolek\nrambut panjang dipotong pendek\nkalau kamu tak merasa jelek\njanganlah senang mengejek;Pantun Sukacita;Pantun Sukacita
716;bangun pagi langsung mandi\nambil kain pembalut luka\nselamat datang senin pagi\nuntukmu kasih ingin segera jumpa;Pantun Sukacita;Pantun Kasih Sayang
719;bangun pagi langsung sarapan\nsarapannya dengan sepiring ketan\nhadiah spesial kami berikan\nuntuk atasan yang kami banggakan;Pantun Sukacita;Pantun Sukacita
752;banyak mobil di jalan raya\ningin pergi membeli roti\nlagu pramuka lagu ceria\nuntuk mengusir galau di hati;Pantun Sukacita;Pantun Sukacita
759;banyak orang pergi ke pasar\ndi pagi hari ramai sekali\nsambil bekerja kita belajar\nsemoga riang di dalam hati;Pantun Sukacita;Pantun Sukacita
794;batu gasing cepat berputar\nmenulis sabda dalam lontar\ndi waktu kecil rajin belajar\nakan senang di waktu besar;Pantun Sukacita;Pantun Sukacita
799;batu gunung bisa terbelah\nbanyak hewan yang berpindah\nnikmati masamasa sekolah\ninilah masa yang sangat indah;Pantun Sukacita;Pantun Sukacita
800;batu gunung mulai terbelah\nbanyak hewan mulai berpindah\nnikmatilah masa sekolah\ninilah masa paling indah;Pantun Sukacita;Pantun Sukacita
869;beli balon warna merah\nsambil menonton tari saman\nhati senang kalau sekolah\nbanyak bercanda bersama teman;Pantun Sukacita;Pantun Sukacita
874;beli berlian di kota belawan\nhujan gerimis di kota mekah\ncantik nan itu perawan\nwajahnya manis senyum merekah;Pantun Sukacita;Pantun Kasih Sayang
884;beli jambu sama pak tani\nbeli duku dipinggir kali\nsapa mesramu pagi ini\nmembuatku bahagia sekali;Pantun Sukacita;Pantun Kasih Sayang
902;beli roti ke warung sebelah\nroti dicampur dengan susu\nrabu semakin terasa indah\nkala tau kau putus dengan pacarmu;Pantun Sukacita;Pantun Sukacita
904;beli sabun beli blewah\nsayang sekali uangnya kurang\nmain ke kebun turun ke sawah\nbersama paman hatiku riang;Pantun Sukacita;Pantun Sukacita
931;berangkat kuliah setelah hujan\nmenuntut ilmu studi pertanian\ntidur dengan sebuah senyuman\nhati bahagia terasa ringan;Pantun Sukacita;Pantun Sukacita
958;berenang anak di tengah sawah\nsampai sore waktu terlupa\nsenang rasanya pergi ke sekolah\ndi sanalah kita kan berjumpa;Pantun Sukacita;Pantun Sukacita
974;berjalan kaki ke sekolah\njangan sampai datang terlambat\nselamat datang rabu yang cerah\nselamat pagi untuk para sahabat;Pantun Sukacita;Pantun Sukacita
1007;bermain bola dipandu pelatih\nsebelum tempur ke medan laga\nbiarlah badan berletihletih\nasal keluarga bisa bahagia;Pantun Sukacita;Pantun Sukacita
1011;bermain poku dengan jaka\nbertemu dengan mas wayan\naku bangga jadi anak pramuka\nbelajar disiplin demi masa depan;Pantun Sukacita;Pantun Sukacita
1041;besar rimbun kayu gaharu\nanak rumput dimakan sapi\nselamat datang guru baru\nsemoga betah di sekolah kami;Pantun Sukacita;Pantun Sukacita
1049;betapa indah bunga melati\ndapat kucium juga wanginya\nbetapa senang hatiku ini\nmendapat uang di hari raya;Pantun Sukacita;Pantun Sukacita
1050;betapa indah pantai di sini\nputih dan coklat warna pasirnya\nbetapa senang hatiku ini\nnilai rapotku bagus semua;Pantun Sukacita;Pantun Sukacita
1078;Bintang bertabur di dada malam\nMenyulam gelita jadi bercahaya\nJika sabar disimpan dalam\nPerit derita berubah bahagia;Pantun Sukacita;Pantun Sukacita
1115;Buah alpukat buah mangga\nSebelum makan hendaklah dikupas\nBagaimana hati ibu tak bangga\nAnak sulungnya juara kelas;Pantun Sukacita;Pantun Sukacita
1130;Buah delima merah warnanya\nDisimpan rapi di dalam laci\nHidup indah bukan hartanya\nNamun tulusnya hati nurani;Pantun Sukacita;Pantun Sukacita
1131;buah duku anak rasanya\nrasanya enak manis di lidah\nsudi menjawab saya bertanya\nsiapa nama si wajah indah;Pantun Sukacita;Pantun Sukacita
1168;buah kenari buah mangga\ndi dalam karung ada sepuluh\nsupaya orang tuamu bangga\njadilah kamu anak patuh;Pantun Sukacita;Pantun Sukacita
1177;Buah mangga jatuh ke tanah\nDipungut anak sambil tertawa\nHarta benda tak selamanya indah\nBudi baik dikenang selamanya;Pantun Sukacita;Pantun Sukacita
1181;buah mangga memiliki getah\niris lalu kukitnya dibuang\npertama kalinya masuk sekolah\nsemoga selalu berhati senang;Pantun Sukacita;Pantun Sukacita
1200;buah nangka banyak getah\njangan gosokkan ke batu akik\nsemoga senang semoga betah\nkami murid yang baikbaik;Pantun Sukacita;Pantun Sukacita
1224;Buah rambutan jatuh ke tanah\nDipungut anak sambil tertawa\nHarta dunia tak selamanya indah\nAkhlak baik kekal selamanya;Pantun Sukacita;Pantun Sukacita
1234;Buah semangka merah isinya\nDimakan bersama keluarga\nJika ingin hidup bahagia\nJaga rukun sesama saudara;Pantun Sukacita;Pantun Sukacita
1273;bukit tinggi jalan berbatu\ndi ujung jalan tempat bertemu\nkepada ayah selalu membantu\nagar bahagia jalan hidupmu;Pantun Sukacita;Pantun Sukacita
1278;bulan maret waktu untuk panen mangga\njangan sampai dicuri orang serakah\npesan ayah untuk hidup bahagia\njangan lupa dan lelah bersedekah;Pantun Sukacita;Pantun Sukacita
1307;bunga bangkai sungguh pekat\napalagi ketika ia mekar\nsungguh senang jantung sehat\nperedaran darah menjadi lancar;Pantun Sukacita;Pantun Sukacita
1377;Bunga mawar merah berduri\nCantik mekar di taman desa\nJika hati bersih nurani\nHidup indah penuh rasa;Pantun Sukacita;Pantun Sukacita
1379;Bunga mawar merah menyala\nCantik mekar di halaman desa\nJika hati jauh dari cela\nHidup bahagia sepanjang masa;Pantun Sukacita;Pantun Sukacita
1387;bunga mawar warnanya merah\nbiru indah si bunga cempaka\nhidup terasa semakin indah\nkala bertemu temanteman lama;Pantun Sukacita;Pantun Sukacita
1399;Bunga melati harum baunya\nDisiram embun waktu pagi\nJika budi elok lakunya\nSemua orang senang hati;Pantun Sukacita;Pantun Sukacita
1406;bunga melati menebar aroma\nmembuat kita senang akan harumnya\nsilahkan dikau kalau mau bertanya\ndengan senang hati aku menjawabnya;Pantun Sukacita;Pantun Sukacita
1431;bunga sekuntum boleh di ikat\nbunga dahlia hanya sebatang\nsekali senyum aku terpikat\nsenyum kedua dompetku hilang;Pantun Sukacita;Pantun Sukacita
1458;bungabunga beraneka warna\nsungguh indah dan mempesona\nkalau dikau merasa bahagia\nkukan selalu menjaganya;Pantun Sukacita;Pantun Sukacita
1466;Burung bangau berdiri diam\nMenunggu ikan di tepian\nOrang sabar dalam diam\nMenunggu waktu kemenangan;Pantun Sukacita;Pantun Sukacita
1472;burung bangau burung gereja\nterbang tinggi jauh menghilang\nhati ini sangat amat gembira\ntakkan lama lagi ayah pulang;Pantun Sukacita;Pantun Sukacita
1473;Burung bangau di tepi rawa\nMencari ikan sejak pagi\nKalau ingin hidup bahagia\nJaga hati dari dengki;Pantun Sukacita;Pantun Nasihat
1510;burung dara burung merpati\njauh melanglang terbang tinggi\nsangat bahagia hari ini\nayah pulang sebentar lagi;Pantun Sukacita;Pantun Sukacita
1517;Burung dara terbang berpasang\nHinggap manis di atap tua\nJika ingin hidupmu senang\nRawat kasih antar sesama;Pantun Sukacita;Pantun Nasihat
1553;burung gelatik minum tajin\nmencari makan waktu siang\nanak cantik pastilah rajin\njika belajar hatinya riang;Pantun Sukacita;Pantun Sukacita
1566;burung indah burung merpati\nterbang melayang tidaklah tinggi\nsenang rasanya hati ini\nbisa berdiri lagi di mimbar ini;Pantun Sukacita;Pantun Sukacita
1585;Burung kecil terbang ke rawa\nHinggap sebentar di dahan cemara\nHati bersih membawa bahagia\nHidup pun terasa lebih sejahtera;Pantun Sukacita;Pantun Sukacita
1613;Burung layang terbang beriring\nMenyentuh awan lalu menghilang\nKerja bersama ringan digiring\nBeban berat terasa senang;Pantun Sukacita;Pantun Sukacita
1668;Burung nuri terbang ke rawa\nHinggap sebentar di dahan cemara\nHati bersih pembawa bahagia\nDengki dan iri jauhi segera;Pantun Sukacita;Pantun Sukacita
1669;Burung nuri terbang ke rawa\nHinggap sebentar di dahan cemara\nHati bersih pembawa bahagia\nHidup damai terasa sejahtera;Pantun Sukacita;Pantun Sukacita
1671;Burung nuri terbang ke rawa\nHinggap sebentar di pohon jati\nHidup rukun penuh bahagia\nJika sabar di dalam hati;Pantun Sukacita;Pantun Sukacita
1680;burung nuri terbang rendah\nmungkin lelah kedua sayapnya\nbunga cantik menghias indah\nmata memandang jiwa bahagia;Pantun Sukacita;Pantun Sukacita
1722;Burung punai terbang ke rawa\nHinggap tenang di pohon tua\nJika ingin hidup bahagia\nHormati orang tanpa beda;Pantun Sukacita;Pantun Sukacita
1744;Burung tempua membuat sarang\nAnyam rapi di dahan tinggi\nKerja bersama ringan ditandang\nHasilnya indah dinikmati;Pantun Sukacita;Pantun Sukacita
1759;cabai hijau terasa pedas\nsaking pedasnya mulutku menganga\nrajin juga pangkal cerdas\norang tua tentu saja bangga;Pantun Sukacita;Pantun Sukacita
1773;cahaya terang sang matahari\nlebih terang dari pelita\npandaipandai membawa diri\norang sayang hiduppun bahagia;Pantun Sukacita;Pantun Sukacita
1774;campur es batu dengan semangka\nsungguh dingin dan nikmat rasanya\nkala selasa telah tiba\nhati riang dan gembira;Pantun Sukacita;Pantun Sukacita
1777;Cantik ayu si gadis sunti\nPandai pula menjahit jala\nBaru senang rasa di hati\nAir berkocak tenang semula;Pantun Sukacita;Pantun Sukacita
1808;ceria muka anak gembala\niringi sapi menuju tanah lapang\nberangkat sekolah dengan ceria\nhari gembira bukan kepalang;Pantun Sukacita;Pantun Sukacita
1816;citacita jadi dokter bedah\nharus tulus dari dalam hati\ntak ada sesuatu yang lebih indah\ndibanding persahabatan yang sejati;Pantun Sukacita;Pantun Sukacita
1840;dalam perahu ada kurakura\nkurakura lucu siapa yang punya\ntak punya ilmu hidup sengsara\ndengan ilmu hidup akan bahagia;Pantun Sukacita;Pantun Sukacita
1855;dari cirebon ke rembang\ntepi jalan pohon pinang\nwaktu muda selalu berjuang\nsudah tua hidupnya senang;Pantun Sukacita;Pantun Sukacita
1866;Dari Korea menuju Belgia\nTiba di sana menangkap ikan\nJika berharap hidup bahagia\nPetuah agama hendak diamalkan;Pantun Sukacita;Pantun Sukacita
1876;dari mana kain batik\ndari pasar tanjung pinang\njaga lisan berkata baik\nniscaya orang menjadi senang;Pantun Sukacita;Pantun Sukacita
1906;daun jatuh terasa ringan\ntempat sembunyi binatang lembing\npaling gembira main layangan\nberlarilari di sawah yang kering;Pantun Sukacita;Pantun Sukacita
1959;Deras arus Kali Malang\nNaik perahu sangat lama\nSenang hati bukan kepalang\nKalau cintaku kau terima;Pantun Sukacita;Pantun Kasih Sayang
2005;di pasar beli udang galah\nburung merak di rumah aang\nsemangat pagi berangkat sekolah\nhatiku riang belajar senang;Pantun Sukacita;Pantun Sukacita
2045;dimana saja turunnya hujan\ndi kota serta juga di ladang\ndimana saja kita liburan\nhati haruslah selalu senang;Pantun Sukacita;Pantun Sukacita
2063;dokter suka membawa stetoskop\nuntuk memeriksa pasiennya\nmalam minggu pergi ke bioskop\nditemani kamu senang rasanya;Pantun Sukacita;Pantun Sukacita
2104;ekor lebah sakit rasanya\nkalau menyengat tak terkira\npr sudah dikerjakan semua\npergi ke sekolah rasa gembira;Pantun Sukacita;Pantun Sukacita
2114;elok rupawan si anak gembala\nmasih kecil rajin bekerja\nindonesia raih merdeka\nseluruh rakyat ikut gembira;Pantun Sukacita;Pantun Sukacita
2141;empekempek bumbu cuka\nlezat sekali dirasa lidah\nke kota aku sangat suka\nke desa pun banyak yang indah;Pantun Sukacita;Pantun Sukacita
2152;eratkan kursi dengan paku\njangan ikat dengan tali\nsenang melihat senyum manismu\ndi sabtu pagi yang cerah ini;Pantun Sukacita;Pantun Kasih Sayang
2156;fajar datang cahaya merah\nsangat segar terhirup udara\nberwajah cerah senyum murah\nitulah tanda hati bertaqwa;Pantun Sukacita;Pantun Sukacita
2173;garam pedih terkena luka\nluka karena membelah kelapa\nselamat datang hari selasa\nbuatmu yang selalu dalam jiwa;Pantun Sukacita;Pantun Kasih Sayang
2175;gaun putih banyak renda\ndipakai di hari raya\nbanyak bekerja di waktu muda\nsudah tua hidup bahagia;Pantun Sukacita;Pantun Sukacita
2201;gunung api si gunung merbabu\nerupsi dia dikala senja\ntahun baru diambang pintu\nmari sambut dengan sukacita;Pantun Sukacita;Pantun Sukacita
2223;haji dalang sangat kaya\nharta benda melimpah ruah\nbetapa hati ini bahagia\nkarena mendapat sebuah hadiah;Pantun Sukacita;Pantun Sukacita
2237;hari gelap nyalakan lilin\nsurya terbit sudah berpijar\nalangkah senang bisa bermain\nselain bermain kita belajar;Pantun Sukacita;Pantun Sukacita
2263;hari minggu ke toko buah\ndi sana membeli semangka\nwisuda itu momen yang indah\nharus foto dengan keluarga;Pantun Sukacita;Pantun Sukacita
2268;hari minggu pergi ke kota\nuntuk bertemu sanak saudara\nmoga ibu selalu bahagia\nsehat selalu ke akhir masa;Pantun Sukacita;Pantun Sukacita
2270;hari minggu pergi ke sungai\nke sungai memancing ikan arwana\ntanah airku yang indah permai\ntidak lain adalah indonesia;Pantun Sukacita;Pantun Sukacita
2279;hari panas minum selasih\nbunga mekar tempat si kumbang\nlingkungan sangat indah dan bersih\npohon menghijau bunga berkembang;Pantun Sukacita;Pantun Sukacita
2300;hari siang tampaklah terang\nmendung hilang berganti matahari\nhari ini hatiku senang\nmendapat kado sambil menari;Pantun Sukacita;Pantun Sukacita
2308;harum sekali mangga kweni\nsayang hanya untuk titipan\nbelajar tekun di hari ini\nakan bahagia di masa depan;Pantun Sukacita;Pantun Sukacita
2327;Hembus pawana bayu terasa\nHati kehendak merasa sepi\nIndah buana ciptaan esa\nMengapa tidak dijaga rapi;Pantun Sukacita;Pantun Sukacita
2392;hujan lebat sungai keruh\nmandi di sumur pakailah sabun\nbuat sahabat yang sedang jauh\naku ucapkan selamat ulang tahun;Pantun Sukacita;Pantun Sukacita
2486;indah nian pulau pinang\nbanyak kolam sekaligus taman\nbangun pagi haruslah senang\npergi sekolah bertemu teman;Pantun Sukacita;Pantun Sukacita
2546;jalan jalan ke pasar minggu\ndi sana banyak penjual pepaya\nselamat ulang tahun untukmu\nsahabat terbaik yang aku punya;Pantun Sukacita;Pantun Sukacita
2575;Jalan-jalan ke Surabaya\nJangan lupa oleh-olehnya\nBila kita selalu ceria\nHidup ini pun terasa bahagia;Pantun Sukacita;Pantun Sukacita
2584;jalanjalan ke bukittinggi\njangan lupa membeli hadiah\nkita hidup setiap hari\nisilah dengan kehangatan indah;Pantun Sukacita;Pantun Sukacita
2597;jalanjalan ke kota banjar\nmelihat anak memanjat pinang\njika datang waktu belajar\ntibatiba hatiku senang;Pantun Sukacita;Pantun Sukacita
2601;jalanjalan ke kota lahat\nlihat jati tumbuh berjajar\nlingkungan sekolah bersih dan sehat\nmembuat kita senang belajar;Pantun Sukacita;Pantun Sukacita
2606;jalanjalan ke kota mekah\nmencari ilmu kitab dibawa\nhati bahagia karena menikah\ncinta di dada makin bergelora;Pantun Sukacita;Pantun Sukacita
2627;jalanjalan ke samarinda\ntidak lupa bawa bambu\nmakin lama makin bahagia\nlihat kamu berkerudung ungu;Pantun Sukacita;Pantun Kasih Sayang
2655;jambu berbuah di tepi kebun\nambil dengan sebilah kayu\nselamat hari ulang tahun\nuntuk teman sejak kecilku;Pantun Sukacita;Pantun Sukacita
2687;jangan makan buah mangga\njika dicampur dengan semangka\nayo kawan mari bekerja\nbekerja dengan riang gembira;Pantun Sukacita;Pantun Sukacita
2738;jatuh cinta mabuk kepayang\ntiap hari rasanya rindu\nselamat ulang tahun untukmu sayang\nmakin hari tambah sayang padamu;Pantun Sukacita;Pantun Kasih Sayang
2765;jika ingin mencapai cita\nrajinrajinlah dalam belajar\nramadhan disambut dengan gembira\nsemoga senyum manismu kian lebar;Pantun Sukacita;Pantun Sukacita
2766;jika ingin mendulang cadas\njangan lupa pakai palu baja\njika murid tumbuh cerdas\nguru pun jadi ikut bahagia;Pantun Sukacita;Pantun Sukacita
2812;jikalau ingin mendulang cadas\njanganlah lupa pakai palu baja\napabila siswa menjadi cerdas\npastilah guru menjadi bahagia;Pantun Sukacita;Pantun Sukacita
2820;jikalau tuan mengangkat peti\ntolong masukkan segala barang\njikalau anakanak bersatu hati\nkerja yang susah menjadi senang;Pantun Sukacita;Pantun Sukacita
2831;jualan bubur sampai ke mekah\ndi sana banyak pembelinya\nberlaku jujur supaya berkah\nhidup bahagia selamanya;Pantun Sukacita;Pantun Sukacita
2843;kain batik banyak warnanya\nuntuk pengganti baju yang lama\nyang cantik belum tentu bahagia\nkalau dia tak mengerti agama;Pantun Sukacita;Pantun Sukacita
2852;kain bernama sutera impian\ndibawa bersama selendang delima\nsalam ceria kami ucapkan\nkarnival pra sekolah penuh bermakna;Pantun Sukacita;Pantun Sukacita
2857;kain lembut dari sutra\ndi pakai anak ke tengah desa\nselamat datang di tempat tercinta\nsemoga betah dengan yang ada;Pantun Sukacita;Pantun Sukacita
2860;Kain pelikat kemas berlipat\nIngin dibawa ke Tanjung Keeling\nAndai sepakat membawa berkat\nBertemu bahagia menjeling;Pantun Sukacita;Pantun Sukacita
2919;kalau emas di dalam peti\njangan taurh di tempat ramai\nkalau anak pandai berbakti\nhidupnya bahagia hatinya damai;Pantun Sukacita;Pantun Sukacita
2976;kalau sudah cukup berenang\ncepatcepatlah naik ke darat\nkalau sudah hidupnya senang\ningatingatlah orang melarat;Pantun Sukacita;Pantun Sukacita
3010;kalau tuan pergi ke rimba\njangan bicara dengan sembarang\nuntuk rekanrekan semua\nhari sabtu yang indah telah datang;Pantun Sukacita;Pantun Sukacita
3024;kancil lari sudah dikejar\nlari ke hutan dari pasar\nsewaktu kecil rajin belajar\nhidup bahagia di waktu besar;Pantun Sukacita;Pantun Sukacita
3050;kapas terhembus angin ringan\nsejuk terasa angin pantai\nlebih bahagia dalam perjuangan\ndaripada dalam santaisantai;Pantun Sukacita;Pantun Sukacita
3052;karena belum juga dilayani\ndia memberanikan bertanya\nwalaupun aku anak petani\ntapi aku sangat bangga karenanya;Pantun Sukacita;Pantun Sukacita
3135;Ke desa membawa durian\nDurian matang harum baunya\nKatanya tak suka pujian\nDipanggil ganteng senyum semua;Pantun Sukacita;Pantun Sukacita
3151;ke hulu mencari duku\nmeski raga berselimut lelah\ndulu indah bumi kotaku\nkini rusak tertimbun sampah;Pantun Sukacita;Pantun Sukacita
3165;ke hutan rimba bertemu rusa\nkakinya pincang sebelah kanan\njingga merah mulai menyapa\nsemoga malammu indah kawan;Pantun Sukacita;Pantun Kasih Sayang
3171;ke kamar mandi setelah tidur\nberkumur dengan air yang bening\nsenyum manisnya gagal menghibur\nsebab giginya berwarna kuning;Pantun Sukacita;Pantun Hiburan
3175;ke kebun binatang melihat macan\nbelang bulunya besar taringnya\ncapek dan lelah memang langganan\ndi akhir masa pasti bahagia;Pantun Sukacita;Pantun Sukacita
3191;Ke kebun memetik mangga\nMangga ranum manis rasanya\nJika ingin hidup bahagia\nSyukuri nikmat yang kau punya;Pantun Sukacita;Pantun Sukacita
3271;Ke pasar membeli kain sutra\nTak lupa membeli bunga kenanga\nHormat orang tua sepanjang masa\nAgar hidup penuh bahagia;Pantun Sukacita;Pantun Sukacita
3273;Ke pasar membeli kelapa\nKelapa muda segar airnya\nJika ingin hidup bahagia\nDekatkan diri pada-Nya;Pantun Sukacita;Pantun Nasihat
3274;Ke pasar membeli kelapa\nSinggah sebentar membeli ikan\nJika hidup ingin bahagia\nJangan tinggalkan kewajiban;Pantun Sukacita;Pantun Nasihat
3283;ke pasar membeli semangka\nsemangka bagus merah merona\nrakyat senang rakyat gembira\nsekali merdeka tetap merdeka;Pantun Sukacita;Pantun Sukacita
3289;ke pasar minggu bareng tamu\nmembeli kopi sama duku\nku tunggu senyum manismu\ntuk melengkapi indahnya pagiku;Pantun Sukacita;Pantun Kasih Sayang
3305;ke pekan kuala membeli bingka\nsayang pesanan terlupa sudah\nmajlis bermula tirai dibuka\ndengan alunan madah yang indah;Pantun Sukacita;Pantun Sukacita
3332;ke sekolah naik sepeda\nguru menulis dengan kapur\nke mana hendak mencari bahagia\nke dalam hati mari bersyukur;Pantun Sukacita;Pantun Sukacita
3374;Ke taman kota melihat rusa\nRumput hijau luas adanya\nJika ingin hidup bahagia\nJangan suka menyakiti sesama;Pantun Sukacita;Pantun Nasihat
3379;Ke taman kota membeli bunga\nBunga indah warna beragam\nJika ingin hidup bahagia\nJangan suka menyimpan dendam;Pantun Sukacita;Pantun Nasihat
3385;Ke taman memetik bunga\nBunga mawar harum baunya\nJika ingin hidup bahagia\nTebar senyum kepada sesama;Pantun Sukacita;Pantun Nasihat
3394;Ke tepi danau melihat angsa\nAngsa putih berenang tenang\nJika ingin hidup bahagia\nJaga hati tetap lapang;Pantun Sukacita;Pantun Nasihat
3429;kelapa muda di jati jajar\nenak dibuat minuman koya\nsewaktu muda rajin belajar\ndewasa kelak hidup bahagia;Pantun Sukacita;Pantun Sukacita
3436;keliling desa naik delman\nmasa indah elok dikenang\ndi sekolah banyak teman\nhati gembira sangat senang;Pantun Sukacita;Pantun Sukacita
3439;kelinci kecil berwarna abu\nberlarilari dengan ceria\nteruslah menuntut ilmu\nagar bahagia di masa tua;Pantun Sukacita;Pantun Sukacita
3457;kenduri nikah masak gulai\ngulai kambing sedap rasanya\nsiapa rajin akan pandai\nyang pandai akan hidup bahagia;Pantun Sukacita;Pantun Sukacita
3481;kerja kerasnya siasia\ngedungnya tadi sore runtuh\nsaat ini aku sungguh bahagia\nkarena rinduku tlah kau sembuh;Pantun Sukacita;Pantun Sukacita
3490;kerupuk kemplang gurih rasanya\ndibuat asli dari kota palembang\nsiapa yang tak senang datang bibinya\nmembuat hati serasa melayang;Pantun Sukacita;Pantun Sukacita
3520;kolang kaling campur es kelapa\ncampur sedikit dengan air nira\nayah pulang lihat bawa apa\nayah pulang selalu bawa gembira;Pantun Sukacita;Pantun Sukacita
3523;koran dipakai membungkus ikan\nikan pari punya kesaktian\nbukan hadiah yang kuharapkan\ncukuplah engkau beri perhatian;Pantun Sukacita;Pantun Sukacita
3527;kota garut kota domba\nbanyak orang memelihara\nkalau hari senin tiba\ntentu hatiku kan gembira;Pantun Sukacita;Pantun Sukacita
3533;ku tulis surat di malam hari\nsurat ku kirim dengan merpati\nakan selesai masa menanti\nmasa bahagia yang mengganti;Pantun Sukacita;Pantun Sukacita
3537;kuat kukuh laksana baja\nbenteng perang lawan belanda\ngiat belajar tekun bekerja\nkelak hidup kan bahagia;Pantun Sukacita;Pantun Sukacita
3546;kucing kota banyak bulu\nbentuknya lucu dan sangat jinak\naku sangat bangga padamu ibu\nwalau lelah kau tetaplah bijak;Pantun Sukacita;Pantun Sukacita
3567;Kumbang terbang di taman larangan\nDiterbangi mentari indah menyinar\nDunia kini bangga peperangan\nApakah erti kebebasan sebenar;Pantun Sukacita;Pantun Sukacita
3610;lampu listrik lampu pijar\nkabelnya kecil seperti benang\nrajinrajinlah belajar\nilmu didapat dengan senang;Pantun Sukacita;Pantun Sukacita
3618;langit biru memluk awan\nangin ringan membawa sejuk\nalam indah tanpa pameran\nnamun selalu layak dipeluk;Pantun Sukacita;Pantun Sukacita
3619;langit biru tanpa cela\nawan kecil melayang jauh\nalam hadir apa adanya\nnamun indah tak pernah rpuh;Pantun Sukacita;Pantun Sukacita
3647;langit membiru di siang hari\nmenjadi jingga di saat petang\nbegitu senang di ini hati\nkarena aku diberi barang;Pantun Sukacita;Pantun Sukacita
3679;laut luas tempat berenang\nhutan hijau tempat si rusa\nbermain layangan hatiku senang\nbersama tiupan angin desa;Pantun Sukacita;Pantun Sukacita
3680;laut tempat si ikan karang\nberenangrenang hingga muara\nbagaimana hati tidak riang\naku lomba dapat juara;Pantun Sukacita;Pantun Sukacita
3703;lembah hijau dataran rendah\nbanyak terdapat batu permata\ningin kulihat senyum indah\ndari bibirmu wahai jelita;Pantun Sukacita;Pantun Kasih Sayang
3728;lihat pemandangan dari jembatan\npakai kemeja terlihat gagah\ningat kawan jaga persahabatan\nkarena sahabat sangatlah indah;Pantun Sukacita;Pantun Sukacita
3789;makan daging di waktu pagi\nmakan siang dengan talas\nbetapa senang hati ini\nmendapat nilai terbaik sekelas;Pantun Sukacita;Pantun Sukacita
3821;makan roti campur mentega\nuntuk bekal makan sarapan\naku bangga masuk pramuka\nbanyak teman dan pengalaman;Pantun Sukacita;Pantun Sukacita
3830;Makan salad isi kani\nMakan pempek isi adaan\nSungguh indah dunia ini\nHidup rukun dalam perbedaan;Pantun Sukacita;Pantun Sukacita
3838;makan teri kuat tulang\nberkelip si kunangkunang\nkalau melihat mamah pulang\nhati resah jadi senang;Pantun Sukacita;Pantun Sukacita
3843;maksud hati merindu bulan\nbulan hanya ada di malam hari\nwajah indah seperti bulan\nperkenalkan saya adik mari;Pantun Sukacita;Pantun Sukacita
3887;mangga diambil dengan galah\ngalah panjang milik tetangga\nini hari pertama sekolah\nsemoga betah dan bahagia;Pantun Sukacita;Pantun Sukacita
3899;Manis sekali buahnya nona\nDimakan bersama Ali dan Iman\nPantun Melayu indah pesona\nKekal aslinya zaman berzaman;Pantun Sukacita;Pantun Sukacita
3902;manismanis buah manggis\nlebih manis untuk kinang\nmanismanis senyum gadis\nlebih manis kalau dipinang;Pantun Sukacita;Pantun Kasih Sayang
3964;melamun itu tiada guna\nlebih baik kita berjaga\nsupaya bahagia lebih lama\nkesehatan selalu dijaga;Pantun Sukacita;Pantun Sukacita
3983;melihat patung di tempatnya\nbaru disenggol jatuh kebawah\nbuanglah sampah ditempatnya\nagar lingkungan kita tetap indah;Pantun Sukacita;Pantun Sukacita
3986;melihat wilayah dengan peta\nuntuk menuju kota palu\nsungguh indah terasa dunia\ndiguncang gempa gelora cintamu;Pantun Sukacita;Pantun Sukacita
3999;memasak kue dengan adonan\njangat awetkan dengan formalin\nselamat jalan sang mantan\nsemoga bahagia dengan yang lain;Pantun Sukacita;Pantun Sukacita
4005;membantu korban bencana\ndatang dari penjuru indonesia\ngaya hidupku emang sederhana\nnamun hatiku selalu bahagia;Pantun Sukacita;Pantun Sukacita
4046;menarik rakit hingga ke tepi\nrakit dibuat berharihari\nkalau lingkungan indah rapi\nlingkunganpun nyaman berseri;Pantun Sukacita;Pantun Sukacita
4072;mengapa kancil amat bodohnya\ndengan siput ia berlomba\nsiapa yang akan jadi jodohnya\ntentu saja sangat bahagia;Pantun Sukacita;Pantun Sukacita
4153;mentari senja telah terbenam\ntelah muncul kunangkunang\nbekerja siang dan malam\ntentu agar hatimu senang;Pantun Sukacita;Pantun Sukacita
4179;merah darah terlihat mata\nlihat pelangi buat terpana\nbibir merah sudah jelita\nmurah senyum tambah mempesona;Pantun Sukacita;Pantun Sukacita
4185;merajut kain dengan benang\nrajutnya dengan putri dayang\nayah pulang hati jadi senang\nwajah ibu juga ikut riang;Pantun Sukacita;Pantun Sukacita
4186;merajut kain dengan benang\nrajutnya oleh putri dayang\nayah pulang hatiku senang\nwajah ibu juga kan riang;Pantun Sukacita;Pantun Sukacita
4194;merpati terbang hendak pulang\nhari sudah mulai petang\nhanya dengan melihat kamu datang\nhati ini rasanya senang;Pantun Sukacita;Pantun Sukacita
4219;minum kopi bersama nana\nkopi susu begitu nikmatnya\nmanfaat sehat kita bahagia\nbisa berhemat dikala muda;Pantun Sukacita;Pantun Sukacita
4302;nelayan laut menjual tuna\nterjual banyak tidak terkira\njika hati teman gundah gulana\ndihibur saja agar riang gembira;Pantun Sukacita;Pantun Sukacita
4304;nelayan pergi berlayar\nuntuk mencari ikan teri\nmasih kecil tekunlah belajar\nagar bahagia di hari nanti;Pantun Sukacita;Pantun Sukacita
4313;nonton tv sambil makan kacang\nnontonnya bersama mayang\nhelaian indah rambutmu yang panjang\nmembuat diri terus terbayang;Pantun Sukacita;Pantun Kasih Sayang
4316;Nyaman buana di pagi nan indah\nMari berdendang si burung nasar\nNegara dijaga bersih dan indah\nMengapa wabak masih menular;Pantun Sukacita;Pantun Dukacita
4367;orang sakit naik kursi roda\nmengayuh sendiri dengan tangan\nkecantikan tak menjamin bahagia\nakhlakmu lah yang membuatku bertahan;Pantun Sukacita;Pantun Nasihat
4384;Padi masak menguning rata\nAngin bertiup lembut sekali\nJika hidup ingin bahagia\nBersyukur selalu setiap hari;Pantun Sukacita;Pantun Nasihat
4425;Pagi cerah memetik belimbing\nBelimbing jatuh ke tanah basah\nJika hati dijaga tetap bening\nHidup pun terasa indah dan ramah;Pantun Sukacita;Pantun Nasihat
4426;Pagi cerah memetik bunga\nBunga mawar indah warnanya\nJika ingin hidup bahagia\nDekatkan diri pada-Nya;Pantun Sukacita;Pantun Nasihat
4442;Pagi cerah memetik paprika\nPaprika segar berwarna merah\nJika ingin hidup bahagia\nJangan biarkan hati gelisah;Pantun Sukacita;Pantun Nasihat
4454;Pagi cerah menyiram bunga\nBunga melati harum baunya\nJika ingin hidup bahagia\nJaga hati dan tutur kata;Pantun Sukacita;Pantun Nasihat
4455;Pagi cerah menyiram lada\nLada hijau tumbuh merata\nJika ingin hidup bahagia\nHindari iri pada sesama;Pantun Sukacita;Pantun Nasihat
4472;pagi hari hujan lebat\ntidak jadi berangkat ke sawah\ngood night untukmu sobat\nsemoga malammu kian indah;Pantun Sukacita;Pantun Sukacita
4481;pagi hari makan manisan\nmakan manisan di kota padang\nselamat datang saya ucapkan\nkepada para tamu yang sudah datang;Pantun Sukacita;Pantun Sukacita
4483;Pagi hari melihat bunga\nBunga mekar warna ceria\nJika ingin hidup bahagia\nBersyukur atas segala karunia;Pantun Sukacita;Pantun Nasihat
4508;Pagi hari memetik delima\nDelima jatuh di tepi kali\nJika ingin hidup bahagia\nJangan lupa berbagi hati;Pantun Sukacita;Pantun Nasihat
4509;Pagi hari memetik delima\nDelima merah jatuh ke tanah\nJika ingin hidup bahagia\nJauhkan hati dari rasa resah;Pantun Sukacita;Pantun Nasihat
4516;Pagi hari memetik mangga\nMangga manis jatuh ke tanah\nJika ingin hidup bahagia\nTebarkan senyum buang resah;Pantun Sukacita;Pantun Nasihat
4526;Pagi hari memetik pepaya\nPepaya manis dibagi rata\nJika ingin hidup penuh bahagia\nBerbagi rezeki dengan sesama;Pantun Sukacita;Pantun Nasihat
4527;Pagi hari memetik pepaya\nPepaya masak berwarna jingga\nJika ingin hidup bahagia\nSyukuri nikmat sekecil apa saja;Pantun Sukacita;Pantun Nasihat
4529;Pagi hari memetik pepaya\nPepaya matang manis terasa\nJika ingin hidup bahagia\nHindari fitnah dan prasangka;Pantun Sukacita;Pantun Nasihat
4583;pagi ini membaca koran\nbaca berita orang hilang\nbermain kejarkejaran\nbadan sehat hati pun senang;Pantun Sukacita;Pantun Sukacita
4594;pagi pecah terbit mentari\npohon salak banyak durinya\nke mana hendak bahagia dicari\nkepada akhlak yang mulia;Pantun Sukacita;Pantun Sukacita
4604;pagipagi hendak ke kolam renang\nrupanya ada bebek dan elang\nbermain membuat hati senang\nbelajar membuat otak cemerlang;Pantun Sukacita;Pantun Sukacita
4610;pagipagi mengambil tebu\nanak berbaris pergi sekolah\nselamat beristirahat pujaanku\nminggu jadi hari yang indah;Pantun Sukacita;Pantun Sukacita
4664;pantungombal bikin buku\nberedarnya hanya di indonesia\nbila kau memiliki cintaku\naku jamin hidupmu bahagia;Pantun Sukacita;Pantun Sukacita
4671;para pejuang medan padri\nmereka berjuang tanpa pamrih\njadilah sahabat abadi\nkala senang maupun sedih;Pantun Sukacita;Pantun Sukacita
4683;pariaman punya pantau gondariah\nsebelahnya ada pantai kata\ntetap tenang dan senyumlah\nkami menerima dengan gembira;Pantun Sukacita;Pantun Sukacita
4734;Penyapu lidi bertatah gangsa\nDalam almari terpelihara ia\nOrang berbudi kita berbahasa\nAman harmoni hidup bahagia;Pantun Sukacita;Pantun Sukacita
4754;pergi bekerja naik sepeda\npadi menguning waktunya dipanen\nkami akan selalu bangga\nmenjadi pramuka yang keren;Pantun Sukacita;Pantun Sukacita
4760;pergi berburu ke dalam hutan\nbertemu kancil dan juga rusa\ningin bahagia di masa depan\npemalas itu buang segera;Pantun Sukacita;Pantun Sukacita
4811;pergi Bertani di pagi hari\nmenyususri pematang sawah\nrakin belajar sejak dini\nakan menuai hasil yang indah;Pantun Sukacita;Pantun Sukacita
4847;Pergi ke desa membawa hadiah\nHadiah kecil penuh makna\nJika hidup ingin terasa indah\nBerbagi ikhlas tanpa bertanya;Pantun Sukacita;Pantun Sukacita
4849;Pergi ke desa membawa hadiah\nHadiah kecil tanda kasih\nJika hidup ingin penuh berkah\nSebarkan senyum dan berbagi kasih;Pantun Sukacita;Pantun Sukacita
4850;pergi ke desa membawa hadiah\nsenyum ramah menyambut tamu\nilmu mengajarkan adab indah\ndalam bertutur dan bertindak selalu;Pantun Sukacita;Pantun Sukacita
4882;pergi ke hutan bertemu lebah\nsuaranya bising bisanya menyengat\nselasa menjadi hari yang indah\nkala jiwa dipenuhi semangat;Pantun Sukacita;Pantun Sukacita
4887;pergi ke hutan membawa panah\nrencana mau memburu rusa\nhari jumat penuh berkah\nsambut dengan hati yang gembira;Pantun Sukacita;Pantun Sukacita
4902;pergi ke hutan mencari rotan\ndi jalan minum air kelapa\nsaat berkumpul bersama teman\ndisitu kesan indah banyak tercipta;Pantun Sukacita;Pantun Sukacita
4943;Pergi ke kebun memetik mangga\nMangga manis jatuh ke tanah\nJika hidup ingin bahagia nyata\nBerbagi senyum dan ramah;Pantun Sukacita;Pantun Nasihat
4945;Pergi ke kebun memetik mangga\nMangga masak jatuh ke tanah\nHidup rukun sesama warga\nMembuat hati terasa indah;Pantun Sukacita;Pantun Sukacita
4946;Pergi ke kebun memetik mangga\nMangga masak jatuh ke tanah\nJika ingin hidup bahagia\nJauhi iri dan sifat marah;Pantun Sukacita;Pantun Nasihat
4948;Pergi ke kebun memetik nangka\nNangka matang harum baunya\nJika hidup ingin bahagia nyata\nTerima diri dan keadaannya;Pantun Sukacita;Pantun Nasihat
4950;Pergi ke kebun memetik pepaya\nPepaya masak dipotong rata\nJika hidup ingin bahagia\nJangan lupa bersyukur tiap masa;Pantun Sukacita;Pantun Nasihat
4951;Pergi ke kebun memetik pepaya\nPepaya masak manis rasanya\nJika hidup ingin panjang bahagia\nSyukuri nikmat yang ada;Pantun Sukacita;Pantun Nasihat
4953;Pergi ke kebun memetik pepaya\nPepaya muda dibuat rujak\nJika ingin hidup bahagia\nBersyukurlah tanpa banyak retak;Pantun Sukacita;Pantun Nasihat
4954;Pergi ke kebun memetik pepaya\nPepaya muda direbus santan\nJika hidup ingin penuh bahagia\nJaga tutur dan perbuatan;Pantun Sukacita;Pantun Nasihat
4960;Pergi ke kebun memetik salak\nSalak manis jatuh ke tanah\nJika hidup ingin banyak tapak\nTinggalkan jejak kebaikan yang indah;Pantun Sukacita;Pantun Nasihat
4967;Pergi ke kebun memetik srikaya\nSrikaya masak dibagi rata\nJika hidup ingin penuh bahagia\nIkhlas berbagi dengan sesama;Pantun Sukacita;Pantun Nasihat
4978;Pergi ke kedai hendak membeli\nRoti dan sardin mahal harganya\nSaling bermaafan setiap hari\nBagi hati tenang gembira;Pantun Sukacita;Pantun Sukacita
5026;Pergi ke kota naik sepeda\nSepeda baru warnanya biru\nJika ingin hidup bahagia\nBerbuat baik tanpa ragu;Pantun Sukacita;Pantun Nasihat
5067;Pergi ke ladang memotong tebu\nTebu manis dibawa pulang\nHidup rukun sesama ibu\nMembuat keluarga selalu senang;Pantun Sukacita;Pantun Sukacita
5075;pergi ke ladang tanam pepaya\nsudah matang enak rasanya\nrumah tangga akan bahagia\nbila pondasinya adalah agama;Pantun Sukacita;Pantun Sukacita
5150;Pergi ke pasar membeli gula\nGula manis dicampur kopi\nKalau ingin hidup bahagia\nJangan lupa berbagi rezeki;Pantun Sukacita;Pantun Sukacita
5151;Pergi ke pasar membeli gula\nGula manis penambah rasa\nJika hidup ingin jiwa bahagia\nSenyum tulus jadi pelengkapnya;Pantun Sukacita;Pantun Nasihat
5191;Pergi ke pasar membeli roti\nRoti hangat dimakan pagi\nHormati ayah serta ibu hati\nAgar bahagia kelak nanti;Pantun Sukacita;Pantun Sukacita
5264;pergi ke sekolah pakai sepatu\nbersama teman barengan berjalan\ndengan bangga menuntut ilmu\nsenang hati menerima pelajaran;Pantun Sukacita;Pantun Sukacita
5294;Pergi ke sungai membawa jala\nJala ditebar menanti hasil\nJika hidup ingin bahagia jiwa\nIkhlas menerima takdir yang adil;Pantun Sukacita;Pantun Nasihat
5319;Pergi ke taman duduk berdua\nAngin sepoi menenangkan rasa\nJika hidup ingin bahagia jiwa\nRawat kasih dan percaya;Pantun Sukacita;Pantun Nasihat
5323;Pergi ke taman duduk bersila\nAngin sepoi menenangkan rasa\nJika hidup ingin bahagia pula\nLapangkan dada dan percaya;Pantun Sukacita;Pantun Nasihat
5329;Pergi ke taman melihat bunga\nBunga mekar indah warnanya\nJika hidup ingin penuh makna\nJangan lupa berbagi bahagia;Pantun Sukacita;Pantun Nasihat
5333;Pergi ke taman melihat hujan\nTetes air beri keteduhan\nPerbanyak sabar dalam ujian\nKarena sabar bawa kemenangan;Pantun Sukacita;Pantun Sukacita
5334;Pergi ke taman melihat kenanga\nKenanga putih harum baunya\nJika hidup ingin bahagia nyata\nTerima diri dan keadaannya;Pantun Sukacita;Pantun Nasihat
5335;Pergi ke taman melihat kenari\nKenari bernyanyi di dahan tinggi\nJika hidup ingin selalu berseri\nRawat senyum dan empati;Pantun Sukacita;Pantun Nasihat
5342;Pergi ke taman melihat rusa\nRusa jinak berlari riang\nJika hidup ingin bahagia rasa\nJauhi iri dan dengki orang;Pantun Sukacita;Pantun Nasihat
5343;Pergi ke taman memandang bunga\nBunga mekar indah warnanya\nJika hidup ingin bermakna juga\nSebarkan senyum pada sesama;Pantun Sukacita;Pantun Nasihat
5368;Pergi ke taman menatap senja\nLangit jingga menutup hari\nJika hidup ingin bahagia\nIkhlas menerima yang terjadi;Pantun Sukacita;Pantun Nasihat
5374;pergi kekali seorang diri\nbersihkan diri sambil berenang\njika kamu mampu mandiri\nmama pasti merasa senang;Pantun Sukacita;Pantun Nasihat
5377;pergi keluar membeli gorengan\nsekalian membeli seikat petai\nlebih bahagia dalam perjuangan\ndaripada dalam santaisantai;Pantun Sukacita;Pantun Sukacita
5420;Pergi pagi memetik delima\nBurung kecil hinggap di dahan\nRajin belajar sejak remaja\nAgar bahagia di masa depan;Pantun Sukacita;Pantun Sukacita
5434;Pergi sore melihat senja\nLangit merah indah warnanya\nJika ingin hati bahagia\nHilangkan benci dalam dada;Pantun Sukacita;Pantun Nasihat
5441;pergi tamasya ke sumedang\nmelihat kambing makan rumput\nanakanak tertawa senang\nmelihat badut berjoget dangdut;Pantun Sukacita;Pantun Sukacita
5455;pesawat turun ke bandara\nsuara berdengung bagai lebah\nkalau kamu jadi juara\nnanti saya kasih hadiah;Pantun Sukacita;Pantun Sukacita
5465;petik kelapa pakai tangga\ndapat lima hilang dicuri\nuntuk apa kalian bangga\nkalau cuma nyombongin diri;Pantun Sukacita;Pantun Nasihat
5489;pisau belati tajam ujungnya\nhatihati memakainya\njiwa ini merasa bahagia\nmemiliki wanita yang setia;Pantun Sukacita;Pantun Sukacita
5497;pisau tajam dari baja\nparang panjang banyak guna\nmembayar sukses dengan kerja\nbayar sekarang kelak bahagia;Pantun Sukacita;Pantun Sukacita
5513;Pohon belimbing berbuah lima\nRasanya segar penawar dahaga\nJika hidup penuh terima\nSyukur jadi kunci bahagia;Pantun Sukacita;Pantun Nasihat
5548;pohon jati sejajar arang\nterperosok ke pasar raya\ntekun belajar masa sekarang\nesok kita bisa bahagia;Pantun Sukacita;Pantun Sukacita
5681;pulang kerja saat hari telah petang\ndapat kue dari bahan ketan\nsiapa suka senang berhutang\nmungkin pacarnya adalah orang utan;Pantun Sukacita;Pantun Sukacita
5751;rajut kain menggunakan benang\nrajutnya diatas putri dayang\nayah pulang hati yang senang\nwajah ibu yang sangat riang;Pantun Sukacita;Pantun Sukacita
5760;ramai desa ada perayaan\ndi sungai besar orang berenang\nkalau punya cewek pengertian\nhati bahagia hidup pun tenang;Pantun Sukacita;Pantun Sukacita
5772;rambut panjang bisa diikat\ndiikat rapi ke belakang\nsekali senyum aku terpikat\nsenyum kedua dompetku hilang;Pantun Sukacita;Pantun Hiburan
5787;Rembulan naik perlahan-lahan\nCahayanya jatuh ke rimba\nJika hidup penuh cobaan\nSabar kunci bahagia;Pantun Sukacita;Pantun Nasihat
5794;rentak putera pendekar islam\nkeris kecil lincah melayang\nhati gembira terhapus kelam\njiwa mulia semua pun sayang;Pantun Sukacita;Pantun Sukacita
5801;rinbun daunnya pohon cendana\nminyak dan kayunya sangat berguna\nkalian tiba dengan bahagia\nkami sambut dengan bangga;Pantun Sukacita;Pantun Sukacita
5837;saat bertamu kerumah akbar\nbaju kebaya dipakai dini\nmelihat kamu tersenyum lebar\nsungguh bahagia hidupku ini;Pantun Sukacita;Pantun Sukacita
5842;saat mengambil getah karet\nmereka menggunjing temanmu\nhari ini aku senang banget\nkarena kita bisa bertemu;Pantun Sukacita;Pantun Sukacita
5897;sarapan pagi dengan ketan\nsetelah itu mencuci kain\ndengan senang hati saya ucapkan\nselamat datang para hadirin;Pantun Sukacita;Pantun Sukacita
5898;sarapan pagi dengan lontong\nminumnya dengan air asam\nkarena hati selalu kosong\nminggu indah menjadi buram;Pantun Sukacita;Pantun Sukacita
5904;sarapan pagi dengan roti\nsebelum berangkat makan gaji\nsenang rasanya hati ini\nbisa berdiri lagi di mimbar ini;Pantun Sukacita;Pantun Sukacita
5926;sayang kumbang mencari makan\nterbang seiring di tepi kali\nselamat datang kami ucapkan\nsemoga diiringi restu ilahi;Pantun Sukacita;Pantun Sukacita
5945;sebelum makan baca bismillah\nitu sunnah sang kekasihnya\nrabu menjadi semakin indah\nkala senyuman temanteman menyapa;Pantun Sukacita;Pantun Sukacita
5946;sebelum membeli buku\nmampir bentar di gondangdia\ntak mengapa kamu membenciku\nnamun sekarang aku bahagia;Pantun Sukacita;Pantun Sukacita
5967;seekor kuda sedang berlari\nmelintasi gedung olahraga\nmelihat kamu senyum sendiri\naku jadi mulai curiga;Pantun Sukacita;Pantun Sukacita
5979;Sejuk sungguh air telaga\nBila kita mandi waktu pagi\nSubur kasih lingkungan keluarga\nSusah senang sama dikongsi;Pantun Sukacita;Pantun Sukacita
5984;sekarang satu februari\nbertepatan tanggal merah\nkalau kau mau kujadikan istri\nharihariku pasti terasa indah;Pantun Sukacita;Pantun Sukacita
5996;selamat pagi nyonya dan dan tuan\njangan lupa sarapan pagi\nselamat datang kami ucapkan\nmoga diiring restu ilahi;Pantun Sukacita;Pantun Sukacita
6033;seorang anak bernyanyi gembira\nsetelah bernyanyi ia istirahat\njika ingin hidup bahagia\nsembahyang selalu sepanjang hayat;Pantun Sukacita;Pantun Sukacita
6053;serat kapas dibentuk benang\npisahkan kapas dari bijinya\nhidup memang harus senang\nhati tentram jiwa bahagia;Pantun Sukacita;Pantun Sukacita
6076;sholat jamaah di hari raya\npakai baju yang serba indah\nbagaimana hati tak bahagia\nayah datang membawa hadiah;Pantun Sukacita;Pantun Sukacita
6096;siang hari memakan tebu\ntebu dicampur dengan susu\nwalaupun malamku kelabu\ntapi aku tetap ceria selalu;Pantun Sukacita;Pantun Sukacita
6098;siang hari minum selasih\nselasih banyak bijinya\njika hati penuh kasih\nhidup ini kan penuh bahagia;Pantun Sukacita;Pantun Sukacita
6107;siang siang makan buah markisa\ndimakan bersama kawan kawanmu\nkau memang jauh dari sempurna\ntapi aku bangga jadi sahabatmu;Pantun Sukacita;Pantun Sukacita
6112;siapa hendak pergi ke mekah\njangan lupa bekal dibawa\nsiapa yang mendapat berkah\ntentu hatinya akan bahagia;Pantun Sukacita;Pantun Sukacita
6122;siapa suka melihat bahtera\npergi saja ke pelabuhan\nsiapa ingin hidup bahagia\njadikan al quran sebagai pedoman;Pantun Sukacita;Pantun Sukacita
6134;simpan jarum di dalam peti\njangan sampai terkena tangan\nuntuk pak manager yang kami hormati\nselamat ulang tahun kami ucapkan;Pantun Sukacita;Pantun Sukacita
6139;sinar mentari sang surya\nterik membakar di waktu siang\nhidupku ini sangat bahagia\nmemiliki ibu yang penyayang;Pantun Sukacita;Pantun Sukacita
6143;sirih berlipat sirih pinang\nsirih dari pulau mutiara\npemanis kata selamat datang\nkalimah bismillah pembuka bicara;Pantun Sukacita;Pantun Sukacita
6144;Sirih dimakan bersama gambir\nJangan dikunyah terselit rambut\nTutur yang lembut meniti di bibir\nBahasa Melayu bangga disebut;Pantun Sukacita;Pantun Sukacita
6158;smentari senja merona jingga\nbayang Panjang memeluk hari\nalam menutup kisah sementara\ndengan indah tanp tergesa pergi;Pantun Sukacita;Pantun Sukacita
6159;soal hobi baca buku\nkamu jangan sampai kalah\nbuat kamu calon jodohku\nmet tidur moga mimpi indah;Pantun Sukacita;Pantun Kasih Sayang
6164;sore hari bermain bola\nbermain bola bersama mama\nbangga diri aku wisuda\nsiap mengabdi kepada bangsa;Pantun Sukacita;Pantun Sukacita
6169;sore hari pergi ke sawah\ndi sawah mencari bunga\nwisuda itu momen yang indah\njangan sampai untuk dilupa;Pantun Sukacita;Pantun Sukacita
6184;suara nyamuk di telinga\nbukan nyamuk hanya lebah\nbila pandai menanam bunga\nlingkungan asri terlihat indah;Pantun Sukacita;Pantun Sukacita
6191;subuh hari meminum wedang\ncelupkan dengan sekeping roti\nbagaimana hati tak riang\nsambutannya luar biasa sekali;Pantun Sukacita;Pantun Sukacita
6214;sungai naik airnya keruh\nhujan deras petir san kilat\napa sebab engkau mengeluh\nalam yang indah menjadi obat;Pantun Sukacita;Pantun Sukacita
6216;sungguh bahaya ular berbisa\nbila tergigit akan koma\nsungguh bahagia kurasa\nbila kita selalu bersama;Pantun Sukacita;Pantun Sukacita
6217;sungguh bahaya ular kobra\njika tergigit bisa koma\nsungguh bahagia aku rasa\njika kita selalu bersama;Pantun Sukacita;Pantun Sukacita
6233;sungguh indah bunga di taman\nada mawar dan juga kamboja\nmeski kerap melakukan kegiatan\nbadan lelah hati bahagia;Pantun Sukacita;Pantun Sukacita
6243;sungguh indah memandang taman\nduduk santai hingga siang\ndi sekolah banyak teman\nbermain belajar hatiku riang;Pantun Sukacita;Pantun Sukacita
6249;sungguh indah pulau pinang\nbanyak kolam juga taman\nbangun pagi hati senang\npergi ke sekolah bertemu teman;Pantun Sukacita;Pantun Sukacita
6285;sungguh terang bulan purnama\ndatang dalam sebulan sekali\nhati senang dan sangat bahagia\nketika ramadhan tiba kembali;Pantun Sukacita;Pantun Sukacita
6314;tak gendong lagunya mbah surip\ndemi waktu lagunya pasha ungu\nselamat ulang tahun sobat karip\nselamat menua dan sukses selalu;Pantun Sukacita;Pantun Sukacita
6322;taman bunga sungguh indah\ntempat berenang dingin airnya\njika hidup untuk beribadah\nhati tenang jiwa pun bahagia;Pantun Sukacita;Pantun Nasihat
6341;Tanam mangga di dataran rendah\nTanam mengkudu bersama delima\nKilau dunia memang indah\nAwas membuatmu lupakan agama;Pantun Sukacita;Pantun Nasihat
6365;tangguh gagah para tentara\nsebatang pipa dibongkar pemburu\nsungguh indah terasa dunia\ndiguncang gempa gelora cintamu;Pantun Sukacita;Pantun Sukacita
6371;tanjung pandan tanjung pinang\nlewat dulu desa ketapang\norang beriman selalu tenang\nhidupnya bahagia terasa lapang;Pantun Sukacita;Pantun Sukacita
6372;tanjung pinang langitnya merah\nsungai beribu mengairi sawah\nalangkah senang belajar di rumah\ndibantu ibu dan juga ayah;Pantun Sukacita;Pantun Sukacita
6396;tekukur turun memakan sepat\nanak kera membawa lepat\njika syukur menjadi sifat\nsegenap bahagia ananda dapat;Pantun Sukacita;Pantun Nasihat
6417;Tengoklah burung kutilang\nTerbang tinggi dia pulang\nMari main dengan senang\nJadi anak yang periang;Pantun Sukacita;Pantun Sukacita
6422;tepung terigu dalam kuali\nmasakmasak menjadi bakwan\nmimpi indah senyum sendiri\nternyata selasa sudah kesiangan;Pantun Sukacita;Pantun Sukacita
6427;terang bulan indah bercahaya\ncahaya memancar ke tanjung jati\njika engkau hendak bahagia\nberamal ibadat sebelum mati;Pantun Sukacita;Pantun Nasihat
6428;terang bulan terang bercahaya\ncahaya memancar ke tanjung jati\njikalau hendak hidup bahagia\nberamal ibadah sebelum mati;Pantun Sukacita;Pantun Nasihat
6459;terkenang kembali saat gemilang\nsahutan merdeka berulang kali\nimpian seluruh rakyat terpulang\nsenyum di muka gembira di hari;Pantun Sukacita;Pantun Sukacita
6478;tiap lagi makan sahur\nngeliat tafsir almishbah\nmimpiin kamu tiap tidur\nbagiku itulah mimpi indah;Pantun Sukacita;Pantun Sukacita
6506;tinggi gunung tak tergapai\ngunung biru jauh di seberang\nkalau murid menjadi pandai\nhati guru pun ikut senang;Pantun Sukacita;Pantun Sukacita
6509;tingkap papan kayu bersegi\nsampan sakat di pulau angsa\nindah tampan karena budi\ntinggi darjat kerana bahasa;Pantun Sukacita;Pantun Sukacita
6510;tingkap papan kayu persegi\nrigariga di pulau angkasa\nindah tampan karena budi\ntinggi bangsa karena bahasa;Pantun Sukacita;Pantun Sukacita
6543;tulis surat pakailah pena\ntapi dimana dapat kertasnya\njauh darimu aku merana\ndekat denganmu terasa bahagia;Pantun Sukacita;Pantun Sukacita
6558;turun ke lereng tanah rendah\npergi berburu ke tanah rata\ngigi putih bersih dan indah\nsangat cantik dipandang mata;Pantun Sukacita;Pantun Sukacita
6608;walau rasanya susah buka mata\nbangun demi sahur yang ke tujuh\nkalau pengen bahagia dalam cinta\njangan sesekali kamu selingkuh;Pantun Sukacita;Pantun Nasihat
6615;wangi nian kembang kenanga\nmanalah indah pohon ara\nnaik gunung mencari bunga\nhati senang riang gembira;Pantun Sukacita;Pantun Sukacita
6624;warna pelangi ruparupa\ndatang bila hujannya reda\nmurah senyum suka menyapa\nmembuat hati jadi terlena;Pantun Sukacita;Pantun Sukacita
6628;yang baru nawarin jamu\nternyata masih tetangga\nkarena senyum manismu\nhatiku kini berbungabunga;Pantun Sukacita;Pantun Kasih Sayang
114;air dimasak sudah mendidih\nhangat air cepat berlalu\nmengenangmu sungguh sedih\nteringat kenangan manis dulu;Pantun Dukacita;Pantun Dukacita
154;air panas sudah mendidih\nuntuk memasak roti garut\nhati ini rasanya sedih\njika kamu terus cemberut;Pantun Dukacita;Pantun Dukacita
160;Air pasang singgahlah dulu\nDapatlah berhenti di pulau karang\nHatiku bimbang bertambah pilu\nIngat kekasih di rantau orang;Pantun Dukacita;Pantun Dukacita
216;ambil bambu jadikan jembatan\njembatan tempat jalannya si tuan\nmerantau jauh dari kalimantan\nbelajar bersama dengan kalian;Pantun Dukacita;Pantun Dukacita
262;Anak angsa mati lemas\nMati lemas di air masin\nHilang bahasa karena emas\nHilang budi karena miskin;Pantun Dukacita;Pantun Dukacita
301;Anak benih ditanam rapi\nDisiram air setiap hari\nImpian besar bermula sepi\nDisulam sabar menjadi realiti;Pantun Dukacita;Pantun Dukacita
334;anak gembala menggiring sapi\nsapi makan rumput tetangga\njika diri jauh dari ilahi\nalamat badan akan sengsara;Pantun Dukacita;Pantun Dukacita
343;anak harimau makan sapi\ndaging sapi belum dicuci\nsaat kamu jauh di sisi\ndunia ini terasa sepi;Pantun Dukacita;Pantun Dukacita
380;anak kecil mengembala sapi\nsapi dibawa ke padang berduri\naku sepi sendiri disini\ntanpa kamu yang telah pergi;Pantun Dukacita;Pantun Dukacita
408;anak melayu duduk termenung\npetik kelapa membuat kopra\nwalau harta setinggi gunung\nkalau durhaka hidup sengsara;Pantun Dukacita;Pantun Dukacita
483;Anak tenggiri berenang laju\nDi laut biru berombak tenang\nJika tekad sudah bersatu\nSegala susah jadi hilang;Pantun Dukacita;Pantun Dukacita
549;Apa gunanya sambal tumis\nKalau tak dicampur asam belimbing\nApa gunanya lama menangis\nTidaklah penuh telaga kering;Pantun Dukacita;Pantun Dukacita
617;ayam dimasak akan dibakar\ntapi akhirnya dibuat pepesan\nmudah saja sekadar mengajar\ntapi lebih susah menjadi teladan;Pantun Dukacita;Pantun Dukacita
646;badan sakit serasa kaku\nbiar begitu terus tegar\nbarang jualan tak lakulaku\nhati susah rugi besar;Pantun Dukacita;Pantun Dukacita
677;baju di jemuran masih basah\ntapi sudah tidak berbusa\nsemua pelajaran terasa susah\nkalau belum terbiasa;Pantun Dukacita;Pantun Dukacita
722;Bangun pagi makan roti\nMakan roti dengan susu\nNiat di hati ingin pergi\nTakut nanti hati pilu;Pantun Dukacita;Pantun Dukacita
750;banyak makanan di meja makan\njadi hidangan di malam hari\nmelihat teman pergi malam mingguan\nhati merana kian menjadijadi;Pantun Dukacita;Pantun Dukacita
772;baru ku petik bunga kamboja\nbegitu harum indah mempesona\nsatu detik begitu tersiksa\nbila ingat engkau yang jauh dimata;Pantun Dukacita;Pantun Dukacita
891;beli kain warnanya merah\ndari kediri pakenya batik\ndigodain tidak di bolehkah marah\nsalah sendiri punya wajah cantik;Pantun Dukacita;Pantun Dukacita
966;berhijab dilarang masuk mcdonal\nsatpam mengusir tanpa alasan\nsikap terkadang bentuk kesal\ngeram berakhir hanya kemarahan;Pantun Dukacita;Pantun Dukacita
1002;berlayarlayar ke tepian\ndari hulu sungai bengawan\ndaripada hidup kesepian\nmending kita cepat nikahan;Pantun Dukacita;Pantun Kasih Sayang
1013;berparas tampan wahai kakanda\nsebentar lagi ingin berhaji\nmengapa sedih selalu melanda\nitu tanda sedang diuji;Pantun Dukacita;Pantun Dukacita
1094;Bintang timur menyinsing pagi\nKabut tersingkap di kaki desa\nJika kasih masih kau miliki\nMengapa luka kau cipta;Pantun Dukacita;Pantun Dukacita
1110;boleh seberang ke tengah pulau\nkapal bercadik terbawa angin\nhati bimbang ditanam rantau\nmendengar adik hendak dikawin;Pantun Dukacita;Pantun Dukacita
1111;bongkah batu dipenggalpenggal\ndibakar lama dalam bara\nlima waktu kalau ditinggal\nalamat badan akan sengsara;Pantun Dukacita;Pantun Agama
1153;buah jambu hanyut di tepi\nterombang ambing kesana kemari\nketika hati sedang sepi\nrasanya ingin segera berlari;Pantun Dukacita;Pantun Dukacita
1178;Buah mangga jatuh ke tanah\nDipungut anak sambil tertawa\nJika marah tahan amarah\nAgar damai jiwa dan raga;Pantun Dukacita;Pantun Dukacita
1196;buah nanas buah nangka\nmati satu karena tak ada airnya\nbagaimana hati tak terluka\nketika kamu selingkuh dengannya;Pantun Dukacita;Pantun Dukacita
1219;buah pepaya dicampur madu\npernah dirasa entah di mana\nadik menangis tersedusedu\nmainan hilang entah ke mana;Pantun Dukacita;Pantun Dukacita
1231;buah salak rasanya sepat\nwarnanya coklat banyak yang suka\nhati menangis melihat bebat\nbebat di tangan menutup luka;Pantun Dukacita;Pantun Dukacita
1269;bukit berbunga banyak duri\nembun datang di waktu pagi\nsakit bukan tertusuk duri\nsakit karena ditinggal pergi;Pantun Dukacita;Pantun Dukacita
1275;bulan berkedip bintang datang\nbeli sarung di pasar pagi\nbegini nasib jadi pedagang\nkadang untung kadang rugi;Pantun Dukacita;Pantun Dukacita
1288;bulu cendrawasih berkilauan\nburung merak sedang menari\nwalau kawan anak perantauan\nsudah jadi saudara sendiri;Pantun Dukacita;Pantun Dukacita
1334;Bunga kemboja putih bersih\nGugur perlahan di halaman\nJika hati jauh dari kasih\nHidup terasa kehilangan;Pantun Dukacita;Pantun Dukacita
1349;Bunga kenari mekar di laman\nDisiram hujan waktu senja\nJika tersalah akui kesalahan\nKejujuran penawar kecewa;Pantun Dukacita;Pantun Dukacita
1354;Bunga lavender ungu warnanya\nHarumnya lembut menenangkan jiwa\nJika hati bersih niatnya\nSegala susah terasa reda;Pantun Dukacita;Pantun Dukacita
1438;bunga seroja mekar di sawah\npetik nak dara di hari senja\nada perjaka gemar marah\ndigelitik dada jadi murka;Pantun Dukacita;Pantun Hiburan
1482;burung belibis dan burung balam\nberkicau merdu di hutan rimba\nadik menangis sepanjang malam\ninginkan sepeda beroda lima;Pantun Dukacita;Pantun Dukacita
1513;burung dara di atas galah\npermukaan galah sangat kasar\nsaat sedih banyak masalah\njangan lupa selalu istighfar;Pantun Dukacita;Pantun Nasihat
1686;burung pelatuk paruhnya tajam\nparuh tajam setajam pisau\nmata ngantuk tak bisa pejam\ntak bisa pejam rasanya risau;Pantun Dukacita;Pantun Dukacita
1755;Burung terkukur mendayu suara\nMerdu lagi bunyi ombak\nModal insan agenda negara\nMengapa sepi tidak bertindak;Pantun Dukacita;Pantun Dukacita
1760;cabe dibiling dengan batu\nuntuk hidangan malam hari\nmungkin ini saatnya bagiku\nmencari tambatan hati yang sepi;Pantun Dukacita;Pantun Dukacita
1780;Cantik menawan puteri bergajah\nManik bersulam pada mahkota\nCukup tersiksa hidup terjajah\nHingga merdeka tidak dijaja;Pantun Dukacita;Pantun Dukacita
1789;carilah harta yg halal\nagar anak istri tidak jalal\nkalau mengemis membuatmu sial\njangan berbohong lantaran kenal;Pantun Dukacita;Pantun Dukacita
1804;cepat bergegas untuk bertemu\nbertemu sambil membawa gulali\nkaya harta miskin ilmu\ntentulah merugi sama sekali;Pantun Dukacita;Pantun Dukacita
1936;Daun selasih layu perlahan\nDisapu angin menjelang dini\nJika rindu tak tertahankan\nMengapa engkau tiada di sisi;Pantun Dukacita;Pantun Dukacita
2002;di pantai ada burung pelikan\ndi jalanan ada burung dara\nkalau orang tak berpendidikan\nmaka hidupnya akan sengsara;Pantun Dukacita;Pantun Dukacita
2072;dua tiga domba berlari\nmendengan serigala mengaung parau\nsedih hatiku termenung sendiri\nditinggal ayah pergi merantau;Pantun Dukacita;Pantun Dukacita
2113;elok rupanya si gadis desa\nmencuci baju dan juga celana\nsemakin kupendam semakin lara\nkapankah tiba waktu berjumpa;Pantun Dukacita;Pantun Dukacita
2142;empekempek ditambah cuka\ntak terbanding enaknya rasa\ncoba lihat anak durhaka\ndi dunia hidupnya tersiksa;Pantun Dukacita;Pantun Dukacita
2171;garagara ambil kentang\ntidak libur satu mingguan\ngaragara rokok sebatang\nhidup miskin tak karuan;Pantun Dukacita;Pantun Dukacita
2202;Gunung batu menjulang tinggi\nKabut putih menyelimuti\nJika sabar dalam diri\nSegala susah terasa ringan nanti;Pantun Dukacita;Pantun Dukacita
2257;hari minggu bangun pagi\npergi tamasya bersama pacar\ntampaknya hadirin masih sepi\nlebih baik kita tunggu sebentar;Pantun Dukacita;Pantun Dukacita
2299;hari senja turun gerimis\nbintang berkelip bersama bulan\nuntuk apa mata menangis\nsudah nasib dikandung badan;Pantun Dukacita;Pantun Dukacita
2331;Hendak diikut orang baru\nMenjual roti tidak bergula\nPergi ke kelas mencari ilmu\nMelawan hati sedang lara;Pantun Dukacita;Pantun Dukacita
2369;hobiku adalah memegang palu\nribuan jendela telah kubuka\nku ingin kamu jadi sahabatku\nmeski dilanda suka duka;Pantun Dukacita;Pantun Dukacita
2409;hujan turun jalannya basah\nnaik bukit lewat belukar\nkatanya hidup selalu susah\nkenapa uang dibakarbakar;Pantun Dukacita;Pantun Dukacita
2459;Ikan nila dimakan berang-berang\nKatak hijau melompat ke kiri\nJika berada di rantau orang\nBaik-baiklah membawa diri;Pantun Dukacita;Pantun Dukacita
2550;jalan jalan pagi hari\npergi membawa sebotol susu\nsedih hati untuk pergi\njauh merantau mencari ilmu;Pantun Dukacita;Pantun Dukacita
2570;jalan yang panjang dan penuh terjal\nmembuat orang menjadi kesal\norang yang suka banyak membual\nhidupnya nanti kan penuh sial;Pantun Dukacita;Pantun Dukacita
2616;jalanjalan ke pantai indrayanti\njangan lupa membawa sepeda\ntak guna menanti nasib tak pasti\nkalau tak pernah mau berusaha;Pantun Dukacita;Pantun Dukacita
2630;jalanjalan ke sungai malaka\npulangnya membawa sambal ikan\nkepergianmu menaruh luka\nkeputusanmu hadirkan kehancuran;Pantun Dukacita;Pantun Dukacita
2640;jalanjalan keliling kota\ntidak lupa membeli baju\npercuma punya banyak harta\nkalau masih miskin ilmu;Pantun Dukacita;Pantun Dukacita
2739;jatuh satu buah durian\nsenja datang surya menghilang\njika makan dari barang curian\nhidup sengsara tak pernah tenang;Pantun Dukacita;Pantun Dukacita
2772;jika kamu tidak pakai baju\npasti malu dilihat tetangga\njika kamu tidak punya ilmu\nseumur hidup akan sengsara;Pantun Dukacita;Pantun Dukacita
2781;jika menulis di atas kaca\nterhapus tinta dengan segara\njika rakyat malas membaca\nnasibnya akan banyak sengsara;Pantun Dukacita;Pantun Dukacita
2807;jikalau ada bunga yang rekah\nmarilah lihat dengan saksama\njikalau ada teman yang susah\nmarilah bantu semampu kita;Pantun Dukacita;Pantun Dukacita
2830;jual kelapa laku sepuluh\nsisanya akan dikirim ke padang\nsusah nian punya anak sepuluh\ntidur seperti ikan pindang;Pantun Dukacita;Pantun Dukacita
2868;kain sutra berhias benang\nbila dipakai sangatlah nyaman\nmelihat bunda belum datang\nhati sedih tak karuan;Pantun Dukacita;Pantun Dukacita
2879;Kakak sepupu, berputra tunggal\nSuka tantangan di jalan terjal\nLima waktu kalau ditinggal\nAkan sengsara menjelang ajal;Pantun Dukacita;Pantun Dukacita
2893;kalah perang bangsa belanda\nwajahnya malu buruklah rupa\nhati di dalam gundah gulana\ningin berjumpa apalah daya;Pantun Dukacita;Pantun Dukacita
3036;kapal berlayar tentukan arah\nsinggah sebentar di tepi teluk\njauh nian jarak terpisah\nhanya sepi yang aku peluk;Pantun Dukacita;Pantun Dukacita
3072;katanya indah kota milan\nbanyak pula kesebelasan\nsusah hidup tiada jalan\nhati resah penuh kecemasan;Pantun Dukacita;Pantun Dukacita
3103;Kayu meranti tinggi berdiri\nAkarnya kuat dalam tanah\nJika teguh pendirian diri\nTak mudah goyah walau susah;Pantun Dukacita;Pantun Dukacita
3113;Kayu ulin kuat akarnya\nTahan lama tak mudah patah\nJika sabar kuat jiwanya\nSegala susah terasa mudah;Pantun Dukacita;Pantun Dukacita
3121;ke bukittinggi naik kuda\nsinggah sebentar di kelok sembilan\nmalam minggu terasa hampa\nkarena tidak punya teman;Pantun Dukacita;Pantun Dukacita
3145;Ke desa pergi menjelang petang\nAnak bermain di halaman rumah\nJika hidup ingin selalu tenang\nJangan suka membuat susah;Pantun Dukacita;Pantun Nasihat
3172;ke kampung sebelah naik sepeda\ndi tengah jalan bocor rodanya\nsemua waktu selalu bersama\ndalam suka maupun duka;Pantun Dukacita;Pantun Dukacita
3224;ke madinah nabi hijrah\ntuk selamatkan risalah agama\nkalau kamu sedang marah\neh wajahnya tambah cantik aja;Pantun Dukacita;Pantun Kasih Sayang
3334;ke sekolah naik sepeda\npulangnya singgah di mall matahari\nsedih hati kian membara\nmalam minggu selalu sendiri;Pantun Dukacita;Pantun Dukacita
3440;keluar rumah cari serabi\nuntuk sarapan di waktu pagi\nkalau marah jadi hobbi\njanganjangan cepat mati;Pantun Dukacita;Pantun Hiburan
3475;kereta berangkat ke kota solo\nberhenti sebentar makan durian\nsungguh susah nasib jomblo\norang bermesraan saya gemetaran;Pantun Dukacita;Pantun Dukacita
3569;kunangkunang berlaksalaksa\ndi selagi hujan badannya basah\npinjam duit setengah memaksa\nbayar hutangnya benarbenar susah;Pantun Dukacita;Pantun Dukacita
3637;Langit luas membiru tenang\nBurung camar terbang beriring\nJika kasih bukan sekadar bayang\nMengapa luka masih beriring;Pantun Dukacita;Pantun Dukacita
3646;Langit membentang biru beradu\nBintang bertabur bagai permata\nJika sabar menjadi padu\nTerkalah badai terlerai duka;Pantun Dukacita;Pantun Dukacita
3660;Langit tembaga menjelang malam\nBintang bersinar bagai permata\nJika sabar terpatri dalam\nLuruhlah duka sirna sengsara;Pantun Dukacita;Pantun Dukacita
3672;laut biru uburubur\nbatu digosok bercampur lumpur\nsiapa tahu nasib kan mujur\nhari esok hidupku makmur;Pantun Dukacita;Pantun Dukacita
3723;lihat indah bunga setanggi\nsetanggi dari arah utara\njika dunia puncak tertinggi\npasti sengsara jiwa dan raga;Pantun Dukacita;Pantun Dukacita
3790;makan di lepau naik pedati\npotong nilam pakai pisau\njika engkau jujur hati\nhidup tentram jauhlah risau;Pantun Dukacita;Pantun Dukacita
3834;makan soto ditambah kecap\nsambil melamun dan merekareka\nselalu hatihati dalam berucap\nagar hati orang tidak terluka;Pantun Dukacita;Pantun Dukacita
3847;malam hari banyak nyamuk\ngelas jatuh lalu pecah\nbegini nasib orang gemuk\nkalau lewat disangka gajah;Pantun Dukacita;Pantun Dukacita
3894;manis manis buah labu\nenak dimakan ketika hujan\nsuka duka putih abu abu\nkini akan jadi kenangan;Pantun Dukacita;Pantun Dukacita
3905;mari menanam mangga dan nangka\ndi dalam tanah yang subur itu\nmari bermain bersamasama\njanganlah sedih seperti itu;Pantun Dukacita;Pantun Dukacita
3915;masak gulai dengan garam\ncampur pula dengan terasi\nbagaimana kami tidak geram\njanji tak ada yang terpenuhi;Pantun Dukacita;Pantun Dukacita
3958;Mega berarak di langit permai\nBayu berdesir menyentuh rawa\nJika tekad terpasak damai\nTak mudah jiwa dipagut kecewa;Pantun Dukacita;Pantun Dukacita
4012;membawa parang ke hutan rimba\npergi mencari kayu bakar\nmereka ada membawa suka\nrasa duka perlahan pudar;Pantun Dukacita;Pantun Dukacita
4064;mendungmendung si cuaca\ndatangkan kilat juga petir\nkita lewati suka dan duka\nmeski dunia tak lelah mencibir;Pantun Dukacita;Pantun Dukacita
4096;Menjual roti tidak bergula\nRoti bersulam daging berinti\nMelawan hati sedang lara\nTimbul tenggelam mencemas hati;Pantun Dukacita;Pantun Dukacita
4115;Mentari pagi bersinar terang\nBurung berkicau di dahan cemara\nHatiku tenang saat kau datang\nBersama dirimu tiada sengsara;Pantun Dukacita;Pantun Dukacita
4124;Mentari pagi menyapa bumi\nburung terbang menyilang cahaya\ncintamu hadir memberi arti\npada hidup yang sempat hampa;Pantun Dukacita;Pantun Dukacita
4126;Mentari pagi menyapa sawah\nKabut tipis perlahan sirna\nJika hidup terasa susah\nIngat usaha tak pernah sia-sia;Pantun Dukacita;Pantun Dukacita
4162;Mentari sore mulai meredup\nLangit jingga tampak mempesona\nJika hidup penuh rasa cukup\nHati tenang jauh dari sengsara;Pantun Dukacita;Pantun Dukacita
4227;minum susu di pagi buta\nhendak mencangkul tanah di sawah\npinjam uang setengah memaksa\nbayar hutangnya sangat susah;Pantun Dukacita;Pantun Dukacita
4309;ngobrol sambil mengunyah sirih\nsisa sirih buang ke kali\nsaat dirimu curahkan kasih\nhidup hampa gairah kembali;Pantun Dukacita;Pantun Dukacita
4328;Ombak beralun di pasir putih\nPerahu kecil berlabuh sauh\nBiar malam menyimpan sedih\nCinta takkan beralih jauh;Pantun Dukacita;Pantun Dukacita
4342;ombak kecil menyapu pantai\npasir berkilau diterpa cahaya\nalam berbicara lewat damai\nmenjaga hati dari luka dunia;Pantun Dukacita;Pantun Dukacita
4378;padang rumput ada jerapah\njuga gajah kuda dan zebra\nsaat hati sedang gundah\ningat orang tua ingat keluarga;Pantun Dukacita;Pantun Dukacita
4380;padi di sawah kuning warnanya\nbatu di kali banyak bentuknya\nturuti saja petuah orang tua\nagar hidup tidak sengsara;Pantun Dukacita;Pantun Dukacita
4399;pagi berseri tak ada mendung\nsiang hari turun hujan\nduduk sendiri sambil merenung\nmengenang nasib dikandung badan;Pantun Dukacita;Pantun Dukacita
4638;pakai handbody merk marina\nsebelum hendak pergi kerja\nkenapa hidupmu sungguh merana\nmungkin karena bekerja;Pantun Dukacita;Pantun Dukacita
4712;Pelangi indah sesudah hujan\nWarna lembut menghias angkasa\nJika kasih tiada sempadan\nMengapa luka masih terasa;Pantun Dukacita;Pantun Dukacita
4742;perahu layar ke tepian\ndari hulu sungai asahan\ndaripada hidup kesepian\nmending kita cepat nikahan;Pantun Dukacita;Pantun Dukacita
4791;pergi berlayar ke pulau seberang\nsambilkan dengan memancing ikan\nsemakin jauh ke rantau orang\nhanya keluarga yang aku rindukan;Pantun Dukacita;Pantun Dukacita
4910;pergi ke kali membasuh muka\nperginya bersama orang lima\ndalam suka maupun duka\nsahabat kan selalu bersama;Pantun Dukacita;Pantun Dukacita
4937;Pergi ke kebun memetik kelapa\nKelapa tua jatuh ke tanah\nJika hidup ingin jiwa terjaga\nJauhkan diri dari angkuh dan marah;Pantun Dukacita;Pantun Nasihat
5077;pergi ke lampung membeli tepung\nkue talam dijual dipasar\nnasib beruntung walau tak mengapung\nsebelum tenggelam ditolong tim sar;Pantun Dukacita;Pantun Dukacita
5086;pergi ke padang berjalan kaki\njangan letih dipaksakan\nluka pedang dapat diobati\nluka hati susah disembuhkan;Pantun Dukacita;Pantun Dukacita
5109;Pergi ke pantai memandang laut\nLaut biru luas terbentang\nJika hidup ingin terus berlanjut\nJangan menyerah pada malang;Pantun Dukacita;Pantun Dukacita
5219;pergi ke rumah sakit bakti persada\nmenjenguk kawan dan memberi bunga\nikuti dan pahami nilai yang ada\nagar diri tak dilanda nestapa;Pantun Dukacita;Pantun Dukacita
5317;pergi ke supermarket membeli batik\nbatik dipakai menuju pesta\nselamat berpisah sahabat baik\nsemoga sukses di rantau sana;Pantun Dukacita;Pantun Dukacita
5428;pergi sekolah naik sepeda\nketika pulang langsung ke rumah\npinjam uang setengah memaksa\nbayar hutangnya sangat susah;Pantun Dukacita;Pantun Dukacita
5482;pisang barangan dari sei salak\nhendak dijual di akhir pekan\nkenang penderitaan jadi terisak\nbanyak kesal hampir pingsan;Pantun Dukacita;Pantun Dukacita
5506;Pohon asam berbuah muda\nRasanya masam bercampur manis\nJika hati terasa duka\nSabar menanti waktu yang manis;Pantun Dukacita;Pantun Dukacita
5609;Pohon nibung tumbuh di rawa\nAkarnya kuat mencengkam tanah\nJika hidup banyak kecewa\nJangan jadikan hati lemah;Pantun Dukacita;Pantun Nasihat
5621;Pohon rambai di hujung laman\nBerbuah lebat musim tiba\nJika hidup penuh keimanan\nSegala susah terasa reda;Pantun Dukacita;Pantun Nasihat
5629;Pohon saga berbiji merah\nKecil bulat cantik rupanya\nJika hidup jauh dari marah\nBanyak teman dekat padanya;Pantun Dukacita;Pantun Nasihat
5642;pohon talas tumbuh di taman\ndaunnya basah tersiram hujan\norang pemalas tak punya teman\nhidupnya susah sendirian;Pantun Dukacita;Pantun Dukacita
5693;pulau sipadan pulau ligitan\ntempat singgah raja bulungan\nrisau dibadan galau ingatan\ningat pungguk rindukan bulan;Pantun Dukacita;Pantun Dukacita
5699;pungut teritip di tiang batu\nbatu pecah dilanda karang\nbeginilah nasib dagang piatu\nkain basah kering di pinggang;Pantun Dukacita;Pantun Dukacita
5702;punya sahabat tukang khayal\nhidupnya ternyata sengsara\ndasar sial tambah sial\nhujan turun ga kirakira;Pantun Dukacita;Pantun Dukacita
5712;Purnama tinggi di langit raya\nCahaya bening menyentuh bumi\nJika kasih tidak ternoda\nMengapa luka kau sembunyi;Pantun Dukacita;Pantun Dukacita
5719;putih sungguh di bunga melati\ncantik rupanya bunga cempaka\nsahabat lama susah dicari\njagalah dia selagi bersama;Pantun Dukacita;Pantun Dukacita
5774;rambut putri tampak berkilau\ndi bawah sinar mentari yang silau\nsebab hati sedang risau\nwanita gemuk kukira kerbau;Pantun Dukacita;Pantun Dukacita
5782;rasa manis buah pepaya\nkalau asam buah kecapi\nbegini nasib orang kaya\njam segini santai ngopi;Pantun Dukacita;Pantun Hiburan
5849;sahabat itu teman sejati\ndaun beringin alangkah lebatnya\nteringat guru yang baik hati\nmenetes air mata mengingatnya;Pantun Dukacita;Pantun Dukacita
5851;sakit hati rasanya pedih\nmending makan rujak kedondong\ndaripada menangis sedih\nmending kamu saya gendong;Pantun Dukacita;Pantun Dukacita
5864;sang arjuna pandai memanah\nmemanah hati putri pujaan\nmenangis adik dipukul ayah\nkarena tak hafal perkalian;Pantun Dukacita;Pantun Dukacita
5918;satu dua tiga dan empat\nbila dijumlah hasilnya sepuluh\npilu dirasa jika diingat\nada masalah sambil mengeluh;Pantun Dukacita;Pantun Dukacita
6027;senja hari duduk di teras\nmasak air hingga mendidih\nair mata menetes deras\nkarena hati yang kian pedih;Pantun Dukacita;Pantun Dukacita
6300;surya tinggi terlihat silau\nbayangbayang burung kutilang\nsungguh hati terasa risau\nibu tersayang telah berpulang;Pantun Dukacita;Pantun Dukacita
6332;Tanah rata ditumbuhi kurma\nTanah rawa tidak beraroma\nKaya harta miskin agama\nPasti jiwa takkan seirama;Pantun Dukacita;Pantun Dukacita
6502;tinggi batang pohon jambu\ntumbuh di sisi pohon mangga\nengkau dan aku adalah satu\nbersahabat dalam suka duka;Pantun Dukacita;Pantun Dukacita
6514;Toko ditutup jualan raskin\nSaat dibuka terpajang manekin\nBiarlah hidup terlihat miskin\nAsalkan berbuat sebaik mungkin;Pantun Dukacita;Pantun Dukacita
6548;tumbuh merata pohon tebu\npergi ke pasar membeli daging\nbanyak harta miskin ilmu\nbagai rumah tidak berdinding;Pantun Dukacita;Pantun Dukacita
6580;untuk apa membuat tangga\nkalau hujan terkena basah\nuntuk apa hidup bertetangga\nkalau selalu membuat susah;Pantun Dukacita;Pantun Dukacita
6600;walau bagus baju batik\nakan rusak tidak terjaga\nwalau wajah sangat cantik\nkalau marah jelek juga;Pantun Dukacita;Pantun Hiburan
55;ada pohon di tepi rawa\ndaunnya kering dimakan kutu\nadik menangis sambil tertawa\nmelihat kambing pakai sepatu;Pantun Hiburan;Pantun Hiburan
72;ada untungnya membeli terong\nterong dimasak tidaklah pahit\nada untungnya bersuami ompong\nmeski marah tak bisa menggigit;Pantun Hiburan;Pantun Hiburan
99;adik pergi ke pulau jawa\npulangnya bawa buah delima\nlebih baik jangan ketawa\nkarena gigimu ompong semua;Pantun Hiburan;Pantun Hiburan
210;ambil air teh celupkan roti\nsebelum berburu ke dalam hutan\nayo kawan kita bangun pagi\njangan sampai bangun kesiangan;Pantun Hiburan;Pantun Hiburan
234;ambil kelapa lalu dikupas\nbiar nanti dibuat santan\nkalau ada suka barang bekas\nini ada iklan penjual mantan;Pantun Hiburan;Pantun Hiburan
236;ambil kue dengan tangan\nnaik kuda di atas pelana\ngaragara bangun kesiangan\nke sekolah lupa pakai celana;Pantun Hiburan;Pantun Hiburan
282;Anak ayam turunlah satu\nMati satu tinggallah habis\nTersiksa badan waktu itu\nSebab mengikuti setan iblis;Pantun Hiburan;Pantun Hiburan
400;anak laki minumnya milo\nuntuk menjaga kesehatan\nbegini nasib jadi jomblo\norang bermesraan kita gemetaran;Pantun Hiburan;Pantun Hiburan
407;anak manis bernyanyi gembira\nsambil berdendang bergoyang pula\nsiapa yang tidak akan tertawa\ndisangkanya waras ternyata gila;Pantun Hiburan;Pantun Hiburan
452;anak raja memakai kebaya\nkebaya di pakai di hari raya\nsungguh girang tikus tertawa\nmelihat kucing sedang berdansa;Pantun Hiburan;Pantun Hiburan
534;anjing bermain dengan tali\nkera duduk membaca koran\nbagaimana hati tak geli\nkepala botak suka sisiran;Pantun Hiburan;Pantun Hiburan
535;Anjing bermain di rawa-rawa\nKera hutan sedang berpacaran\nBagaimana hati tak tertawa\nRambut botak sering sisiran;Pantun Hiburan;Pantun Hiburan
651;bagaimana mahmud tidak malas\nmengerjakan tugas macammacam\nbagaimana perut tidak mulas\nmelihat mertua bermuka masam;Pantun Hiburan;Pantun Hiburan
657;bagaimana roda tidak koyak\ngigi roda kena ranting\nbagaimana kepala tidak botak\nistri empat semuanya bunting;Pantun Hiburan;Pantun Hiburan
709;bangun pagi di hari minggu\nuntuk mencuci sepatu dan baju\npunya mantan sok cantik mulu\ngak sadar dulu cium kakiku;Pantun Hiburan;Pantun Hiburan
776;batang kais sibatang pisang\nmenjadi obat ambil isinya\ncarilah ilmu jgn sembarang\nsembarang mengkaji jadi gila;Pantun Hiburan;Pantun Hiburan
804;batu kali susah dibelah\npasir putih dari pantai\nkerja sudah badan lelah\nsaatnya ngopi santaisantai;Pantun Hiburan;Pantun Hiburan
812;batu marmer untuk lantai\nrumah besar tujuah ruang\nmari kita bersantaisantai\nkita ngopi rokoknya dibuang;Pantun Hiburan;Pantun Hiburan
854;belalang kupu menjadi kepompong\nanak kucing main di bawah kolong\nmasih kecil aja giginya ompong\nmirip dengan neneknenek rempong;Pantun Hiburan;Pantun Hiburan
864;beli baju di semarang\nbayar dulu baru pulang\nsungguh lucu cewek sekarang\ndicium satu minta diulang;Pantun Hiburan;Pantun Hiburan
871;beli batik ke kota solo\npulangnya bawa buah duku\ngantengganteng kok masih jomblo\njadian saja sama aku;Pantun Hiburan;Pantun Hiburan
896;beli nasi di warung pak ketut\nsungguh enak rasa masakannya\nmaksud hati ingin kentut\napalah daya keluar isinya;Pantun Hiburan;Pantun Hiburan
901;beli ragi main pingpong\nmain pingpong hari lusa\nkalau gigi sudah ompong\nmakan nasi aja tidak bisa;Pantun Hiburan;Pantun Hiburan
993;berlari cepat biar menang\ndikasih hadiah buah pir\nwahai teman haraplah tenang\nini kentut bukanlah petir;Pantun Hiburan;Pantun Hiburan
1060;bikin prakarya dari anyaman\nanyaman dibuat bagai rajutan\nkalau yang cantik aja punya iman\nmasa yang jelek malah ngikut setan;Pantun Hiburan;Pantun Hiburan
1157;buah jeruk buah mangga\nbenarbenar enak keduanya\nini pantun lucu untuk keluarga\nmeski bercanda banyak gunanya;Pantun Hiburan;Pantun Hiburan
1182;buah manggis buah kelapa\nenaknya makan di beranda\nkalau nangis sambil ketawa\nitu namanya lagi bercanda;Pantun Hiburan;Pantun Hiburan
1326;bunga di taman jangan dipetik\ntempat bergantung si kepompong\ntemanku ini memang cantik\nsayang dia giginya ompong;Pantun Hiburan;Pantun Hiburan
1392;bunga melati bunga kamboja\nmerekah merona harum baunya\nsakitnya jomblo akan makin terasa\nketika malam minggu telah tiba;Pantun Hiburan;Pantun Hiburan
1398;bunga melati dihinggapi kumbang\nkatak mati ditengah sawah\nbadan lemas habis begadang\ndibentak mertua jemuran basah;Pantun Hiburan;Pantun Hiburan
1436;Bunga seroja di tengah rawa\nDaunnya lebar terapung tenang\nJika hidup banyak tertawa\nJangan lupa diri dikenang;Pantun Hiburan;Pantun Hiburan
1478;burung bangau turun ke rawa\nanak sekolah membawa pena\nbagaimana tidak tertawa\npakai baju tak pakai celana;Pantun Hiburan;Pantun Hiburan
1562;Burung hinggap di atas dahan\nTurun sebentar mematuk ketan\nJauhi niat bermegah-megahan\nKarena itu sifatnya setan;Pantun Hiburan;Pantun Nasihat
1718;burung pipit turun ke rawa\nkakinya gerah kena belerang\nnenek murung jadi tertawa\nmelihat kakek main kelerang;Pantun Hiburan;Pantun Hiburan
1753;burung terbang memakai topi\nterbang ke awan seperti mimpi\ntertawa hati karena geli\nmelihat kuda asyik bernyanyi;Pantun Hiburan;Pantun Hiburan
1788;cari rumput untuk makan sapi\ndicari ke ladang seberang\nmalam minggu bikin status sepi\ningat mantan dah jadi bini orang;Pantun Hiburan;Pantun Hiburan
1829;cuci tangan bebas kuman\npergi merantau ke kalimantan\nwajahnya sungguh cantik dan rupawan\nsayang ketawanya kayak setan;Pantun Hiburan;Pantun Hiburan
1832;dagang berisi buah semangka\ntolonglah beli barang sekilo\nnenek heran lalu tertawa\ndengar kakek ingin berdisko;Pantun Hiburan;Pantun Hiburan
1859;dari hulu sampai sekarang\nbanyak orang membawa parang\ndari dulu sampai sekarang\nbangsa jomblo nggak kurang kurang;Pantun Hiburan;Pantun Hiburan
1983;di jalan anyar terlihat rawa\nrawa ada di tengah kota\nini Pantun Hiburan bikin ketawa\nkhusus buat anak bangsa tercinta;Pantun Hiburan;Pantun Hiburan
2034;di tv lagi musim politik\ndi dunia nyata lagi musim hujan\npercuma punya wajah cantik\njikalau hati kamu kek setan;Pantun Hiburan;Pantun Hiburan
2082;duduk manis di bibir pantai\nlihat gadis aduhai tiada dua\nmasa muda kebanyakan santai\nsudah renta sulit tertawa;Pantun Hiburan;Pantun Hiburan
2143;enak rasanya buah cempedak\nbuahnya jatuh jadi penyet\nbiarlah mirip ketombe landak\ndaripada mirip ingus monyet;Pantun Hiburan;Pantun Hiburan
2252;hari libur kunjung ke vila\ndatangnya saat sore hari\naku pikir kamu orang gila\nkarena senyumsenyum sendiri;Pantun Hiburan;Pantun Hiburan
2255;hari malam hidupkan lampu\npadahal sekarang malam minggu\ntertawa terbahak karena lucu\nnyatanya orang ngomongin kamu;Pantun Hiburan;Pantun Hiburan
2303;harimau mengaum dengan sombong\nmenghina hewan yang jelek\nmasih kecil giginya ompong\nmirip dengan neneknenek;Pantun Hiburan;Pantun Hiburan
2441;ikan arwana hidupnya dirawa\nkalo sapi dipelihara dikandang\nayo kita samasama ketawa\nbiar hati menjadi tenang;Pantun Hiburan;Pantun Hiburan
2450;Ikan duyung ikan sapu\nBurung irian burung cendrawasih\nItulah pantun lucu dariku\nCukup sekian dan terima kasih;Pantun Hiburan;Pantun Hiburan
2530;jahit baju dari bahan katun\nuntuk dipakai bergi berburu\nbujang lapuk jomblo menahun\nbelum pernah lakulaku;Pantun Hiburan;Pantun Hiburan
2543;jalan jalan ke kota solo\njangan lupa beli pisang\nbegini nasib orang jomblo\ncuman bisa memeluk tiang;Pantun Hiburan;Pantun Hiburan
2544;jalan jalan ke kota solo\nlihat petani menenteng cangkul\nbegini nasib seorang jomblo\nhanya bisa memeluk dengkul;Pantun Hiburan;Pantun Hiburan
2574;Jalan-jalan ke pinggir empang\nTidak sadar sudah sampai kupang\nHati siapa tak bimbang\nKamu botak minta dikepang;Pantun Hiburan;Pantun Hiburan
2581;jalanjalan bersama kakak\nditengah jalan lihat kepompong\naku tertawa terbahakbahak\nmelihat kucing makan kedongdong;Pantun Hiburan;Pantun Hiburan
2605;jalanjalan ke kota medan\njangan lupa membeli durian\nyang buang sampah sembarangan\npasti jomblo sepanjang zaman;Pantun Hiburan;Pantun Hiburan
2635;jalanjalan ke tanah batak\ndapat uang di dalam kotak\nbiarpun abang kepalanya botak\ncintaku padamu tak pernah retak;Pantun Hiburan;Pantun Hiburan
2641;jalanjalan lewat pinggir empang\ndi pinggir empang nemu kotak\nhati siapa yang tak jadi bimbang\nminta dikepang padahal dia botak;Pantun Hiburan;Pantun Hiburan
2731;jari sakit dikarenakan luka\nlukanya sangatlah besar\nini contoh Pantun Hiburan\nuntuk anak sekolah dasar;Pantun Hiburan;Pantun Hiburan
2749;jendela kaca mudah pecah\nkunci rumah kebawa sopir\nbadan gemuk seperti gajah\nkalau kentut seperti petir;Pantun Hiburan;Pantun Hiburan
2755;jika bertandang ke kota gresik\njangan lupa mampir terapi\nhai mantan jangan sok cantik\nwajahmu kaya kotoran sapi;Pantun Hiburan;Pantun Hiburan
2795;jika sudah namanya cinta\nhati saya berbungabunga\nkalau sudah terbawa suasana\nsenyum sendiri kayak orang gila;Pantun Hiburan;Pantun Hiburan
2796;jika sudah namanya cinta\nhati terasa berbungabunga\nkalau sudah terbawa suasana\nsenyum sendiri seperti orang gila;Pantun Hiburan;Pantun Hiburan
2877;kakak ke pasar membeli pita\ntak lupa memetik buah ceri\nhatihati saat jatuh cinta\ndisangka gila senyum sendiri;Pantun Hiburan;Pantun Hiburan
2882;kakek sedang memegang antan\nbekerja di ladang hingga petang\nbuat apa mikirin mantan\npikirin saja itu hutang;Pantun Hiburan;Pantun Hiburan
2894;kalah taruhan jadi tombok\npengennya dapat uang segepok\nku penasaran di balik tembok\npas aku intip monyet lagi bobok;Pantun Hiburan;Pantun Hiburan
2936;kalau kamu bertemu panda\nbulunya lebat bagaikan busa\nkalau kamu sering bercanda\npelajaran tak ada yang bisa;Pantun Hiburan;Pantun Hiburan
2940;kalau kamu pergi kerawarawa\njanganlah lupa memakai rambut palsu\nbagaimana mungkin saya tak tertawa\nmelihat sapi pakai gigi palsu;Pantun Hiburan;Pantun Hiburan
2943;kalau ketam datang ke rawa\nlintah turun ke dalam kali\nkalau monyet sedang tertawa\nmukanya jelas lucu sekali;Pantun Hiburan;Pantun Hiburan
2944;kalau ketam pergi ke rawa\nlintah turun ke dalam kali\nkalau kera sedang tertawa\nmukanya lucu sekali;Pantun Hiburan;Pantun Hiburan
2974;kalau sedang makan talas\ndi bawah pohon duduk anteng\nsiapa yang ribut di kelas\nnanti pacarnya monyet ganteng;Pantun Hiburan;Pantun Hiburan
2979;kalau sudah namanya cinta\nberbungabunga rasanya hati\nkalau sudah ketemu si dia\nkayak orang gila senyum sendiri;Pantun Hiburan;Pantun Hiburan
2983;kalau tamu dari belanda\nnanti ingin menangkap rusa\nkalau kamu banyak bercanda\nnanti bodoh sepanjang masa;Pantun Hiburan;Pantun Hiburan
3061;karena udah ketagihan\nkata dokter ini sangat berbahaya\nbuat para jomblo sekalian\nnanti moga pada ketemu jodohnya;Pantun Hiburan;Pantun Hiburan
3112;kayu tumbuh silang menyilang\nadik jatuh eksklusif dibopong\nlucunya bukan kepalang\nmelihat kakek giginya ompong;Pantun Hiburan;Pantun Hiburan
3122;ke cikini bawa keranjang\nkeranjang kotak dari sampang\nbagaimana hati tiada bimbang\nkepala botak kok minta dikepang;Pantun Hiburan;Pantun Hiburan
3251;ke pasar buah mmberi durian\npulangnya membeli kue ketan\nduduk melamun sendirian\nnanti bisa kesambet setan;Pantun Hiburan;Pantun Hiburan
3252;ke pasar cermai membeli kacang polong\njatuh di jalan diinjak petani\njika tidak ingin menjadi ompong\njanganlah malas menyikat gigi;Pantun Hiburan;Pantun Hiburan
3351;ke sungai mencuci baju\npulangnya membawa belimbing\nnasib jomblo di malam minggu\nhanya mengobrol dengan dinding;Pantun Hiburan;Pantun Hiburan
3399;ke tepi pantai anak toraja\nberenang di laut melihat karang\nketika malam minggu tiba\nyang teringat hanya mantan seorang;Pantun Hiburan;Pantun Hiburan
3430;Kelapa muda dibikin santan\nDibikinnya saat waktu petang\nBuat apa kamu memikirkan mantan\nMending kamu inget utang;Pantun Hiburan;Pantun Hiburan
3456;kenapa kaki jadi melepuh\nkaki menginjak besi panas\nkenapa suami lari menjauh\nistrinya galak mertua ganas;Pantun Hiburan;Pantun Hiburan
3542;kucing bermain mengejar tali\nkera terbelalak melihat setan\nbagaimana hati tak geli\nkepala botak suka sisiran;Pantun Hiburan;Pantun Hiburan
3543;kucing hitam di depan pintu\nsambil duduk di atas rotan\ngadis cantik bersepatu\nku kira pacar ternyata mantan;Pantun Hiburan;Pantun Hiburan
3558;kue lemang buatan janda\nmakan pempek campur cuka\nsetan memang datang menggoda\nagar engkau menjadi durhaka;Pantun Hiburan;Pantun Hiburan
3575;kurakura mati memakai topi\nsepat mata terkena lidi\ntertawa hati karena geli\nmelihat kuda asyik bernyanyi;Pantun Hiburan;Pantun Hiburan
3584;labalaba berada di gua\njika terbang terdengar bunyi\nnenek sedih menjadi tertawa\nmelihat kakek sedang bernyanyi;Pantun Hiburan;Pantun Hiburan
3606;lambat sekali jalannya keong\nkakek merokok dengan kretek\nmasih kecil sudah ompong\nmirip dengan neneknenek;Pantun Hiburan;Pantun Hiburan
3714;liburan bersama ke bukittinggi\nmobil berhenti kena jalan bolong\nayo ramairamai sikat gigi\nagar tidak jadi kakek ompong;Pantun Hiburan;Pantun Hiburan
3733;Limau perut di tepi rawa\nBuah dilanting belum masak\nSakit perut sebab tertawa\nMelihat kucing memakai bedak;Pantun Hiburan;Pantun Hiburan
3735;limau purut di tepi rawa\nbuah dilanting belum masak\nsakit perut karena tertawa\nmelihat kucing duduk berbedak;Pantun Hiburan;Pantun Hiburan
3745;luas nian langit biru\nsaatnya menonton kuda pacu\nkalau dengar ibu guru\nbercerita sungguh lucu;Pantun Hiburan;Pantun Hiburan
3750;lucu sekali nonton badut\nbadut jatuh ke dalam sumur\nmemang yummy jadi orang gendut\nwalau miskin disangka makmur;Pantun Hiburan;Pantun Hiburan
3779;makan bakso pakai cuka\nmakan setelah sholat ashar\nini contoh Pantun Hiburan\nuntuk anak sekolah dasar;Pantun Hiburan;Pantun Hiburan
3812;makan nasi goreng pakai acar\nmakan soto pakai babat\nmemang aku punya mantan pacar\ntapi aku tak mantan sahabat;Pantun Hiburan;Pantun Hiburan
3828;makan roti tawar pakai nutella\ntapi ternyata kalengnya kosong\ngadis kecil melongok ke jendela\nmemamerkan giginya yang ompong;Pantun Hiburan;Pantun Hiburan
3850;malam hari main kulintang\nbersama pacar tersayang\nbagaimana hati tidak bimbang\nkepala botak minta dikepang;Pantun Hiburan;Pantun Hiburan
3851;malam hari main kulintang\nditemani sobat sobat tersayang\ngimana hati kagak bimbang\nkepala botak minta dikepang;Pantun Hiburan;Pantun Hiburan
3870;malammalam liat dangdut\nsambil minum kopi kental\nga papa perutku gendut\nyang penting dompetku tebal;Pantun Hiburan;Pantun Hiburan
3888;mangga mentah jangan dimakan\ntunggu dulu satu pekan\nuntuk apa mengenang mantan\nkarena dia bukan pahlawan;Pantun Hiburan;Pantun Hiburan
3891;mangga wangi namanya kweni\ntumbuh satu di kebun tomat\nyang jorok namanya rini\nartinya rintihan nikmat;Pantun Hiburan;Pantun Hiburan
3903;mari berbalas pantun cinta\ntuliskan rindu di sepanjang jalan\nmari kita bercanda ria\nhilangkan muram dan kesedihan;Pantun Hiburan;Pantun Hiburan
3904;mari diberiman kepada takdir\nmari takut kepada neraka\nbolehlah sindir menyindir\nsindiran lewat Pantun Hiburan;Pantun Hiburan;Pantun Hiburan
3976;melihat ibu memasak gorengan\nperut kenyang jadi lapar\naku jomblo karena pilihan\nbukan karena susah mencari pacar;Pantun Hiburan;Pantun Hiburan
4019;membeli sembako ke toko\nhari panas berpeci putih\nbeginilah nasib seorang jomblo\ntak pernah mendapat perhatian lebih;Pantun Hiburan;Pantun Hiburan
4028;memetik bunga di tepi rawa\nsambil mendengar kicauan burung\nterbahakbahak itik tertawa\nmelihat monyet memakai sarung;Pantun Hiburan;Pantun Hiburan
4081;menggoreng tepung dengan minyak\nuntuk membuat hidangan bakwan\nbukan mantan yang diperbanyak\ntapi amal yang ditingkatkan;Pantun Hiburan;Pantun Hiburan
4178;menyetrika kaos di atas meja\nhatihati jangan sampai gosong\ndia malu untuk tertawa\nternyata giginya banyak yang ompong;Pantun Hiburan;Pantun Hiburan
4183;merah warna burung gelatik\nterbang jauh turun ke rawa\nmarah saja masih cantik\napalagi kalau tertawa;Pantun Hiburan;Pantun Hiburan
4296;nasi merah nasi ketan\ndimasak waktu ada hajatan\ngelisah adalah bisikan setan\ntenang berasal dari keimanan;Pantun Hiburan;Pantun Hiburan
4297;nasi rames ditaruh di kotak\nbatu dipahat jadinya retak\nsaya gemes pengen jitak\nkalau melihat kepala botak;Pantun Hiburan;Pantun Hiburan
4363;Orang Melayu naik perahu\nSedang berdayung hujan gerimis\nHancur hatiku abang tak tahu\nMulut tertawa hati menangis;Pantun Hiburan;Pantun Hiburan
4409;Pagi cerah melihat awan\nAwan putih berarak perlahan\nKatanya jarang kesiangan\nBangun cepat hanya khayalan;Pantun Hiburan;Pantun Hiburan
4461;pagi dari rumah paman\ndia punya kolam buaya\nbuat para jomblo akhir zaman\nmoga lekas dipertemukan jodohnya;Pantun Hiburan;Pantun Hiburan
4462;pagi hari baca surat kabar\nsiang hari baca kiriman surat\naku memang punya mantan pacar\ntapi aku tak punya mantan sahabat;Pantun Hiburan;Pantun Hiburan
4546;pagi hari mendengar dangdut koplo\nditemani secangkir kopi\naku tahu kamu jomblo\nkemanamana selalu sendiri;Pantun Hiburan;Pantun Hiburan
4577;pagi hari sarapan ketan\ndengan kelapa ketan dimakan\niri dengki bisikan setan\nsegala godaan usah diturutkan;Pantun Hiburan;Pantun Hiburan
4587;pagi minggu cuci sepatu\nsepatu dijemur di pekarangan\nakibat liburan di hari minggu\nseninnya bangun kesiangan;Pantun Hiburan;Pantun Hiburan
4603;pagipagi berangkat sekolah\nnaik motor abang yang nyetir\nbadan gemuk kaya gajah\nkalau kentut kaya petir;Pantun Hiburan;Pantun Hiburan
4685;pasar baru baju koko\npergi sendiri naik motor\nkasihan yang bernama joko\nartinya jorok dan kotor;Pantun Hiburan;Pantun Hiburan
4758;pergi berbelanja ke toko\nbeli garam sayur dan kentang\ntak usah hina kami yang jomblo\nawas saja pacarmu hilang;Pantun Hiburan;Pantun Hiburan
4810;pergi berobat ke jati asih\nnaik motor dengan menantu\napa kabarnya si mantan kekasih\nsemoga tetap sehat selalu;Pantun Hiburan;Pantun Hiburan
4874;pergi ke desa saat mudik\nke desa memakai kereta\nkakak tertawa melihat adik\nmengunci diri karena putus cinta;Pantun Hiburan;Pantun Hiburan
4986;pergi ke kota di hari raya\nhati baik tak buruk sangka\nmari kita berpantun ria\npantun nasehat jenaka;Pantun Hiburan;Pantun Hiburan
4987;pergi ke kota di hari raya\nhati baik tak jelek sangka\nmari kita berpantun ria\npantun masukan dan jenaka;Pantun Hiburan;Pantun Hiburan
5127;pergi ke pasar beli kipas\nkipasnya berwarna merah\nbagaimana telinga tidak panas\nmendengar mertua marahmarah;Pantun Hiburan;Pantun Hiburan
5389;pergi liburan ke daerah gowa\nperginya bersama mala\nrasa hati ingin tertawa\nmelihat rusa duduk bersila;Pantun Hiburan;Pantun Hiburan
5410;pergi menyebrang mendayung sampan\nsinggah sebentar di kota blitar\nkalo botak lagi kurapan\nbagaikan musisi memetik gitar;Pantun Hiburan;Pantun Hiburan
5431;pergi siang ke tepi rimba\ncari kayu bakar dan juga rotan\nbagaimana aku tidak tertawa\ncelana teman bolong ke depan;Pantun Hiburan;Pantun Hiburan
5437;pergi taman membawa uang\nuang ditukar tempe penyet\ndari belakang kusangka orang\nsetelah kusapa ternyata monyet;Pantun Hiburan;Pantun Hiburan
5449;permen lembut rasanya kenyal\ndikunyah dengan perlahanlahan\nhari minggu memberi sinyal\nbahwa jomblo itu menyakitkan;Pantun Hiburan;Pantun Hiburan
5481;piring pecah segera di sapu\njangan sampai terkena tangan\nsungguh berat menahan rindu\nakan dirimu wahai sang mantan;Pantun Hiburan;Pantun Hiburan
5517;pohon beringin pohon manggis\npohon ditebang jadi dua\nlihatlah sobat ia sungguh manis\nsaat tertawa tiada dua;Pantun Hiburan;Pantun Hiburan
5682;pulang memancing badan kusam\nmendapat ikan anak tenggiri\nketika ditanya semuanya diam\nkarena kentut tak berbunyi;Pantun Hiburan;Pantun Hiburan
5732;putihputih burung merpati\nlaut dalam warnanya biru\nini negeri yang demokrasi\nbukanlah negeri yang lucu;Pantun Hiburan;Pantun Hiburan
5785;redup bintang haripun subuh\nsubuh tiba bintang tak nampak\nhidup pantang mencari musuh\nmusuh tiba pantang ditolak;Pantun Hiburan;Pantun Hiburan
5860;sampan melaju dari hulu\npergi ke hulu ambil limau\naku ini gendut dari dulu\nbiar gendut banyak yang mau;Pantun Hiburan;Pantun Hiburan
5862;sampan sudah rakit sudah\nyang belum hanya bahteranya\nsarapan sudah ngopi sudah\nyang belum tinggal kerjanya;Pantun Hiburan;Pantun Hiburan
5881;sapu halaman sampai bersih\njangan sisakan daun kering\nnasib jomblo memang pedih\nmalam minggu memeluk guling;Pantun Hiburan;Pantun Hiburan
5944;sebelum lebaran membuat ketupat\nmasukkan tepung dalam adonan\nbukan rabu yang terlalu cepat\nakunya yang bangun kesiangan;Pantun Hiburan;Pantun Hiburan
5948;sebelum pemblokiran tik tok\nbanyak dari orang tua resah\ntemenmu ngomongnya jorok\nmakanya aku jadi ndak betah;Pantun Hiburan;Pantun Hiburan
5964;sedari pagi tadi hujan\nhawanya dingin sekali\napapun yang dialami mantan\npokoknya aku udah tak peduli;Pantun Hiburan;Pantun Hiburan
5992;selalu menang tidak kalah\nkancil tetap menjadi juara\nPantun Hiburan anak sekolah\nuntuk kelas empat kelas lima;Pantun Hiburan;Pantun Hiburan
5999;selepas isya makan soto\nditambah dengan cabe acar\nhari minggu tapi jomblo\nbodo amat asal internetan lancar;Pantun Hiburan;Pantun Hiburan
6004;semalaman batuk berdahak\ntak bisa tidur sampai pagi\ntertawa ibu terbahakbahak\nmelihat nenek tak punya gigi;Pantun Hiburan;Pantun Hiburan
6034;seorang anak bernyanyi ria\nsambil bernyanyi tertawa pula\nsiapa yang tidak tertawa\ndisangka waras ternyata gila;Pantun Hiburan;Pantun Hiburan
6037;seorang gadis pakai baju biru\ndi tangannya bawa rotan\ncoba cari pacar baru\njangan terus mengenang mantan;Pantun Hiburan;Pantun Hiburan
6207;sumatera barat ada rendang\ndendeng balado dan gulai cancang\nbukan maksud niat yang datang\nhanya teringat mantan seorang;Pantun Hiburan;Pantun Hiburan
6218;Sungguh baik asam belimbing\nTumbuh dekat limau lungga\nSungguh elok berbini sumbing\nBiar marah tertawa juga;Pantun Hiburan;Pantun Hiburan
6221;sungguh besar pohon beringin\nmenjulang tinggi mengangkasa\nmalam tiba begitu dingin\nudah dingin jomblo pula;Pantun Hiburan;Pantun Hiburan
6222;sungguh besar pulau jawa\nbanyak desa banyak kotanya\nrasa hati ingin tertawa\nliat temen banyak maunya;Pantun Hiburan;Pantun Hiburan
6239;sungguh indah ketika mengkhayal\napalagi saat tiba hujan\nhari minggu memberi sinyal\nbahwa jomblo itu menyakitkan;Pantun Hiburan;Pantun Hiburan
6290;Sungguhlah besar hewan badak\nJik berjalan terseok-seok\nKakek tertawa terbahak-bahak\nMelihat nenek bermain tiktok;Pantun Hiburan;Pantun Hiburan
6393;teh diminum dari gelas\nairnya tumpah kena talas\nayo lekas bersihkan kelas\nkecuali monyet yang malas;Pantun Hiburan;Pantun Hiburan
6401;temani ibu belanja ke toko\nmembeli sembako dan kemiri\nwajar aja kamu jomblo\nmandi cuman sekali sehari;Pantun Hiburan;Pantun Hiburan
6474;tiang listrik di tepi jalan\ndi belakang ada selokan\njustru tau hatinya kayak setan\nmaka tak ragu kau jadikan simpanan;Pantun Hiburan;Pantun Hiburan
6475;tiang listrik tidak berkata\njadi fatal bila dilanggar\nsiang dikritik gelak ketawa\nkini kesal katanya sabar;Pantun Hiburan;Pantun Hiburan
6485;tidak ada semut yang mati\nkarena terinjak kaki gajah\ntidak tahu kapan pasti\nseorang jomblo akan menikah;Pantun Hiburan;Pantun Hiburan
6499;timun ditanam oleh petani\nkebun jauh kuburan keramat\nlucu sekali namanya jeni\nsuka jengkol katanya nikmat;Pantun Hiburan;Pantun Hiburan
6519;topan badai datang melanda\nbanyak manusia yang celaka\nsetan selalu menggoda\nagar manusia bersikap durhaka;Pantun Hiburan;Pantun Hiburan
6572;ulat tua pasti jadi kepompong\nada satu dekat di sumur\nada enaknya bergigi ompong\njika tertawa sambil menyembur;Pantun Hiburan;Pantun Hiburan
6630;yang cantik suka berbedak\nyang ganteng suka bergaya\nyang galak suka membentak\ndibentak mertua pucat muka saya;Pantun Hiburan;Pantun Hiburan
6640;ziarah ke makam para sunan\ndapat tempat duduk di depan\nmantan sudah naik pelaminan\nkalau boleh tau kamu kapan;Pantun Hiburan;Pantun Hiburan
231;ambil kelapa di pohon randu\nbeli kurma pergi ke serang\npada siapa aku merindu\njika bukan padamu seorang;Pantun Hiburan;Pantun Kasih Sayang
406;anak madras menggetah punai\npunai terbang mengirap bulu\nberapa deras arus sungai\nditolak pasang balik kehulu;Pantun Hiburan;Pantun Hiburan
430;anak pak mamat namanya putra\norangnya pintar dan baik pula\napakah aku terlalu memuja\nrasa rindu penuhi dada;Pantun Hiburan;Pantun Kasih Sayang
489;Anak-anak bermain batu\nBatu dilempar satu persatu\nBerbadan lurus matanya satu\nEkornya tajam apakah itu;Pantun Hiburan;Pantun Hiburan
562;apalah tanda pisang tanaman\npisang tanaman banyak akarnya\napakah tanda orang beriman\norang beriman banyak sabarnya;Pantun Hiburan;Pantun Agama
842;begitu indah alam semesta\nlebih indah dari mutiara\napakah tanda hatinya cinta\npenuh kasih bersikap mesra;Pantun Hiburan;Pantun Kasih Sayang
1014;berpindah tempat ke kota medan\njangan lupa membawa baju\nkakiku empat tak punya badan\ncoba tebak siapakah aku;Pantun Hiburan;Pantun Hiburan
1021;Berseri putih kain peteri\nPula ditambah hiasan seribu\nAlam merintih tanpa disedari\nKesan apakah bakal berlaku;Pantun Hiburan;Pantun Kiasan
1332;bunga kelapa mengandung nira\nminum sedikit amat segarnya\nkepala sapi menghadap utara\nmenghadap ke manakah ekornya;Pantun Hiburan;Pantun Hiburan
1779;Cantik indah suntingan melati\nMelati desa menarik sekali\nApakah maksud dinda tak mengerti\nBicara kanda dalam sekali;Pantun Hiburan;Pantun Kasih Sayang
1818;cobalah mengerti wahai teman\nnanti malam aku tidak bisa pergi\ncobalah tebak wahai kawan\ntangga apa yang tidak dinaiki;Pantun Hiburan;Pantun Hiburan
1973;Di dapur ayah sedang memasak\nTernyata masak ikan panggang\nKalau adik bisa menebak\nUlar apa yang ada di pinggang;Pantun Hiburan;Pantun Hiburan
2029;di tengah jalan bertemu pak lurah\ntersandung batu langsung bangkit\ntahukah kamu yang paling murah\nnikmat sehat sebelum sakit;Pantun Hiburan;Pantun Hiburan
2186;gigi berduri tatah berbagai\npembelah kayu ia berguna\njika tuan orang yang pandai\nbenda apakah makannya dua cara;Pantun Hiburan;Pantun Hiburan
2194;gula pasir manis rasanya\njangan lupa beri es dan kelapa\nkalau kau memang bijaksana\nbinatang apa yang banyak kakinya;Pantun Hiburan;Pantun Hiburan
2295;Hari senin pergi ke rawa\nHari Kamis pergi ke gelanggang\nHalo kakak yang suka tertawa\nRaja apa yang kepalanya dipegang;Pantun Hiburan;Pantun Hiburan
2317;hati senang diundang pesta\nsahabat lama yang sedang dinanti\napakah ini artinya cinta\njika tanpa tulus di hati;Pantun Hiburan;Pantun Kasih Sayang
2494;indahnya langit sore yang berawan\nmerah oranye rupa warnanya\njika kau pandai wahai kawan\ncoba tebak ban apa yang berbahaya;Pantun Hiburan;Pantun Hiburan
2604;jalanjalan ke kota medan\njangan lupa membawa baju\nkakiku empat tak punya badan\ncoba tebak siapakah aku;Pantun Hiburan;Pantun Hiburan
2696;jangan murung tetap bahagia\njualan buah dari sumatra\nbadan burung kepalanya kuda\nhewan apakah ini namanya;Pantun Hiburan;Pantun Hiburan
2801;jika tuan pakai lencana\npakailah songkok di atas kepala\njika tuan memang bijaksana\nbinatang apakah tak berkepala;Pantun Hiburan;Pantun Hiburan
3000;kalau tuan muda teruna\nberdiri sejajar dengan gayanya\nkalau tuan benar bijaksana\nbiji di luar apa buahnya;Pantun Hiburan;Pantun Hiburan
3001;kalau tuan muda teruna\npakai seluar dengan gayanya\nbila tuan bijak laksana\nbiji di luar apa buahnya;Pantun Hiburan;Pantun Hiburan
3005;kalau tuan pakai lencana\npakailah songkok di atas kepala\nkalau tuan bijak laksana\nbinatang apakah tiada kepala;Pantun Hiburan;Pantun Hiburan
3014;Kalau tuan seperkasa halilintar\nPakailah baju dengan gaya\nKalau tuan benar-benar pintar\nHewan apakah yang paling sangat kaya;Pantun Hiburan;Pantun Hiburan
3110;kayu tempinis dari kuala\ndibawa orang pergi melaka\nberapa manis bernama nira\nsimpan lama menjadi cuka;Pantun Hiburan;Pantun Hiburan
3333;ke sekolah naik sepeda\nkayuh kencang di jalanan\nbentuk kotak keluar suara\nbenda apakah itu gerangan;Pantun Hiburan;Pantun Hiburan
3474;kerat kerat kayu diladang\nhendak dibuat hulu cangkul\nberapa berat mata memandang\nbarat lagi bahu memikul;Pantun Hiburan;Pantun Kiasan
3478;keris bertuah amat sakti\nkalah oleh iman nan hakiki\napakah ciri cinta sejati\nberani berkorban tak kenal henti;Pantun Hiburan;Pantun Kasih Sayang
3532;kota surabaya sungguh megah\nkami datang dari kendari\nadik yang manis sedang apakah\nabang di sini rindu sekali;Pantun Hiburan;Pantun Kasih Sayang
3696;lebat daun kayu cendana\nbatang patah ditimpa kwini\nlewat pantun daku bertanya\nburung apakah namanya ini;Pantun Hiburan;Pantun Hiburan
3926;masak tumis sambal petai\nmakan kenyang sambil sendawa\nanda menziarah sahabat handai\nbuah apakah yang akan dibawa;Pantun Hiburan;Pantun Hiburan
3938;mata mengantuk langsung terpejam\nsudah tidur semua terlupa\nmatanya satu kakinya tajam\ncobalah tebak benda apa;Pantun Hiburan;Pantun Hiburan
4152;mentari senja sudah tenggelam\njangan kamu memotong kuku\nhewan apa yang darahnya hitam\nkakinya banyak badannya satu;Pantun Hiburan;Pantun Hiburan
4196;meski dibungkus bukan kiriman\nsudah takdir allah yang satu\nwalau ditanam bukan tanaman\ncobalah terka apakah itu;Pantun Hiburan;Pantun Hiburan
4651;panaspanas beli timun suri\ncampur dengan mangga kueni\njika tuan bijak bestari\nbaiklah tebak teka tekiku ini;Pantun Hiburan;Pantun Hiburan
4696;patah gading serpih tanduk\nmari diletak di atas papan\njika tahu ganja itu mabuk\nbuat apakah ia dimakan;Pantun Hiburan;Pantun Hiburan
4809;pergi bermain ke rumah tanti\nsoresore bermain bersama mamat\njikalau kamu bisa menebak ini\nhewan apa yang rambutnya lebat;Pantun Hiburan;Pantun Hiburan
5135;pergi ke pasar malang beli semangka\ntak lupa juga membeli daging lembu\ntahukah kau karunianya yang langka\nkekasih yang selalu ada untukmu;Pantun Hiburan;Pantun Kasih Sayang
5392;pergi melancong ke pesta dansa\ndansa sampai pagi jika kuat\ncoba tebak jika bisa\nbecak apa yang tak dapat dicat;Pantun Hiburan;Pantun Hiburan
5863;samudra pasari selat malaka\nperahu besar milik hang tuah\nkalau kau pandai cobalah terka\ndimasukan keluar benda apakah;Pantun Hiburan;Pantun Hiburan
5975;seharian kerja akan lelah\nistirahat senang tanpa bekerja\nhewan apa selalu lelah\npadahal dia tidak bekerja;Pantun Hiburan;Pantun Hiburan
6039;seorang lakilaki membawa tembak\nternyata ia sedang berburu\nbila kamu bisa menebak\ntulang apa warnanya biru;Pantun Hiburan;Pantun Hiburan
6446;Terburu-buru ke kamar mandi\nTernyata lupa membawa sabun\nCoba tebak apakah ini\nSelalu naik tak pernah turun;Pantun Hiburan;Pantun Hiburan
6602;walau dibungkus bukan kiriman\nsudah takdir allah yang satu\nmeski ditanam bukan tanaman\ncobalah tebak apakah itu;Pantun Hiburan;Pantun Hiburan
39;ada lagu gundul gundul pacul\ndari jawa ia berasal\nbanyak gaya dalam bergaul\ntanpa bercermin dari mana asal;Pantun Sosial Budaya;Pantun Kiasan
95;adik mainan riasan mama\ntapi tak boleh memakai gincu\nkenalkan kami anak kelas lima\npintarpintar dan juga lucu;Pantun Sosial Budaya;Pantun Sosial Budaya
642;badan panas lantaran meriang\npikiran pun pusing berantakan\nmari neng kenalan sama abang\nlelaki penyayang banyak perempuan;Pantun Sosial Budaya;Pantun Sosial Budaya
841;beda pilihan itu boleh\ntetapi nkri harga mati\ndasar rezeki anak sholeh\nbaru kenalan udah dikasih hati;Pantun Sosial Budaya;Pantun Sosial Budaya
1043;besi lama sudah berkarat\napi unggun membuat hangat\nselamat pagi para sahabat\njalani hari penuh semangat;Pantun Sosial Budaya;Pantun Sukacita
1333;bunga kembang jangan dipetik\nnanti tak lagi indah menawan\nuntuk kamu yang berwajah cantik\nbolehkah kita berkenalan;Pantun Sosial Budaya;Pantun Sosial Budaya
1382;bunga mawar semerbak harum\ntumbuh mekar indah menawan\nada wanita manis sedang tersenyum\nbolehlah kita berkenalan;Pantun Sosial Budaya;Pantun Sosial Budaya
1870;dari mana datangnya kereta\nkalau bukan dari stasiun balapan\ndari mana datangnya cinta\nkalau bukan dari kenalan;Pantun Sosial Budaya;Pantun Sosial Budaya
2251;hari libur jalanjalan\nbersantai ria di tengah taman\nbaru saja berkenalan\ntapi diri sudah merasa nyaman;Pantun Sosial Budaya;Pantun Sosial Budaya
2292;hari raya qurban memotong sapi\nsapi dipotong di hari pagi\ndemi menjalin silaturahmi\nbiarkan aku perkenalkan diri;Pantun Sosial Budaya;Pantun Sosial Budaya
2330;hendak berlayar hari dah petang\ntepikan biduk kucutkan sampan\ntak kenal maka tak sayang\nmarilah kita berkenalan;Pantun Sosial Budaya;Pantun Sosial Budaya
2435;ibu pergi entah kemana\nduduk sendiri disamping paku\nhei juga kau yang disana\nindah puspita itu namaku;Pantun Sosial Budaya;Pantun Sosial Budaya
2565;jalan raya sudah rata\ntapi banyak kendaraan\nwahai gadis anggun jelita\nbolehkah kita berkenalan;Pantun Sosial Budaya;Pantun Sosial Budaya
3330;ke sekaten untuk jalanjalan\nmelihat menawannya parasmu\napalah daya pengen kenalan\ntak tau diri karena malu;Pantun Sosial Budaya;Pantun Sosial Budaya
3426;kekar badannya bapak nelayan\nsampan dikembangkan kayuh perahu\nsalam santun persahabatan\nperkenalkan aku orang baru;Pantun Sosial Budaya;Pantun Sosial Budaya
3624;langit cerah berwarna biru\ndihiasi pancaran mentari\nkujawab selamat pagi sahabatku\napa kabar dikau kali ini;Pantun Sosial Budaya;Pantun Sosial Budaya
3627;langit cerah berwarna biru\nnaik motor ke pekanbaru\nkami hormat dan sayang pada guru\ndidik kami hingga jadi orang baru;Pantun Sosial Budaya;Pantun Sosial Budaya
3716;liburan pergi ke desa\ndi desa menaiki kuda\njika ada yang belum kenal saya\nperkenalkanlah nama saya;Pantun Sosial Budaya;Pantun Sosial Budaya
3966;melati layu kembali mekar\nmekar ketika musim hujan\nnamaku rini dari makassar\nsiapa namamu wahai teman;Pantun Sosial Budaya;Pantun Sosial Budaya
4707;peganglah kayu yang tak rapuh\nagar sampai engkau ke tuju\nsebelum adik pergi menjauh\nlebih baik kita berkenalan dulu;Pantun Sosial Budaya;Pantun Sosial Budaya
5145;pergi ke pasar membeli durian\ndurian dicampur dengan ketan\nmsalam saya saya haturkan\nsemoga kita bisa berkenalan;Pantun Sosial Budaya;Pantun Sosial Budaya
5318;pergi ke swalayan pakai payung\nanak kecil tak pakai baju\nnamaku andi dari bandung\nsiapa dan darimana asalmu;Pantun Sosial Budaya;Pantun Sosial Budaya
5516;pohon beringin diganggu benalu\nmenyingk menghadap ke selatan\nmelihat parasmu nan ayu\nbolehkan kita kenalan;Pantun Sosial Budaya;Pantun Sosial Budaya
5714;puteri anggun putri raja\nsangat suka buah pepaya\nberkenalan boleh saja\ngina hayana nama saya;Pantun Sosial Budaya;Pantun Sosial Budaya
5790;rendah terbangnya si kupukupu\nhinggap tenang di tali jemuran\nhati tergerak mulut malu\nkarena ingin sekali berkenalan;Pantun Sosial Budaya;Pantun Sosial Budaya
5797;Ribu-ribu pokok mengkudu\nCincin permata jatuh ke ruang\nKalau rindu sebut namaku\nAirmata mu jangan dibuang;Pantun Sosial Budaya;Pantun Sosial Budaya
6265;sungguh manis buah rambutan\nrambut kecil dibalut warne merah\nsetelah kita berkenalan\nbolehkah saya datang kerumah;Pantun Sosial Budaya;Pantun Sosial Budaya
6533;tukang bakso berbaju biru\nsedang keliling kampung berjualan\njustru kamu sebagai orang baru\nmulai menyapa untuk berkenalan;Pantun Sosial Budaya;Pantun Sosial Budaya
61;ada sepatu ada kaos kaki\nkaos kaki bergambar kastil\ntak perlu bersusah hati\nkerja keras membuahkan hasil;Pantun Kiasan;Pantun Kiasan
87;adik ke kedai membeli halia\nemak memesan membeli laksa\njadilah insan berhati mulia\nbaik hati berbudi bahasa;Pantun Kiasan;Pantun Kiasan
111;air dalam bertambah dalam\nhujan di hulu belum lagi tenduh\nhati dendam bertambah dendam\ndendam dahulu belum lagi sembuh;Pantun Kiasan;Pantun Kiasan
112;Air danau tenang permukaannya\nTerpantul bayang gunung tinggi\nJika hati bersih jiwanya\nDamai terasa setiap hari;Pantun Kiasan;Pantun Kiasan
113;air di dalam tambah dalam\nhujan di hulu belum juga teduh\nhati ini dendam bertambah dendam\ndendam dahulu belum juga sembuh;Pantun Kiasan;Pantun Kiasan
128;Air jernih mengalir ke muara\nMenyentuh pasir di hujung desa\nJika benar tutur bicara\nSejuklah hati yang mendengarnya;Pantun Kiasan;Pantun Kiasan
134;Air laut pasang ke pantai\nOmbaknya kecil menyentuh pasir\nJika hati ingin pandai\nRajin membaca setiap tafsir;Pantun Kiasan;Pantun Kiasan
178;Air sungai mengalir tenang\nBatu kecil ikut terbawa\nJika hati tetap berjuang\nCita-cita pasti menyapa;Pantun Kiasan;Pantun Kiasan
198;aku bukan seorang pelaut\nlaut tempat mencari nafkah\npilu bagaikan sedang kalut\nluput semangat kini pasrah;Pantun Kiasan;Pantun Kiasan
263;Anak angsa putih warnanya\nBerenang indah di air tenang\nJika hati bersih niatnya\nHidup terasa ringan dan lapang;Pantun Kiasan;Pantun Kiasan
302;anak berkumpul hendak menonton\npanggung tinggi tuk sandiwara\nilmu ibarat sebuah pohon\nsedangkan amal adalah buahnya;Pantun Kiasan;Pantun Kiasan
313;Anak Cik Siti mencari tuba\nTuba dicari di Tanjung Jati\nDi dalam hati tidakkan lupa\nBagai rambut tersimpul mati;Pantun Kiasan;Pantun Kiasan
373;anak kecil main layanglayang\nputus benang di ujung belati\nsetiap hari mabuk kepayang\nkalau tidak jumpa si jantung hati;Pantun Kiasan;Pantun Kasih Sayang
374;anak kecil mandi di kali\nbapaknya tiba membawa jala\nrindu membara bagaikan api\nmengharap kasih entah di mana;Pantun Kiasan;Pantun Kiasan
390;Anak kijang minum di kali\nAirnya jernih sejuk terasa\nJika hati mahu berseri\nBersyukur atas nikmat yang ada;Pantun Kiasan;Pantun Kiasan
417;Anak merpati terbang sekawan\nHinggap rendah di dahan sena\nJika hati ingin berteman\nIkhlaskan niat dalam jiwa;Pantun Kiasan;Pantun Kiasan
448;Anak punai anak merbah\nHinggap ditonggak mencari sarang\nAnak sungai lagikan berubah\nInikan pula hati orang;Pantun Kiasan;Pantun Kiasan
492;angin berhembus daun berdesau\nbunga mekar berwarna merah\nlisan lebih tajam dari pisau\nmelukai hati tanpa berdarah;Pantun Kiasan;Pantun Kiasan
493;angin bertiup api berkobar\nterbakar pula hutan belantara\nkenapa hati berdebardebar\nkalau bertemu dengan si dia;Pantun Kiasan;Pantun Kiasan
503;angin datang dengan semilir\ntepi sungai tumbuh kecipir\nwaktu ibarat sungai mengalir\ndari hulu menuju hilir;Pantun Kiasan;Pantun Kiasan
504;angin laut membawa garam\ndebur ombak berirama tenang\nalam menguatkan jiwa yang karam\ndalam pelukan luas dan Panjang;Pantun Kiasan;Pantun Kiasan
505;angin lemah berhembu lirih\nbunga liar mekar sederhana\nalam tak pernah ingin berlebih\nnamun selalu memikat jiwa;Pantun Kiasan;Pantun Kiasan
507;angin lembut menyentuh rerumput\ndaun menari mengikuti irama\nkeindahan alam tak pernah luput\nmenyapa jiwa dengan rasa dama;Pantun Kiasan;Pantun Kiasan
510;angin malam menyapa perlahan\ndaun kering berguguran diam\ncintamu memberi ketenangan\ndisaat hati ini terasa kelam;Pantun Kiasan;Pantun Kiasan
520;angin teluk menyisir pantai\nhanyut rumpai di bawah titi\nbiarlah buruk kain dipakai\nasal pandai mengambil hati;Pantun Kiasan;Pantun Kiasan
524;Angin timur membawa dingin\nMenyapu pantai berpasir halus\nJika hati bebas dari ingin\nDamailah jiwa menempuh arus;Pantun Kiasan;Pantun Kiasan
525;Angin utara bertiup lembut\nMenyapa layar perahu lama\nJika bersabar hati terikut\nDamai datang dengan sendirinya;Pantun Kiasan;Pantun Kiasan
526;angit barat bergelora\ntumbang bunga serta merta\nilmu ibarat berkas cahaya\nmenerangi kehidupan kita;Pantun Kiasan;Pantun Kiasan
572;asam kandis mari dihiris\nmanis sekali rasa isinya\ndilihat manis dipandang manis\nlebih manis hati budinya;Pantun Kiasan;Pantun Kiasan
575;Asap api di Tanjung Tuan\nKuala Linggi bakau rendah\nHarap hati kepada tuan\nLangit tinggi ku pandang rendah;Pantun Kiasan;Pantun Kiasan
644;badan sakit minum jamu\njamunya dibawa sama tamu\nsaat pertama kali bertemu\neh ku langsung jatuh hati padamu;Pantun Kiasan;Pantun Kasih Sayang
655;bagaimana membuat rakit\nbambu habis tersisa pinang\nbagaimana hati tak sakit\nkekasih hati sudah dipinang;Pantun Kiasan;Pantun Kiasan
670;baju baru di hari raya\nsungguh indah dipandang mata\nilmu itu bagaikan cahaya\npenerang jalan di malam gulita;Pantun Kiasan;Pantun Kiasan
680;Baju lama terlihat lusuh\nKalau dicuci mana sikatnya\nHitam arang bisa dibasuh\nHitam hati apa obatnya;Pantun Kiasan;Pantun Kiasan
698;bandana dipakai dikepala\nsiapa melihat akan terpesona\nhidup berputar laksana roda\nkue berambut di dalam gula jawa;Pantun Kiasan;Pantun Kiasan
721;bangun pagi langsung sarapan\nsebelum pergi mencari ikan\nhati tergerak untuk ucapkan\nsalam pembuka untuk kalian;Pantun Kiasan;Pantun Kiasan
724;bangun pondok siapkan papan\npapan dibeli di palembayan\npada pantun kutuliskan\nkangen jiwa pada pujaan;Pantun Kiasan;Pantun Kiasan
761;banyak sampah di dalam tong\ndidalamnya banyak benda tajam\nkarena hati selalu kosong\nsabtu malam menjadi buram;Pantun Kiasan;Pantun Kiasan
815;Batu padas di tepi kali\nLicin terkena aliran air\nJika hati bersih sekali\nHidup terasa damai dan fair;Pantun Kiasan;Pantun Kiasan
821;Batu sangkar batu berpahat\nTerpahat nama raja bestari\nMakanan arif, kias ibarat\nPantun seloka, ulam jauhari;Pantun Kiasan;Pantun Kiasan
868;beli bakso di abangabang\nkepleset malah masuk empang\nhati jadi ragu dan bimbang\nrambut tak ada minta dikepang;Pantun Kiasan;Pantun Kiasan
900;beli ragi bikin roti\nroti dipanggang berbau wangi\nkuucap selamat pagi dari hati\nteruntukmu yang paling kusayangi;Pantun Kiasan;Pantun Kasih Sayang
950;berburu belut ke tepi sawah\nsegera pulang hari pun senja\nbaru seminggu kita berpisah\nrindu di hati telah membara;Pantun Kiasan;Pantun Kasih Sayang
1015;berpohon bulat daunnya rindang\nasam dan hijau kala muda\nbentuknya ia bagai bintang\nkalaupun masak kuninglah ia;Pantun Kiasan;Pantun Kiasan
1017;bersama sahabat berenang di kali\ntak terasa sengatan mentari\nsahabatku kan selalu di hati\nsampai takdir menuntut mati;Pantun Kiasan;Pantun Kiasan
1040;besar langit di tepi busut\nbesar gak muat di dalam peti\nbesar hajat kami menjemput\nbesar niat didalam hati;Pantun Kiasan;Pantun Kiasan
1051;betapa malang si sampuraga\nmalin kundang menjadi batu\nmeski jarak pisahkan raga\nnamun hati terus bersatu;Pantun Kiasan;Pantun Kiasan
1097;Bintang timur muncul perlahan\nLangit cerah menjelang pagi\nJika langkah sudah ditentukan\nJangan ragu dalam hati;Pantun Kiasan;Pantun Kiasan
1114;bu risna membeli roti\nuntuk dijadikan makan bayi\nketika minggu tiba lagi\nrebahan adalah favorit hati;Pantun Kiasan;Pantun Sukacita
1229;buah salak enak rasanya\nserat tanda pohon berduri\norang galak seram rupanya\ntampang saja bukan di hati;Pantun Kiasan;Pantun Kiasan
1230;buah salak manis rasanya\nserat tanda pohon berduri\norang galak seram mukanya\ntampang saja tidaklah di hati;Pantun Kiasan;Pantun Kiasan
1235;buah sirsak rasanya asam\ndibuat jus untuk dengan gula\nhati siapa tidak akan muram\ntak punya uang ingin membeli bola;Pantun Kiasan;Pantun Dukacita
1295;Bunga anggrek indah berseri\nTumbuh subur di tepi taman\nJika hati bersih dari iri\nHidup terasa penuh kedamaian;Pantun Kiasan;Pantun Kiasan
1299;Bunga asoka merah berseri\nMekar indah di halaman rumah\nJika hati jauh dari iri\nHidup tenteram tanpa resah;Pantun Kiasan;Pantun Kiasan
1319;Bunga cempedak harum baunya\nGugur perlahan ke tanah merah\nJika hati bersih niatnya\nSegala urusan dipermudah;Pantun Kiasan;Pantun Kiasan
1335;bunga kenanga di atas kubur\npucuk sari pandan jawa\napa guna sombong dan takabur\nrusak hati badan binasa;Pantun Kiasan;Pantun Kiasan
1410;bunga melati tumbuh di taman\nbaunya sedap menyejukkan hati\ntidak usah ragu untuk berteman\nkarena aku orangnya baik hati;Pantun Kiasan;Pantun Kiasan
1425;Bunga nusa indah kelopaknya\nDisiram pagi sebelum mentari\nJika hati lurus jalannya\nTakkan takut hadapi hari;Pantun Kiasan;Pantun Kiasan
1429;Bunga raya merah menyala\nTumbuh subur di tepi jalan\nJika hati tulus berkata\nRamai orang memberi kepercayaan;Pantun Kiasan;Pantun Kiasan
1430;Bunga raya merah menyala\nTumbuh subur di tepi jalan\nJika hati tulus berkata\nSemua orang jadi segan;Pantun Kiasan;Pantun Kiasan
1432;Bunga senduduk tumbuh di bukit\nWarnanya ungu memikat rasa\nJika menegur pilihlah sedikit\nBahasa lembut menenangkan jiwa;Pantun Kiasan;Pantun Kiasan
1437;Bunga seroja mekar di rawa\nDaunnya lebar terapung damai\nJika hati bebas dari hawa\nHidup tenteram terasa damai;Pantun Kiasan;Pantun Kiasan
1496;Burung camar terbang ke laut\nOmbak putih datang menyambut\nJika hati terasa kalut\nBerdoalah kepada Yang Maha Lembut;Pantun Kiasan;Pantun Kiasan
1582;Burung kecil hinggap di jati\nAngin lembut berhembus lagi\nKatanya kuat menahan hati\nLihat diskon langsung beli lagi;Pantun Kiasan;Pantun Hiburan
1590;Burung kecil terbang tinggi\nHinggap manis di pohon jati\nIngat mati setiap hari\nSupaya lembut hati ini;Pantun Kiasan;Pantun Kiasan
1592;Burung kenari berkicau riang\nDi dahan pohon yang rindang\nKalau hati selalu lapang\nBanyak rezeki datang mendatang;Pantun Kiasan;Pantun Kiasan
1625;burung merbuk membuat sarang\nanak enggang meniti di paya\ntembaga buruk dimata orang\nintan berkarang di hati saya;Pantun Kiasan;Pantun Kiasan
1657;Burung nuri hinggap di jati\nAngin lembut datang lagi\nIngat janji dalam hati\nUntuk taat hingga mati;Pantun Kiasan;Pantun Kiasan
1662;Burung nuri sedang berkicau\nSungguh merdu didengar telinga\nKalau hati sedang galau\nLebih baik solat saja;Pantun Kiasan;Pantun Nasihat
1691;Burung perkutut di tengah telaga\nSekotak peti di atas bahu\nDalamnya laut bisa diduga\nDalam hati siapa yang tahu;Pantun Kiasan;Pantun Kiasan
1694;Burung pipit hinggap di batu\nBatu keras di tengah kali\nJika hati tetap menyatu\nCita-cita takkan lari;Pantun Kiasan;Pantun Kiasan
1698;Burung pipit hinggap di jati\nAngin lembut berhembus lagi\nSucikan niat dalam hati\nAgar amal diterima Ilahi;Pantun Kiasan;Pantun Agama
1734;Burung Serindit terbang melayang\nMari hinggap di ranting mati\nBukan ringgit dipandang orang\nBudi bahasa rangkaian hati;Pantun Kiasan;Pantun Kiasan
1800;Cempaka putih mekar berseri\nHarumnya halus memikat rasa\nJika benar cintamu di hati\nTakkan goyah walau diuji masa;Pantun Kiasan;Pantun Kiasan
1830;Daerah Besut jiran Kelantan\nBudaya hidup penuh tradisi\nHati serabut fikiran tertekan\nHidup berkeluarga penyatu hati;Pantun Kiasan;Pantun Kiasan
1849;dapat salam tiga jari\ndari sang kekasih hati\ncintamu itu bagaikan mentari\nmenerangi hidupku tanpa henti;Pantun Kiasan;Pantun Kiasan
1889;Dari teluk pergi pangkalan\nBermain di bawah pohon kepayang\nSaya umpama habuk di papan\nDitiup angin terbang melayang;Pantun Kiasan;Pantun Kiasan
1930;Daun selasih di Teluk Dalam\nBatang kapas Lubuk Tempurung\nSaya umpama si burung balam\nMata terlepas badan terkurung;Pantun Kiasan;Pantun Kiasan
1939;Daun selasih tumbuh melata\nDisiram hujan setiap hari\nJika bersalah segera meminta\nMaaf tulus menenangkan hati;Pantun Kiasan;Pantun Nasihat
2032;Di tepi Pantai nelayan bernyanyi\nMengangkat jaring penuh berisi\nEngkau bagai cahaya hati\nMemberi warna di hidup ini;Pantun Kiasan;Pantun Kiasan
2053;disana gunung di sini gunung\ntengah tengahnya pohonnya jati\nbetapa hatiku tengah terbingung\nmenunggunya jawaban sijantung hati;Pantun Kiasan;Pantun Kiasan
2055;disana gunung disini gunung\nditengah tengah gunung berapi\nkesana bingung kesini bingung\nitulah namanya jatuh hati;Pantun Kiasan;Pantun Kiasan
2102;durian runtuh nikmat rasanya\ndimakan bersama di tepi pantai\nliburan itu perlu tampaknya\nagar pikiran menjadi santai;Pantun Kiasan;Pantun Sukacita
2119;Embun dini berkilau perak\nMenyentuh pucuk di hujung laman\nJika nurani teguh terpacak\nTak goyah jiwa dipukul zaman;Pantun Kiasan;Pantun Kiasan
2126;Embun jernih di pucuk melati\nHarumnya lembut menyentuh rasa\nBayang wajah terlukis di hati\nTakkan pudar ditelan masa;Pantun Kiasan;Pantun Kiasan
2148;enam sembilan bilangan ganjil\ndibolak balik tetap sama\nredam angan bagaikan terkucil\nhendak dikritik berharap nama;Pantun Kiasan;Pantun Kiasan
2150;Encik sholeh menikam pari\nBilakan tumbuh padi di kota\nAkhir menyesal di kemudian hari\nTakkan sungguh bagai dikata;Pantun Kiasan;Pantun Kiasan
2227;Hanyut batang dari kuala\nRaja mambang berkayuk balik\nTuanku tentang bagai kemala\nTempat abang duduk bertilik;Pantun Kiasan;Pantun Kiasan
2288;hari raya makan kupat\nsambil makan banyak roti\njantungku berdetak cepat\nsepertinya aku jatuh hati;Pantun Kiasan;Pantun Kiasan
2293;hari sabtu bangun pagi\nuntuk segera berangkat sekolah\ndiluar terlihat bersih dan rapi\ntapi kamarnya bagai unggukan sampah;Pantun Kiasan;Pantun Kiasan
2297;hari senja hari petang\nindah cahaya membuat takjub\ntinggi kelapa karena batang\ntinggi hati karena ujub;Pantun Kiasan;Pantun Kiasan
2310;Harum sungguh si bunga tanjung\nDisanggul indah si gadis sunti\nLama sudah hati tertanggung\nMerindui abang separuh mati;Pantun Kiasan;Pantun Kiasan
2342;hewanhewan menangis tersedu\nmendengar musik yang sedang diputar\nsenyummu manis bagai madu\nmembuat hati ini bergetar;Pantun Kiasan;Pantun Kiasan
2400;hujan ringan menyapa taman\ndaun segar menebar aroma\nalam memberi kesejukan\nbagi jiwa yang telah menua;Pantun Kiasan;Pantun Kiasan
2402;hujan sore mengetuk bumi\nnada lembutmengalun pelan\nalam bernyanyi penuh harmoni\nmengantar jiwa pada ketenangan;Pantun Kiasan;Pantun Kiasan
2404;hujan turun belum reda\nairnya rembes dari talang\nberpetualang selagi muda\nhatimu bebas bagaikan elang;Pantun Kiasan;Pantun Kiasan
2410;hujan turun membasuh bumi\naroma tanah bangkit perlahan\ncintamu jatuh tepat di hati\ntak deras, namun menetap tahan;Pantun Kiasan;Pantun Kiasan
2411;Hujan turun membasuh debu\nBumi segar berseri kembali\nJika hati sebening susu\nJauh dengki mendekatlah seri;Pantun Kiasan;Pantun Kiasan
2418;hunjan malam mengetuk jendela\naroma tanah menyapa pelan\nrinduku pulang ke satu rasa\nyang Bernama ketenangan;Pantun Kiasan;Pantun Kiasan
2431;ibu memasak dalam kuali\nadek mengambil daun salam\ngood night pujaan hati\njangan lupa makan malam;Pantun Kiasan;Pantun Kasih Sayang
2442;Ikan arwana, ikan buntal\nJika dimakan sebabkan gatal\nLisan laksana macan yang brutal\nTidak dijaga, berakibat fatal;Pantun Kiasan;Pantun Kiasan
2448;ikan betutu dikejar buaya\npisau parang tajam ujungnya\nilmu itu laksana cahaya\npenerang di jalan gelap gulita;Pantun Kiasan;Pantun Kiasan
2463;ikan rawa dibeli bidan\nikan sepat terlampau lebarnya\nkuat jiwa bukan badan\nkuat karena tinggi sabarnya;Pantun Kiasan;Pantun Kiasan
2466;ikan sepat ikan teri jengki\nsungguh nikmat dengan petai cina\nbiar sehat berjemur pagi\nbadan berkeringat bak mandi sauna;Pantun Kiasan;Pantun Kiasan
2536;jalan jalan ke beberapa tempat\ndengan cuaca yang cerah\nusiamu berkepala empat\ntingkahmu bak bayi merah;Pantun Kiasan;Pantun Kiasan
2547;Jalan jalan ke Pekanbaru\nMampir dahulu membeli rautan\nDunia ini ibarat perahu\nDiterjang ombak di lautan;Pantun Kiasan;Pantun Kiasan
2552;jalan kaki ke atas bukit\nkayu terbakar menjadi arang\nbagaimana hati tak sakit\norang yang disayang diambil orang;Pantun Kiasan;Pantun Kiasan
2562;jalan kelam disangka terang\nhati kelam disangka suci\nakal pendek banyak dipandang\njanganlah hati kita dikunci;Pantun Kiasan;Pantun Kiasan
2582;jalanjalan di waktu malam\nmampir ke toko membeli lampu\nrasa buah jeruk memang asam\ntapi kalah asam dari baumu;Pantun Kiasan;Pantun Kiasan
2626;jalanjalan ke rumah nenek\npulangnya membeli semangka\nmuka boleh kelihatan jelek\ntapi hati siapa yang sangka;Pantun Kiasan;Pantun Kiasan
2675;jangan harap senang dahulu\nbila belum sakit dilawan\nhati segan merasa malu\npenyambutan ini penuh kemewahan;Pantun Kiasan;Pantun Kiasan
2752;jika ada jarum yang patah\njangan disimpan didalam peti\njika ada kata yang salah\njangan di simpan dalam hati;Pantun Kiasan;Pantun Kiasan
2776;jika kulit banyak duri\nbuah durian enak sekali\nkamu itu bagaikan bidadari\ntapi sayang terlalu malas mandi;Pantun Kiasan;Pantun Kiasan
2803;jika tuan tajuk cendana\nambil gantang sukatkan mulut\njika tuan memang bijak laksana\nbinatang apa bertanduk di mulut;Pantun Kiasan;Pantun Hiburan
2836;kabut turun di pagi sunyi\nlangit pucat menyimpan cahaya\nalam bernafas penuh misteri\nyang hanya terasa oleh jiwa;Pantun Kiasan;Pantun Kiasan
2853;kain buruk jatuh di papan\npatah terkulai dahan meranti\nbiarlah buruk rupamu tuan\nasal pandai mengambil hati;Pantun Kiasan;Pantun Kiasan
2866;Kain songket benang sutera\nDisimpan rapi di dalam peti\nJika hati ingin sejahtera\nJangan iri dalam hati;Pantun Kiasan;Pantun Kiasan
2897;kalau ada jarum yang patah\njangan dimasukin ke dalam peti\nkalau ada kata kata yang salah\njangan dimasukin ke dalam hati;Pantun Kiasan;Pantun Kiasan
2898;kalau ada jarum yang patah\njangan simpan dalam peti\nkalau ada kata yang salah\njangan simpan dalam hati;Pantun Kiasan;Pantun Kiasan
2970;Kalau roboh kota Melaka\nSayang selasih di dalam puan\nKalau sungguh bagai dikata\nRasa nak mati di pangkuan tuan;Pantun Kiasan;Pantun Kiasan
2998;kalau tuan menanam ubi\ntanamlah di hari sabtu\nselamat hari senin pujaan hati\nsemangat jemputlah impianmu;Pantun Kiasan;Pantun Kasih Sayang
3021;kampung seberang dipukul ribut\njadi sebutan zaman berzaman\nrasa gerun bila disebut\ntetapi lembut bila ditelan;Pantun Kiasan;Pantun Kiasan
3029;kancil murung hatinya sedih\ncari teman hilang kemana\nsudah wajah sangat putih\nbibir merah bagai delima;Pantun Kiasan;Pantun Kiasan
3078;Kayu bakau kuat akarnya\nMenahan ombak di tepi pantai\nJika hati teguh dasarnya\nTak mudah runtuh dilanda badai;Pantun Kiasan;Pantun Kiasan
3081;Kayu cendana harum baunya\nDisimpan rapi di dalam peti\nJika kata dijaga maknanya\nPersahabatan kekal di hati;Pantun Kiasan;Pantun Kiasan
3090;Kayu jati dibuat perahu\nPerahu kecil berlayar tenang\nJika hati hendak bertemu\nBiar jauh tetap dikenang;Pantun Kiasan;Pantun Kiasan
3104;Kayu merbau keras batangnya\nDipakai lama takkan rapuh\nJika hati teguh imannya\nCobaan datang takkan runtuh;Pantun Kiasan;Pantun Kiasan
3123;ke cimanggis membeli kopiah\nkopiah indah kan kau dapati\nbegitu banyak gadis yang singgah\nhanya janda yang memikat hati;Pantun Kiasan;Pantun Kasih Sayang
3255;ke pasar lama menanti\ntunggu ibu beli terasi\njadilah anak yang baik hati\nagar nati bisa berprestasi;Pantun Kiasan;Pantun Kiasan
3306;ke pontianak beli kopiah\nkopiah indah kau dapati\nbegitu banyak gadis yang singgah\nhanya adinda yang memikat hati;Pantun Kiasan;Pantun Kasih Sayang
3318;Ke sawah luas menanam benih\nBenih tumbuh jadi padi\nJika hati selalu bersih\nHidup tenteram sepanjang hari;Pantun Kiasan;Pantun Kiasan
3319;ke sawah membawa bubur\nambil tuai pemanen padi\nsetiap malam tak bisa tidur\nhanya terbayang tambatan hati;Pantun Kiasan;Pantun Kasih Sayang
3424;kehujanan badan basah\nhidung flu pusing kepala\nini jumat penuh berkah\nkuucapkan buatmu pujaan jiwa;Pantun Kiasan;Pantun Kasih Sayang
3496;ketika lulus wajar bersuka cita\njanganlah sampai merasa tinggi hati\nberilah jalan bagi pengantin pria\ndemi menemui sang pujaan hati;Pantun Kiasan;Pantun Kasih Sayang
3502;Ketika peniti patah\nJangan gantikan dengan busa\nKetika hati melemah\nJangan lupakan Yang Maha Esa;Pantun Kiasan;Pantun Agama
3503;ketika sore turun hujan\nanak petani menanam bawang\ninginnya hati membeli jajan\nsayangnya aku tak punya uang;Pantun Kiasan;Pantun Dukacita
3504;kian kemari mencari kesunyian\nmengenakan kasih diri masingmasing\nhati terharu dilipur nyanyian\ntapi suara tak mau mendering;Pantun Kiasan;Pantun Kiasan
3508;kini kancil sudah jera\nmencuri timun ditinggalkannya\nkehidupan laksana samudra\nengkau adalah perahunya;Pantun Kiasan;Pantun Kiasan
3525;kota batu kota semuli\nbanyak kedondong dan pohon jati\nbibi begitu baik sekali\naku digendong sepenuh hati;Pantun Kiasan;Pantun Kiasan
3535;Kuala sungai bertemu laut\nAirnya payau bercampur rasa\nJika hati terasa kusut\nKembali tenang pada Yang Esa;Pantun Kiasan;Pantun Kiasan
3599;Laksamana berempat di atas pentas\nCukup berlima dengan gurunya\nBagaikan dakwat dengan kertas\nSudah berjumpa dengan jodohnya;Pantun Kiasan;Pantun Kiasan
3633;Langit luas berbalam biru\nBintang bertabur bagai permata\nJika benar teguh di kalbu\nTakkan goyah fitnah melata;Pantun Kiasan;Pantun Kiasan
3641;langit malam bertabur cahaya\nbintang kecil berpendar tenang\nalam luas menyimpan rahasia\nyang hanya terasa oleh hati lapang;Pantun Kiasan;Pantun Kiasan
3738;limau purut masak di dahan\nwalau manis tak boleh dimakan\nbiar penampilan seperti preman\nyang penting hati beriman;Pantun Kiasan;Pantun Kiasan
3746;luas padang rerumputan\nada domba banyak delapan\npendidikan ibarat jembatan\njembatan menuju masa depan;Pantun Kiasan;Pantun Kiasan
3755;Lupa Rabbi petanda tingkah\nBicara agama rangkulan taqwa\nBapa, ayahanda dan abah\nSemesra nama simpulan jiwa;Pantun Kiasan;Pantun Kiasan
3856;malam indah bulan purnama\nduduk santai mengenang nasib\npejam malah angan terkesima\nremuk bagai mengekang aib;Pantun Kiasan;Pantun Kiasan
3859;malam ini sepi dan sunyi\nduduk pasrah di atas kursi\nbetapa hancur hati ini\nkala ksu putuskan hubungan suci;Pantun Kiasan;Pantun Kiasan
3886;Mandi-manda di pinggir kali\nKali jauh naik pedati\nBukan setakat dia kembali\nIngin pula merayu hati;Pantun Kiasan;Pantun Kiasan
3923;Masak semur diaduk-aduk\nUntuk bekal pergi ke gunung\nBagaikan telur di ujung tanduk\nSerba salah menjadi bingung;Pantun Kiasan;Pantun Kiasan
3940;matahari bercahaya silau\nanak negeri pergi merantau\ndusta itu bagaikan pisau\nmembuat pikiran selalu risau;Pantun Kiasan;Pantun Kiasan
3946;mati ditembak oleh belanda\npenabur terserak tengah padang\nduduk terkenang akan adinda\nnyawa di tubuh rasa melayang;Pantun Kiasan;Pantun Kiasan
3952;mawar merah putih melati\ntumbuh berkembang tinggi sekaki\nsangat dermawan murah hati\nhidupnya berlimpah dengan rezeki;Pantun Kiasan;Pantun Kiasan
3957;Mega berarak di dada samudera\nKilau cahaya menyentuh buana\nJika takwa menjadi bentara\nTeguhlah jiwa menolak angkara;Pantun Kiasan;Pantun Kiasan
3959;mekar angsana pandang tak jemu\nbunganya luruh ke dalam raga\nbuku laksana lautan ilmu\ndasarnya penuh mutiara berharga;Pantun Kiasan;Pantun Kiasan
3981;melihat nelayan memakai ranjau\npulang pulang ke telaga\nberat sekali menjadi perantau\nrindu hati kepada keluarga;Pantun Kiasan;Pantun Kiasan
3993;memang wangi bunga melati\nsudah wangi tiada berduri\niri dengki ada di dalam hati\nkemana obat hendak di cari;Pantun Kiasan;Pantun Kiasan
4057;mencuci celana berwarna putih\njemurlah ia hingga petang\njika lingkungan selalu bersih\nmata dan pikiran menjadi tenang;Pantun Kiasan;Pantun Kiasan
4071;mengapa hendak ke pasar raya\nmembeli kuaci serta semangka\nlama nian tidak bersua\nrindu di hati kian membara;Pantun Kiasan;Pantun Kiasan
4108;Mentari naik di ufuk\nburung kecil menyapa cahaya\ncintamu hadir tanpa hiruk\nmenghangatkan jiwa dengan sederhana;Pantun Kiasan;Pantun Kiasan
4123;Mentari pagi menghapus gelap\ncahaya jatuh tanpa suara\ncintamu hadir begitu tetap\nmenguatkan hati yang rapuh lama;Pantun Kiasan;Pantun Kiasan
4159;Mentari sore menyapa bukit\nLangit jingga tampak menawan\nJika hati terasa sedikit sempit\nLuaskan pikiran dan maafkan;Pantun Kiasan;Pantun Kiasan
4270;naik kereta berhatihati\nsemua bagasi harus dibawa\npanas sekali rasanya hati\nmelihat dia jalan berdua;Pantun Kiasan;Pantun Kiasan
4279;Naik perahu menyusuri kali\nAir tenang memantul cahaya\nJika niat kuat di hati\nTak ada yang sia-sia;Pantun Kiasan;Pantun Kiasan
4286;naik sepeda pergi ke kota\njangan lupa pakai topinya\nmaksud hati ingin berkata\ntapi tulisan ini jadi wakilnya;Pantun Kiasan;Pantun Kiasan
4287;naik taksi ke sukabumi\nlagi dijalan jumpa teman lama\nmelihat situasi saat ini\nhidup bagaikan buah simalakama;Pantun Kiasan;Pantun Kiasan
4308;ngengat mengejar kurakura\nbertemu mereka di pelimbahan\nsemangat bagai api membara\ntiada padam oleh godaan;Pantun Kiasan;Pantun Kiasan
4311;nobita minum pil diet\nefeknya kelaparan tiga hari\nkamu itu kriteriaku banget\nkamu cantik bagaikan bidadari;Pantun Kiasan;Pantun Kiasan
4344;ombak laut menyanyi lirih\nangin asin membawa tenang\nalam menyapa jiwa yangletih\ndalam pelukan luas dan lapang;Pantun Kiasan;Pantun Kiasan
4349;Ombak menghempas pesisir pasir\nPerahu dagang berlabuh sauh\nJika hati tiada berfikir\nMusnah akal binasalah tubuh;Pantun Kiasan;Pantun Kiasan
4354;orang bule rambutnya pirang\njatuh ke sungai tak bisa renang\ncowok ibarat kau jarangjarang\ndatanglah ke rumah untuk meminang;Pantun Kiasan;Pantun Kiasan
4360;orang kaya bermobil mewah\nsuka bersedekah dan baik hati\npagi sabtu begitu cerah\nsecerah senyummu yang getarkan hati;Pantun Kiasan;Pantun Kasih Sayang
4369;Orang tani mengambil nipah\nHendak dibawa ke Indragiri\nSeluruh alam ku cari sudah\nBelum bersua pilihan hati;Pantun Kiasan;Pantun Kiasan
4410;Pagi cerah melihat mentari\nCahaya hangat bersinar lagi\nBerbuat baik setiap hari\nSupaya hati selalu suci;Pantun Kiasan;Pantun Kiasan
4436;Pagi cerah memetik melati\nHarum wangi semerbak sekali\nBersihkan niat dalam hati\nAgar langkah lebih berarti;Pantun Kiasan;Pantun Kiasan
4438;Pagi cerah memetik melati\nHarum wangi semerbak sekali\nSucikan niat dalam hati\nAgar amal diterima Ilahi;Pantun Kiasan;Pantun Kiasan
4475;pagi hari ke pasar raya\nmembeli nasi goreng campur acar\nsebab hati tak bisa berdusta\nrabu pagi senyummu terpencar;Pantun Kiasan;Pantun Kiasan
4564;Pagi hari menyiram tanaman\nTetes air beri kehidupan\nBersihkan hati dari kebencian\nAgar damai dalam pergaulan;Pantun Kiasan;Pantun Kiasan
4612;pagipagi naik sepeda\nbersepeda keliling sawah\nrasa lelah bisa dijaga\ndemi keluarga yang ada di rumah;Pantun Kiasan;Pantun Kiasan
4658;panjat pohon banyak serangga\nterpegang dahan yang rapuh\nyakinkan hati kita berdua\ntak berpaling meskipun jauh;Pantun Kiasan;Pantun Kiasan
4666;papan rengat dari rawa\nsemua orang ingin membawa\ncintamu hangat di dalam jiwa\nseperti cahaya dari sang surya;Pantun Kiasan;Pantun Kiasan
4675;para petani menanam padi\npadi disemai benih pun jadi\nsehat sejati tak hanya jasmani\ntapi jiwa hati nurani;Pantun Kiasan;Pantun Kiasan
4682;paras cantik wahai adinda\ncantik sekali bak ratu kerajaan\njika gelisah sering melanda\ntenangkan hati dan juga pikiran;Pantun Kiasan;Pantun Kiasan
4728;penggalan kata tersusun rapi\nbila di baca teringat kenangan\nandaikan jiwa menuntun hati\nhanya luka ibarat sayatan;Pantun Kiasan;Pantun Kiasan
4796;Pergi berlayar menuju seberang\nAngin bertiup layar terbuka\nJika hati ingin dikenang orang\nJagalah sikap dan tutur kata;Pantun Kiasan;Pantun Nasihat
4800;Pergi berlayar menuju seberang\nAngin lembut meniup layar\nBersungguh hati dalam berjuang\nAgar cita tidaklah pudar;Pantun Kiasan;Pantun Kiasan
4815;Pergi jauh ke Pulau Seribu\nSinggah sebentar membeli kain\nJika tekad ada di kalbu\nTak mudah goyah oleh angin;Pantun Kiasan;Pantun Kiasan
4824;Pergi ke danau melihat teratai\nTeratai tumbuh di air tenang\nJika hati ingin damai\nJauhi sifat iri dan bimbang;Pantun Kiasan;Pantun Nasihat
4907;pergi ke hutan mengambil kayu jati\nuntuk membuat beberapa kursi\nsungguh menyesal rasa dihati\naku berjanji tak buat lagi;Pantun Kiasan;Pantun Kiasan
4912;pergi ke kali nggak pakai sandal\nmalah bikin kaki kaku\nbukan maksud hati menggombal\nkamu memang benar ada di hatiku;Pantun Kiasan;Pantun Kiasan
5405;Pergi mendaki gunung tinggi\nPuncaknya tampak dari jauh\nJika mimpi ada di hati\nJangan berhenti sebelum teguh;Pantun Kiasan;Pantun Kiasan
5438;pergi tamasya ke bukittinggi\njangan lupa naik kuda bendi\nketika malam minggu tiba lagi\nada rasa yang berontak di hati;Pantun Kiasan;Pantun Kiasan
5445;perih sekali tertancap ilalang\nsangat sakit susah hilang\ntajamnya kata bagai pedang\nsekali terluka tetap terkenang;Pantun Kiasan;Pantun Kiasan
5448;Permata jatuh ke rumput\nJatuh ke rumput berbilang-bilang\nDari mata tidakkan luput\nDalam hati tidakkan hilang;Pantun Kiasan;Pantun Kiasan
5507;Pohon asam rendang daunnya\nTempat teduh kala panas\nJika hati lembut jiwanya\nPerselisihan mudah terlepas;Pantun Kiasan;Pantun Kiasan
5509;Pohon asoka berbunga merah\nCantik mekar di halaman rumah\nJika hati jauh dari amarah\nHidup damai tanpa resah;Pantun Kiasan;Pantun Kiasan
5510;Pohon asoka berbunga merah\nCantik mekar di halaman rumah\nJika hati jauh dari salah\nHidup tenang tanpa gelisah;Pantun Kiasan;Pantun Kiasan
5520;Pohon bidara di tepi telaga\nDaunnya rimbun menahan panas\nJika hati penuh menjaga\nHidup tenang tanpa cemas;Pantun Kiasan;Pantun Kiasan
5535;Pohon jati berakar dalam\nMenongkat langit tegap berdiri\nJika prinsip terpasak dalam\nTakkan goyah jiwa sendiri;Pantun Kiasan;Pantun Kiasan
5557;Pohon kapas lembut seratnya\nDipintal halus jadi benang\nJika hati bersih niatnya\nHidup terasa damai dan tenang;Pantun Kiasan;Pantun Kiasan
5588;pohon mahoni daunnya rindang\nistirahat siang untuk makan\njarak amat jauh membentang\nnamun hati selalu berdekatan;Pantun Kiasan;Pantun Kasih Sayang
5610;Pohon nipah di tepi pantai\nAkarnya kuat mencengkam pasir\nJika hati ingin damai\nJauhi sikap suka menyindir;Pantun Kiasan;Pantun Nasihat
5723;putih warnanya bunga melati\ndi depan rumah berpagar besi\njauh di mata dekat di hati\nsahabat lama tetap ku nanti;Pantun Kiasan;Pantun Kiasan
5728;putihputih bunga melati\nharum mewangi di pagi hari\nkalianlah pembuka mata hati\nuntuk menelusuri dunia ini;Pantun Kiasan;Pantun Kiasan
5803;rintik hujan sekedar rintik\nnamun rintik basahi peci\ncantik bukan sekedar cantik\nnamun cantik menawan hati;Pantun Kiasan;Pantun Kasih Sayang
5808;Roti bersulam daging berinti\nElok digubah campur menyega\nTimbul tenggelam mencemas hati\nTetap tabah diharung juga;Pantun Kiasan;Pantun Kiasan
5816;Rumah jati tempat merenung\nSambil melihat bunga serampai\nHasrat hati memeluk gunung\nApa daya tangan tak sampai;Pantun Kiasan;Pantun Kiasan
5852;sakit kaki ditikam jeruju\njeruju ada di dalam paya\nsakit hati memandang susu\nsusu ada dalam kebaya;Pantun Kiasan;Pantun Kiasan
5853;sakit perut karena rambutan\nkarena belum makan siang\ncintaku bagaikan rembulan\ndipagari bintangbintang;Pantun Kiasan;Pantun Kiasan
5861;sampan perahu mengejar kayak\ndari hulu tak kenakena\ndusta itu bagaikan riak\nmembuat hati gundah gulana;Pantun Kiasan;Pantun Kiasan
5867;sangat indah batu kefir\njatuh di bawah pohon kecipir\ndi dunia laksana musafir\nhidup sekedar untuk mampir;Pantun Kiasan;Pantun Kiasan
5901;sarapan pagi dengan roti\ncelupkan roti ke dalam kopi\ndari dulu hingga nanti\nbekerjalah dengan sepenuh hati;Pantun Kiasan;Pantun Kiasan
5911;sarapan pagi pakai ketan\nambil pakaian dalam lemari\nselagi nyawa di kandung badan\nmenyerah singkirkan dari hati;Pantun Kiasan;Pantun Kiasan
5925;Saya tak hendak berlesung pauh\nLesung pauh membuang padi\nSaya tak hendak bersahabat jauh\nSahabat jauh merisau hati;Pantun Kiasan;Pantun Kiasan
6030;senja indah di pelabuhan\nikan layang dijual murah\nhati resah tidak karuan\nkekasih hati marahmarah;Pantun Kiasan;Pantun Kiasan
6078;Si Abang Jek kakinya luka\nKena duri belakang pagoda\nJika diejek usahlah berduka\nLuaskan hati lapangkan dada;Pantun Kiasan;Pantun Kiasan
6152;Sirih muda dalam puan\nPinang dibelah sama rata\nJika hendak dihormati kawan\nRendah hati sepanjang masa;Pantun Kiasan;Pantun Kiasan
6163;sore hari berburu ramarama\nambil getah jadikan pelekat\njauh jarak di antara kita\nnamun rasa kita selalu dekat;Pantun Kiasan;Pantun Kiasan
6189;suasana langit surabaya\nmalam ini diterangi rembulan\ndalam hati masih bertanyatanya\nkiranya kapan aku punya pasangan;Pantun Kiasan;Pantun Hiburan
6220;sungguh berat saat berpisah\nmeninggalkan kekasih bersusah hati\nduduk berdiri sama gelisah\nkemana perginya si jantung hati;Pantun Kiasan;Pantun Kiasan
6270;sungguh manis rasanya gula\nempedu terasa pahit sekali\nsalam manis dari saya\nputra samarinda yang baik hati;Pantun Kiasan;Pantun Kiasan
6302;susu manis amatlah kental\ncelupkan dengan roti bolu\nsesungguhnya aku hendak kenal\nnamun hati masih malumalu;Pantun Kiasan;Pantun Kasih Sayang
6313;Tak berpayung, basahlah rambut\nBata lapuk kena tendangan\nBagaikan gayung tiada bersambut\nCinta bertepuk sebelah tangan;Pantun Kiasan;Pantun Kasih Sayang
6348;tanam pagi di lahan sawah\npemandangan sungguh indah sekali\nwalaupun kita udah berpisah\nkau selalu tetap di hati;Pantun Kiasan;Pantun Kiasan
6359;tanamlah padi dalam hutan\nsudahlah ditanam ditunggui\nkesallah hati ayam jantan\npadi terjemur ditunggui;Pantun Kiasan;Pantun Kiasan
6387;Tebu ditanam di tepi perigi\nDisiram air agar tak mati\nIzinkan saya berlalu pergi\nJanganlah ada dendam di hati;Pantun Kiasan;Pantun Kiasan
6406;Tenang-tenang air di laut\nSampan kolek mudik ke tanjung\nHati terkenang mulut menyebut\nRindu kini tiada penghujung;Pantun Kiasan;Pantun Kiasan
6433;Terbang burung amat rendah\nTerbangnya dia ke utara\nSawah itu amat indah\nTerhampar bagai selendang sutra;Pantun Kiasan;Pantun Kiasan
6449;terhampar luas bukit hijau\nhijau karena warna rumput\ndusta itu bagaikan ranjau\nmembuat engkau jadi penakut;Pantun Kiasan;Pantun Kiasan
6451;terik mentari panas bersinar\ntak mungkin akan turun hujan\nhati seakan berbinar\nkala datang sang pujaan;Pantun Kiasan;Pantun Kiasan
6494;Tikar pandan dianyam rapi\nDisusun indah di atas para\nJika hati mahu berseri\nJauhi dengki dan angkara;Pantun Kiasan;Pantun Kiasan
6495;tikus malam gerak merayap\ncari makan subuh pun tiba\naku bagaikan terpatah sayap\nhilang kekasih pergi ke mana;Pantun Kiasan;Pantun Kiasan
6524;tuan raja belajar menari\nditemani para hulubalang\nhidup rajin bagaikan mentari\nkelak hidupmu akan cemerlang;Pantun Kiasan;Pantun Kiasan
6544;tulisan kuno berhuruf pallawa\nmenempel pada prasasti yang usang\nbukalah pikiran dan pekakan jiwa\nagar dapat disegani banyak orang;Pantun Kiasan;Pantun Kiasan
60;Ada selendang milik Jeng Ratu\nPohon jati tingginya sebahu\nAda udang di balik batu\nMaksud hati, siapa yang tahu;Pantun Kiasan;Pantun Kiasan
720;bangun pagi langsung sarapan\nsebelum pergi berangkat kerja\nmakan hati lihat ke jalan\nbanyak pasangan yang bahagia;Pantun Kiasan;Pantun Kiasan
1393;bunga melati bunga kemboja\ntumbuh dekat pohon nangka\nrendah hati akhlak yang mulia\nmembuat orang banyak suka;Pantun Kiasan;Pantun Kiasan
1401;bunga melati harum mewangi\nmekar merekah di pagi hari\nketika minggu tiba lagi\nkembali diri makan hati;Pantun Kiasan;Pantun Kiasan
1442;Bunga tanjung di halaman\nHarumnya semerbak kala senja\nJika ingin dihormati teman\nBersikap rendah hati sentiasa;Pantun Kiasan;Pantun Nasihat
1649;Burung nuri berwarna-warni\nHinggap manis di dahan jati\nJika ingin disayangi\nJaga sikap rendah hati;Pantun Kiasan;Pantun Nasihat
1667;Burung nuri terbang ke rawa\nHinggap rendah di pohon jati\nJika engkau ingin dicinta\nBersikap lembut rendah hati;Pantun Kiasan;Pantun Kiasan
1672;Burung nuri terbang ke rawa\nHinggap sebentar di pohon jati\nJika ingin disayang semua\nBersikap ramah rendah hati;Pantun Kiasan;Pantun Kiasan
2147;enaknya gulai ditambah roti\nuntuk bekal dalam pedati\nsudah pandai rendah hati\npastilah dia lelaki sejati;Pantun Kiasan;Pantun Kiasan
2315;hati hati minum digelas\nkalau terlepas pecahlah nanti\ncinta hati selalunya ikhlas\ncinta buta yang makan hati;Pantun Kiasan;Pantun Kiasan
2490;indah senja amat berkesan\nbangau terbang sayap berkepakan\nrendah hati di hadapan insan\nsombong takabur dijauhkan;Pantun Kiasan;Pantun Kiasan
3248;ke pasar baru beli peniti\npulang jauh ke kota kendari\njadilah insan yang rendah hati\ntidak suka berbangga diri;Pantun Kiasan;Pantun Kiasan
3250;ke pasar besar beli kepiting\njuga beli sayur dan ikan teri\nrendah hati itu sangatlah penting\ntapi jangan sampai merendahkan diri;Pantun Kiasan;Pantun Kiasan
3773;mainan baru membuncah hati\nmainan rusak adik tangisi\nberilmu itu harus rendah hati\nsemakin merunduk tanda kau berisi;Pantun Kiasan;Pantun Kiasan
3978;Melihat ikan di tepi kolam\nPohon pinang jadi tambatan\nAir beriak tanda tak dalam\nAir tenang menghanyutkan;Pantun Kiasan;Pantun Kiasan
4177;Menyapu taman membuat penat\nAdik pingsan sudah siuman\nPunya teman sudah berkhianat\nBagai pagar makan tanaman;Pantun Kiasan;Pantun Kiasan
4199;meskipun benang telah terputus\nmenjahit haruslah dilakoni\nkata bapakku aku pun harus\ntetap belajar dan rendah hati;Pantun Kiasan;Pantun Kiasan
4320;Obat Tabib sangat manjur\nBadan sakit ditutup selimut\nKusangka teman yang jujur\nRupanya musuh dalam selimut;Pantun Kiasan;Pantun Kiasan
4394;padi tumbuh datang hama\nburung bersarang di pohon nangka\nrendah hati kepada sesama\nniscaya engkau banyak disuka;Pantun Kiasan;Pantun Kiasan
4825;Pergi ke danau memancing ikan\nIkan kecil dilepas kembali\nJika nasihat sudah diberikan\nTerimalah dengan rendah hati;Pantun Kiasan;Pantun Nasihat
4872;Pergi ke desa naik pedati\nPedati tua ditarik sapi\nJika ingin dihormati\nBersikap santun rendah hati;Pantun Kiasan;Pantun Nasihat
4923;Pergi ke kebun memetik delima\nDelima merah disimpan rapi\nJika hidup ingin penuh makna\nJalani hari dengan rendah hati;Pantun Kiasan;Pantun Nasihat
4995;pergi ke kota membeli buku\nrak penuh berjejer rapi\nilmu tumbuh bila terus dipacu\ndengan tekun dan rendah hati;Pantun Kiasan;Pantun Kiasan
5090;Pergi ke pantai melihat bintang\nBintang terang di malam sunyi\nJika hidup ingin jiwa lapang\nBanyak bersyukur dan rendah hati;Pantun Kiasan;Pantun Nasihat
5309;Pergi ke sungai mencuci kaki\nAir dingin menyegarkan rasa\nJika hidup ingin tenang hati\nMaafkan salah dengan lapang dada;Pantun Kiasan;Pantun Nasihat
5312;Pergi ke sungai mencuci muka\nAir dingin menyegarkan rasa\nJika hidup ingin hati terbuka\nMaafkan salah dengan lapang dada;Pantun Kiasan;Pantun Nasihat
5746;Raja sudah mendapat mantu\nPangeran tampan berbaju ungu\nRingan tangan selalu membantu\nMoga berkah naungi hidupmu;Pantun Kiasan;Pantun Kiasan
5924;saya memiliki tanaman yang sama\nsaya menanam bunga di taman\njadilah rendah hati pada sesama\nmaka kau akan mendapat teman;Pantun Kiasan;Pantun Kiasan
6118;siapa membawa pisau belati\nbawalah dengan hatihati\nsiapa yang rendah hati\nitulah insan yang berbudi;Pantun Kiasan;Pantun Kiasan
6166;sore hari duduk menanti\nsenja datang cahaya redup\nallah inginkan rendah hati\nsupaya tenang dalam hidup;Pantun Kiasan;Pantun Kiasan
6353;Tanam sireh buatlah junjung\nTanamlah juga si buah peria\nBumi dipijak langit dijunjung\nDi mana watan mencurah setia;Pantun Kiasan;Pantun Kiasan
6595;wajahmu terlihat pucat\nmungkin perut belum kenyang\nkemarilah untuk mendekat\nkarena tak kenal maka tak sayang;Pantun Kiasan;Pantun Kiasan
